# Blender 4.3.2
# www.blender.org
o moss_rock_01
v -1.383879 -1.832687 1.752637
v 0.653401 0.006801 -5.277382
v 2.194100 -0.398666 -3.255570
v -2.436030 0.283658 3.200328
v 1.007454 -1.366566 2.734957
v 2.380051 -1.427742 -3.273013
v -1.712214 -0.354993 -6.532324
v 1.450948 0.112340 6.353507
v 1.375272 0.178419 6.143045
v -2.582962 -1.123992 -6.625852
v -2.788358 -1.267000 -6.539581
v -2.616654 -1.045546 -1.604667
v -1.105520 2.894476 -3.535383
v 1.393345 -1.247104 -4.069158
v -2.386648 1.220965 1.039163
v -2.496889 1.076224 1.104089
v -2.259109 -0.245020 2.913795
v -1.982468 1.256867 3.932402
v -2.124341 -1.583223 0.435658
v -2.147380 -1.723631 0.262222
v -1.903054 1.578320 4.486010
v -1.421851 -1.856658 0.876121
v -2.298966 -0.321653 1.308598
v -2.510275 -0.378996 0.958370
v -2.937884 1.022829 -3.605759
v -1.453767 -1.776804 1.087710
v -1.897681 -1.936360 -1.962744
v 2.453526 -1.648854 -2.767880
v 2.413096 -1.548196 -2.834622
v 2.323126 -1.672519 -2.804719
v 1.030604 -0.130903 -4.765560
v 1.085844 -0.295346 -4.873352
v 0.972586 -0.280273 -5.066577
v -2.190344 -0.021884 -6.574231
v -2.008362 0.184213 -6.634352
v -2.436811 1.054445 0.649627
v -1.945869 -1.939354 -2.294941
v -1.704897 -1.979806 -2.438689
v -1.712901 -1.992074 -2.714682
v -0.681335 2.920672 -1.484429
v -0.831942 2.989640 -1.614104
v 0.308741 -0.501205 -5.840187
v -2.866207 -0.507674 -1.760211
v -1.325736 2.936341 -3.663005
v -2.339667 1.281087 2.237696
v -2.401208 1.181036 1.915134
v -2.259569 1.270638 1.646238
v -2.668958 0.343526 1.227291
v -2.694911 0.236595 1.077312
v -2.748711 0.330489 1.041543
v 2.489015 -0.626241 -3.127425
v 2.697114 -0.951073 -3.188963
v 0.762035 0.124176 -5.065637
v 0.907336 -0.159909 -5.007680
v -2.109536 1.295416 3.975248
v -2.067064 1.252270 3.716480
v -2.100815 1.329647 3.627505
v -2.314848 1.306208 1.283212
v -1.645875 -1.963806 -1.596092
v -1.426441 -1.825269 -1.772852
v 4.049050 -1.539424 -2.006721
v 3.902309 -1.521367 -2.151674
v 3.880825 -1.684566 -2.143352
v 3.826936 -1.493051 -2.328420
v 3.796193 -1.965488 -2.285037
v -2.396991 0.269619 2.939428
v -2.442545 0.350190 2.668541
v 2.784606 -0.455044 -2.769528
v 2.715957 -0.602085 -2.992208
v 3.067052 -0.765921 -2.871969
v -1.984931 -2.013594 -2.673463
v -1.895056 -2.079309 -2.953315
v -1.715355 -2.036073 -3.321007
v -1.078206 -1.927967 1.418747
v -1.515736 -1.318043 1.467512
v -1.772057 -0.475826 -6.607408
v -1.751135 -0.707729 -6.649018
v -1.581462 -0.729128 -6.597521
v -2.660682 -1.676563 -1.127743
v -2.798166 0.785602 -1.250634
v 0.201840 2.610512 4.280917
v -2.609920 0.205343 1.404728
v -2.699445 0.281270 1.324128
v -3.407457 -1.183223 -4.947074
v -1.537881 -1.742362 1.543053
v -1.501902 -1.706376 1.338375
v -3.011626 -0.174633 -0.979439
v -1.756347 -2.058922 -3.866508
v -1.913603 -2.058922 -3.767978
v -1.572201 -2.023252 -4.219353
v -2.240280 -0.345962 3.527915
v -2.354290 -0.179679 3.547563
v -1.998822 0.495854 5.493457
v -2.003922 0.407475 5.459619
v -2.171903 0.358140 5.288510
v -1.760549 0.368637 5.467749
v -1.665449 0.268585 5.441306
v -2.733996 0.561090 -0.423054
v -2.182777 -0.218249 2.785767
v -2.252209 -0.105719 2.680987
v -2.204887 -0.439344 2.606927
v -0.927663 2.880558 -2.907363
v -0.726040 2.810498 -2.911499
v -0.888519 2.784613 -3.227712
v -1.053101 2.952320 -3.178629
v -2.476444 0.242790 2.140718
v -2.623904 0.324352 1.944365
v -2.775873 0.405367 0.040962
v -2.707104 0.608648 -0.150085
v -2.627444 0.757528 -0.096323
v -1.578206 2.095220 5.150367
v -1.531014 1.983591 4.845350
v -2.159936 -2.121411 -3.792270
v -2.071341 -2.139325 -4.200718
v -0.131937 0.218623 -5.721580
v 0.160520 -0.072437 -5.688648
v -0.066056 -0.011145 -5.783748
v 0.042020 -0.186496 -5.909307
v -2.757997 1.201459 -2.211940
v 0.571639 -1.451034 3.095991
v 0.439615 -1.586929 3.002992
v 0.748581 -1.633586 2.904411
v 0.846115 -1.310004 2.938962
v -0.636245 0.695103 -5.791747
v -0.714880 0.431647 -5.935604
v -0.492858 0.338597 -5.886401
v 1.921635 -0.966883 6.304442
v 1.985690 -1.120440 6.189801
v 2.193752 -1.059111 6.146641
v 2.165839 -0.752156 6.100424
v 2.266589 -1.203658 6.028950
v -2.447248 -1.707446 -3.795982
v -2.450164 -1.891390 -3.829688
v -2.498163 -1.662813 -3.965275
v -2.489161 -1.518330 0.146512
v -3.424148 -1.116390 -6.170785
v -3.308916 -1.124562 -6.433177
v -3.320121 -0.782849 -6.442313
v -1.989436 0.004466 -6.609616
v -1.805899 0.226210 -6.556614
v -1.649260 0.139038 -6.529963
v -2.025019 -0.214004 -6.688025
v -1.782160 -0.127054 -6.518567
v 0.916696 -1.541991 2.818123
v 1.038035 -1.677586 2.624585
v 0.934376 -1.669103 2.650128
v 1.055252 -1.555224 2.644484
v 0.962664 -1.714859 2.258334
v 1.259246 -1.727443 2.428734
v 0.293186 1.976216 -1.752143
v -1.075912 -1.944837 1.772115
v -0.054807 -1.823656 0.631953
v -1.412524 3.084456 -2.888238
v -1.112936 2.936029 -2.943023
v -1.477310 3.046688 -3.274580
v -1.218900 3.051585 -3.286139
v -0.856113 -0.157510 -6.052666
v -1.192774 -0.219909 -6.242805
v -2.659306 -1.473191 -1.250158
v -2.552912 -1.499077 -1.459913
v -2.522138 -1.361626 -1.561563
v -1.610582 -1.933371 -2.778381
v -1.363652 -1.946298 -2.901993
v -1.627373 -1.964986 -3.079359
v -1.458439 -1.921793 -2.963283
v -3.365655 0.014767 -4.018125
v -2.616206 -1.786351 -0.123277
v -2.626044 -1.929575 -0.276450
v -2.482350 0.327273 2.434840
v -2.349540 0.182368 2.254607
v 0.795767 0.425073 -4.501042
v 0.627237 0.516125 -4.608027
v 0.769781 0.278128 -4.745580
v -2.351652 1.199735 5.588899
v -2.591689 1.110149 5.321182
v -2.214160 1.540109 5.325101
v -2.177701 1.340792 3.314904
v -2.185765 1.411789 3.050343
v -2.371265 0.097126 -6.301612
v -2.545355 -0.176168 -6.442787
v -2.357566 -0.080829 -6.502853
v -1.715749 1.782550 4.654591
v -0.158490 2.312947 0.830178
v -0.248924 2.436927 0.537397
v -0.765466 2.694215 -3.162351
v -0.856490 2.722378 -3.395740
v -0.726550 2.553132 -3.235401
v -0.853506 2.582249 -3.312007
v 1.652866 0.928440 4.243719
v 1.586264 1.083599 4.189048
v 1.877059 0.952274 4.020600
v -0.664567 2.844956 -1.183116
v -0.511989 2.543210 -1.338457
v -0.535179 2.686170 -1.460519
v -2.737345 -0.466642 -2.178171
v -2.695358 -0.543961 -2.411899
v -2.334640 1.317680 2.688677
v -0.916490 2.332258 5.037557
v -0.680418 2.479846 5.381652
v -0.918723 2.490164 5.034991
v -3.152284 -0.762694 -0.492851
v -1.707979 2.231184 -0.622436
v -1.689285 2.320212 -0.869692
v -1.169642 3.164390 -2.507510
v -1.018228 3.130924 -2.458121
v -1.114468 3.023934 -2.720234
v -1.766963 2.289418 -1.191632
v 2.894375 -1.779182 -2.089362
v 3.186601 -2.142151 -2.011623
v 3.286785 -2.141745 -1.933805
v 3.050505 -2.022451 -1.821993
v 2.959639 -1.884379 -2.121092
v 3.029283 -2.041673 -2.195705
v 2.970122 -1.992670 -2.347598
v 2.634832 -1.610142 4.636798
v 2.622626 -1.620570 4.376382
v 0.113274 2.505183 3.861882
v 0.297161 2.349434 4.032315
v -2.806376 -1.280354 -0.116807
v -2.977988 -1.222357 -0.515976
v -0.357099 2.650695 4.649353
v 0.133791 2.443881 4.547601
v -0.460553 2.612821 4.445367
v -0.971020 3.037204 -1.488801
v -2.901108 0.945368 -3.022630
v 1.717511 -1.283185 -3.823421
v 1.593946 -1.259788 -4.022334
v 1.818972 -1.121410 -3.929422
v 1.713842 -1.127609 -4.200537
v 1.922940 -1.006391 -4.033027
v -0.424846 -1.052178 -5.865575
v -0.260613 -0.861159 -5.898116
v -0.248198 -1.076118 -5.876354
v -0.346330 -0.905422 -6.031570
v -2.504049 0.875599 0.571908
v -2.682110 0.686800 0.480239
v -2.585083 -1.516089 -6.153702
v -1.494523 -1.954464 -2.341835
v -2.738407 0.116880 -6.159579
v -2.340061 0.584455 -6.036334
v -2.349069 0.456220 -6.165996
v -1.123244 3.037673 -1.965727
v -0.917341 3.077861 -1.847634
v -0.989767 3.152417 -2.105209
v -2.039678 -1.044460 1.045287
v -2.276285 -0.992536 0.757177
v -0.627260 2.359656 1.403533
v -0.898981 2.527806 1.258245
v -0.688855 2.392295 1.190343
v -0.314382 2.194016 1.375685
v -0.763616 2.520983 1.152845
v -0.403883 2.186362 1.253659
v -0.647584 2.653484 1.103053
v -0.489365 2.342543 1.084531
v -0.401730 2.417685 1.073098
v 3.752862 -1.554623 -2.508444
v 3.704312 -1.936597 -2.443915
v 3.696391 -1.617064 -2.504041
v 3.654405 -2.088804 -2.511482
v 3.661640 -1.791334 -2.558291
v 3.657698 -1.544342 -2.656919
v 3.544218 -1.972868 -2.709473
v 3.596555 -1.738440 -2.729046
v 3.579126 -1.557596 -2.849024
v 3.611406 -1.867751 -2.796983
v -0.298171 -1.165267 -5.679403
v 0.145774 -1.213416 -5.609967
v -0.476703 -1.238426 -5.662188
v 1.960231 -1.687892 -3.142562
v 2.097919 -1.569600 -3.246197
v 1.763888 -1.480246 -3.505645
v 1.966049 -1.360256 -3.634454
v -0.699693 3.060036 -1.901174
v -0.480529 2.864794 -1.873523
v -0.488524 2.952557 -1.989145
v -0.830771 2.979033 -2.477835
v -0.739184 2.856871 -2.678279
v -0.887452 2.916291 -2.664096
v -0.552283 2.717232 -2.604644
v -0.605021 2.697241 -2.894265
v -1.692508 -0.767418 3.074665
v -1.829038 -0.663239 3.029251
v -1.442400 -0.774673 3.060469
v -1.786658 -0.762194 2.878734
v -1.482477 -0.748787 2.654348
v 3.236714 -2.061527 -2.411590
v 2.923408 -1.859031 -2.633243
v 2.852347 -1.808847 -2.581408
v 3.157870 -2.074190 -2.722228
v 3.258952 -2.112206 -2.621335
v 3.048440 -1.960326 -2.857062
v 1.181406 -1.616853 -3.606648
v 0.889345 -1.464867 -3.862407
v 1.313970 -1.338061 -3.865143
v 1.035231 -1.332146 -3.939274
v 2.573339 -1.021532 -3.365317
v 2.931623 -1.214375 -3.220484
v 2.271295 -0.950493 -3.643221
v -0.930946 2.760304 -0.409661
v -0.561429 2.610639 -0.676542
v -0.613238 2.813730 -0.528016
v -0.368923 2.482767 -0.524248
v -0.789791 2.942155 -0.900742
v -0.420625 2.431861 -0.915952
v -0.878566 2.657428 -3.439260
v -1.103114 2.723959 -3.608856
v -0.762868 2.548166 -3.615450
v -0.927377 2.733918 -3.701873
v -0.932984 2.693076 -3.817752
v -1.128624 2.758275 -3.830328
v -1.418365 2.725942 -4.028045
v -0.800496 2.562153 -3.864307
v -2.582208 0.980031 3.895481
v -2.631589 0.932810 3.675874
v -2.752208 0.868171 3.394612
v -2.865042 -0.290053 -2.576322
v -2.662251 -0.613751 -2.669023
v -2.738798 -0.531029 -2.843009
v -2.840887 -0.461507 -3.128078
v -1.161411 3.128572 -2.275850
v -1.616972 2.411828 -1.448023
v -1.909216 2.205409 -1.495988
v -1.660285 2.404932 -1.624222
v -1.876863 2.189430 -2.051993
v 2.637254 -0.173574 -2.639615
v -1.565720 -1.817899 -1.924440
v -1.318035 -1.850843 -1.836901
v -1.636836 -1.888548 -2.093519
v -1.369977 -1.954142 -2.074413
v -1.659133 -1.905419 -5.140214
v -1.274507 -1.872537 -5.104724
v -1.640523 -1.802642 -5.415051
v -2.911780 -0.452983 -1.083226
v -2.735642 -0.731695 -1.211916
v -2.915864 -0.322523 -1.409310
v -2.780373 -0.607999 -1.519784
v -2.747006 -0.720819 -1.329082
v -2.780399 -0.501284 -1.589486
v -3.061883 -0.649827 -3.920782
v -3.192671 -0.620004 -4.163700
v -3.221264 -0.702004 -4.234707
v -3.344039 -0.499481 -4.353925
v -3.175685 -0.837029 -4.359442
v -1.532076 2.208546 0.071441
v -1.488331 2.172180 0.250088
v -1.528393 2.228237 -0.239294
v -1.884303 -0.842649 2.312398
v -1.556558 -0.936464 2.108289
v -2.022787 1.765522 5.271725
v -1.744006 1.940989 5.608624
v -1.828507 1.876449 5.122285
v -1.516420 2.212268 5.490019
v 2.373849 -1.370457 -3.498273
v 2.355905 -1.207891 -3.644371
v -1.601286 -0.776096 3.544157
v -1.602235 -0.800473 3.291767
v 3.091196 -0.762916 4.532717
v 3.063888 -0.506098 4.361543
v 3.127626 -0.647608 4.297903
v 3.101481 -0.346110 4.201328
v 3.270078 -0.597503 3.990901
v 3.196521 -0.790230 4.093661
v 3.250908 -0.308542 3.835848
v 3.255702 -0.690390 3.824530
v 3.471636 -2.266264 -1.910642
v 3.393479 -2.133521 -2.100956
v 3.398756 -2.161710 -2.333359
v 3.713267 -2.222865 -2.336142
v 0.792338 -1.365385 -4.085853
v 0.499669 -1.423688 -4.186326
v 0.711478 -1.363419 -4.243298
v 0.744247 -1.439973 -4.402291
v -3.183928 0.021837 -1.406708
v -3.289841 0.102825 -1.756151
v -3.212567 0.107812 -2.041218
v -0.914276 2.352465 2.867775
v -0.862112 2.377649 2.638890
v -0.710463 2.412544 2.420820
v -0.941478 2.356050 2.454527
v -2.523994 0.418056 4.635885
v -2.653278 0.432159 4.510023
v -2.293974 0.205527 4.521245
v -2.759257 0.413517 4.258282
v -2.431721 0.269714 4.340713
v -2.507398 0.306876 4.195601
v -2.185354 -1.976005 -2.654429
v -2.134793 -2.022272 -2.841905
v -2.222517 -1.774410 -2.691934
v -2.196020 -1.940430 -3.197747
v -2.160869 -2.139826 -3.297016
v -0.705760 2.311507 2.811198
v -0.595601 2.342253 2.694711
v -0.452740 2.227283 2.684390
v -0.174072 2.107219 2.779461
v -0.203451 2.025957 2.460498
v -0.532082 2.295618 2.341787
v -0.391160 2.130368 2.254229
v -2.546140 0.958411 -1.127396
v -2.860677 0.780562 -1.557674
v -2.676878 1.056517 -1.637337
v 1.445670 -1.495054 -3.635015
v -0.614344 2.803661 0.560717
v -0.681588 2.846775 0.170133
v -0.406633 2.567988 0.290098
v -0.479536 2.696208 0.296620
v -0.500849 2.728087 0.028222
v -0.711367 2.810873 -0.031494
v -0.425591 2.492926 -0.152355
v -0.700344 2.280856 2.026222
v -0.331462 2.146558 2.239533
v -0.471801 2.191670 1.919851
v -0.378369 2.170867 1.910727
v -3.560775 -0.268717 -4.695218
v -2.169004 -1.756454 -2.483382
v -1.264859 2.759461 -4.096945
v -0.990370 2.737867 -4.019724
v -1.079893 2.719130 -4.204782
v -1.165387 2.656188 -4.353520
v -1.344757 2.603759 -4.376840
v -0.891021 2.603374 -4.223559
v -0.911017 2.484217 -4.272279
v -0.911115 2.522745 -4.352211
v -2.748986 0.923721 5.027410
v -2.722433 0.676498 4.859429
v -2.445462 0.416670 4.828757
v -0.688308 2.986740 -2.244946
v -0.810243 3.030239 -2.324044
v -0.403027 2.622754 -2.426701
v -0.559347 2.794899 -2.422297
v 0.343186 1.377432 5.103838
v 0.354966 1.255760 5.121125
v 0.581276 1.045451 5.043711
v 0.529514 1.341008 4.840876
v 0.574703 1.080056 4.902092
v 0.671986 1.186413 4.717728
v 3.415720 -2.057689 -2.643642
v -2.896131 -0.608426 -6.487304
v -2.833522 -0.450505 -6.516603
v -3.054577 -0.922683 -6.790774
v -2.219865 1.197184 -5.739143
v -2.213201 1.362001 -5.524323
v -2.046835 1.315966 -5.788317
v -2.294114 0.896155 -5.931887
v -2.090626 1.096125 -6.158250
v 0.898923 0.268143 -4.501275
v 1.063447 -0.046752 -4.571377
v 0.970877 0.013175 -4.757399
v -1.466974 2.414279 -4.779669
v -1.265991 2.229913 -5.026123
v -1.552426 2.262853 -5.042674
v -1.365813 2.163671 -5.186557
v -1.698023 2.143960 -5.243345
v 0.414532 -1.580287 2.739672
v 0.612459 -1.626168 2.561786
v 0.446021 -1.627650 2.503896
v 0.818413 -1.662687 2.564926
v 0.792282 -1.698273 2.407423
v -0.182781 -1.988099 -1.444328
v -0.451542 -1.991030 -1.712741
v -1.991355 -0.518972 3.614967
v -1.930952 -0.574459 3.359685
v -2.053015 -0.503451 3.214570
v -1.844804 -2.086205 -1.387259
v -1.551186 -2.039168 -1.357941
v -1.329473 -2.098694 -1.260428
v -2.577573 -0.913515 -2.671565
v -2.596126 -0.849455 -3.036248
v -1.199364 0.036714 5.507504
v -2.282330 -1.732519 -3.097046
v -2.371559 -1.678603 -3.431730
v -2.315540 -1.950309 -3.438675
v -2.678711 0.382212 3.752789
v -2.561210 0.352441 3.454924
v -2.492755 0.144626 3.484290
v 1.601103 -1.212920 3.266159
v 1.061079 -1.222394 2.869102
v 1.180004 -1.220538 2.900657
v 1.228427 -1.327417 2.791514
v 1.376528 -1.161313 2.921310
v 1.391340 -1.348267 2.804407
v -2.846738 1.050470 -2.382998
v -2.806703 1.193535 -2.508921
v -2.671832 1.351968 -2.491599
v 1.120842 -1.437506 2.614367
v 1.275231 -1.558324 2.610743
v 1.317688 -1.490837 2.591483
v 1.459832 -1.684555 2.465146
v -0.574720 0.834531 -5.690016
v -0.183156 0.677315 -5.588716
v -0.416355 0.577691 -5.724674
v -0.315655 0.429686 -5.717858
v -3.312455 0.269097 -1.357194
v -3.129019 0.007982 -1.106326
v -2.439704 -1.063086 -2.108422
v -2.435286 -1.143862 -2.494276
v -2.536548 -0.943090 -2.238743
v -2.503957 -0.907552 -2.435846
v -2.083272 1.592649 5.465070
v -2.055148 1.550162 5.027910
v -1.162156 -1.541754 2.559997
v -0.909474 -1.655533 2.584965
v -1.027752 -1.694372 2.386911
v -0.811348 -1.805062 2.333520
v -1.190612 -1.739410 2.091713
v -0.991817 -1.738308 2.153903
v -0.643677 2.353884 1.873647
v -0.661432 2.330750 1.582881
v -0.859144 2.318551 1.646223
v -0.540055 2.217867 1.556016
v -0.907389 2.393476 1.423921
v -0.373005 2.213444 1.635401
v 0.800828 -1.422950 -5.091688
v 0.795640 -1.201981 -5.415001
v 0.500946 -0.953276 -5.692287
v 0.205633 -0.984976 -5.830267
v -2.618388 0.944725 4.608709
v -2.405333 0.628423 5.302915
v -1.199765 -1.994594 1.110527
v -1.124078 -1.974249 1.169060
v -1.002830 -2.128987 0.770033
v -1.141084 -2.145947 0.681325
v -2.789407 1.424458 -3.339450
v -2.589011 1.849563 -3.447200
v -2.706938 -2.039390 -0.747734
v -2.642653 -1.890530 -0.894231
v -2.465469 -2.091429 -1.216280
v -1.399327 -1.631345 1.753278
v -1.116574 -1.778444 1.872045
v -0.937835 -1.932079 1.889775
v -0.966313 -1.899757 1.792077
v -0.444744 -1.897595 -2.196616
v -0.282153 -1.849409 -2.372943
v -2.999357 -0.218196 -1.506580
v -2.323620 0.263113 4.400218
v -1.928159 0.008388 4.600662
v -2.263335 0.163647 4.312306
v -2.126406 0.052303 4.378547
v -2.179000 0.024583 4.181956
v -2.398036 0.169478 4.128901
v -2.082966 -0.137171 4.147109
v -0.727243 2.883294 -0.422049
v -0.526567 2.666648 -0.245332
v 0.889467 -0.818762 5.059147
v 2.717810 -1.272351 -3.497473
v -0.515433 2.571695 3.406436
v -0.492174 2.445863 3.162664
v -0.683338 2.470726 3.098871
v -0.255852 2.350821 3.257171
v -0.179737 2.196695 3.150568
v -0.392093 2.318387 2.925281
v -0.276141 2.331398 3.038851
v -0.181138 2.187263 3.016679
v -2.199516 -0.227047 2.341044
v -2.163486 -0.087356 2.230599
v -2.151993 -0.243148 2.007080
v -0.135208 -0.697254 -5.877427
v 0.223499 -0.808018 -5.842916
v -3.571835 -0.552533 -5.366144
v -3.451355 -0.695240 -5.465909
v -3.524759 -1.012786 -5.511575
v -3.577647 -0.493761 -5.622266
v -3.496044 -0.771556 -5.611840
v -3.539041 -0.640411 -5.895518
v -3.485245 -1.131183 -5.692675
v -3.531521 -0.881134 -5.912465
v -3.221383 -0.331200 0.087871
v -3.202989 -0.137672 0.272257
v -3.332126 -0.358514 -0.018316
v -3.367128 -0.199844 -0.139623
v -3.315967 -0.520342 -0.131030
v -2.301308 -1.594436 -2.599401
v -2.197601 -1.751446 -2.991994
v -2.306925 -1.503974 -2.933696
v -0.393592 0.046262 -5.902947
v -0.442467 -0.137883 -5.925095
v -0.237939 -0.058176 -5.887529
v -0.346365 -0.073285 -5.998986
v -0.249632 -0.226937 -5.999995
v 0.014415 -0.373687 -5.946976
v -2.644191 0.330078 3.977206
v -2.536238 0.164122 3.796931
v -1.515027 2.077358 1.393157
v -1.416162 2.259895 1.433637
v -1.202790 2.336164 1.353163
v -1.289016 2.330529 1.162505
v -1.399291 2.204613 1.087633
v -1.433281 2.171200 0.954474
v 2.450406 -0.065040 -2.856062
v 2.569545 -0.296363 -2.866685
v 2.498090 -0.422216 -2.980590
v 2.273779 -0.300323 -3.146473
v -3.165434 -0.332613 -6.283176
v -3.258478 -0.526774 -6.265175
v -3.087796 -0.450979 -6.239108
v -3.005572 -0.320661 -6.325258
v -2.058078 -0.745376 2.022917
v -1.801819 -0.967384 1.954730
v -1.945687 -0.943865 1.661355
v -2.037298 -0.797685 1.646665
v -1.854057 -1.038249 1.706393
v -2.320393 1.043991 0.598453
v -2.349641 1.068342 0.401584
v -2.372636 0.956587 0.213995
v -2.690079 0.668427 0.172641
v -2.515738 -0.578771 -6.736285
v -2.405567 -0.409921 -6.695978
v -2.327898 -0.074920 1.574048
v -2.277334 -0.245104 1.518602
v -2.138014 -0.489459 1.398790
v -2.319764 -2.084507 -3.627209
v -2.364887 -1.999228 -3.895201
v -2.299219 -2.015761 -4.009491
v 1.113419 -1.225077 -4.377650
v 0.949647 -1.211523 -4.376606
v 0.774391 -1.257178 -4.410002
v 0.849195 -1.172938 -4.487963
v -1.757220 0.274116 -6.433712
v -1.603137 0.125868 -6.415591
v -1.650909 -0.248589 -6.536808
v -1.551613 -0.034547 -6.464036
v 2.680047 -1.532776 4.073325
v 2.676579 -1.604216 3.991555
v 2.612242 -1.583239 3.728025
v 2.532259 -1.692100 3.241235
v -1.115835 2.349740 1.681985
v -0.914207 2.413351 1.897649
v -0.999501 2.363357 1.618241
v -1.124153 2.282422 1.386931
v -2.369916 -0.982056 0.539048
v -2.304416 -1.240677 0.559502
v -2.589261 -1.083905 0.337757
v -2.490212 -1.315201 0.222200
v 0.530734 0.304661 -5.248141
v 0.136531 0.727636 -5.311219
v 0.171738 0.470370 -5.459119
v -2.846968 1.169912 -3.214017
v -2.943367 1.012544 -3.283051
v -2.710649 1.454735 -3.540024
v -2.493108 -1.021917 -2.913377
v -2.554741 -1.049389 -3.045611
v -2.428876 -1.325229 -3.053309
v 0.554697 0.470918 -4.964841
v 0.393366 0.178082 -5.415824
v 0.478193 -0.059626 -5.497758
v -2.390746 1.253694 2.902889
v -2.098863 1.413387 2.858202
v -2.064388 1.484954 2.823096
v -2.708290 0.727784 -0.813382
v -2.577738 0.896882 -0.817029
v -2.241269 1.393664 4.785858
v -2.305381 1.267865 4.390827
v -2.610666 1.213611 -4.675346
v -2.477725 1.223043 -4.843780
v -2.414267 1.414241 -4.845261
v -2.293478 1.633470 -4.974652
v -2.336368 1.389858 -5.042325
v 1.765369 -0.817107 -4.148856
v 1.407557 -1.046242 -4.561698
v 1.786625 -0.982984 -4.237593
v 1.675547 -0.974902 -4.453179
v -2.062326 1.463170 4.603561
v -1.984495 1.298843 4.320219
v 0.825214 -0.903667 -5.421499
v 1.021740 -1.052911 -5.318884
v 0.861074 -0.714440 -5.471043
v -0.839126 0.120037 -6.015596
v -0.684222 0.264974 -5.993456
v -0.904948 0.055667 -6.067806
v -0.534240 -0.111133 -5.964928
v -1.461227 -0.249891 -6.335430
v -1.492128 -0.498158 -6.395975
v -1.395233 -0.460938 -6.379792
v -1.282994 -0.680041 -6.316781
v -1.150844 -0.500615 -6.333634
v -1.536471 -0.635603 -6.524138
v 2.644633 -1.450517 -2.808785
v 2.909445 -1.565889 -2.735278
v 2.858984 -1.406834 -3.075722
v 2.907138 -1.444934 -2.810233
v 3.024636 -1.401599 -2.839662
v 2.854722 -1.238848 -3.283281
v -2.417169 -1.779809 -1.590133
v -2.321025 -1.918161 -1.822127
v -0.773308 2.522681 2.354437
v -0.997931 2.352112 2.143627
v -1.150459 2.289123 2.065212
v -0.812280 2.483742 2.092978
v -1.823619 2.521184 -4.266182
v -1.725439 2.429631 -4.624139
v -1.704662 2.508379 -4.582762
v -1.890391 2.337831 -4.809345
v 1.912181 -1.650704 -2.807967
v 2.133930 -1.717194 -2.803213
v 1.839768 -1.744018 -3.072031
v 2.194056 -1.596102 -2.962172
v -2.439906 -1.942238 -1.368249
v -2.259466 -2.253806 -1.497086
v -2.292282 -2.149479 -1.597098
v -2.153291 -2.101425 -1.747255
v -2.836447 1.131458 -3.552577
v -2.102742 -0.571175 2.162577
v -2.064913 -0.475552 2.006896
v -2.027112 -0.584133 1.781314
v -0.193086 2.522043 5.189253
v -0.398901 2.650879 5.184070
v -0.029614 2.304390 5.179337
v -0.312110 2.619907 5.077417
v -0.039391 2.415439 4.997513
v -0.196897 2.661023 4.983408
v -0.285875 2.726579 4.966212
v -0.438696 2.612579 4.817465
v 0.064437 2.267376 4.968141
v -0.003541 2.406023 4.862908
v 0.139890 2.314254 4.705806
v 0.801445 -0.215402 -5.218606
v 1.058021 -0.387168 -5.081411
v 1.035941 -0.480292 -5.145398
v 0.733373 -0.259502 -5.331244
v 0.707754 -0.425579 -5.475742
v -2.248893 -0.451802 -6.716636
v -1.910689 -0.523706 -6.712769
v -2.122037 -0.687068 -6.872773
v -2.366696 1.030300 0.118334
v -2.075152 1.546166 0.064968
v -2.226063 1.252365 0.035771
v -2.362561 1.005996 -0.104872
v -2.334147 1.142455 -0.356543
v -2.241141 1.261781 -0.257360
v -2.027778 -0.717725 1.479330
v -1.627450 2.842663 -3.574044
v -1.549474 2.868986 -3.699243
v -1.653554 2.734087 -3.911020
v -2.160585 -0.470001 2.828274
v -1.991449 -0.651177 2.739250
v -2.690567 1.561081 -3.111846
v -2.600896 1.695579 -3.632632
v -1.529405 1.993861 0.611866
v -1.635673 1.981346 0.323935
v -1.427556 2.229855 0.399523
v 2.375417 0.399177 3.823833
v 2.315160 0.590871 3.889240
v 0.582329 0.580237 -4.727748
v -3.052368 -0.284480 -1.693925
v -3.047165 -0.308652 -1.922999
v -1.738245 -1.514972 1.101221
v -1.623471 -1.472559 1.192435
v -1.559713 -1.590603 1.055855
v -1.879592 -1.434026 0.837536
v -1.618492 -1.680285 0.860230
v -3.037461 0.649190 -3.550686
v -3.012528 0.737368 -3.959251
v -3.049917 0.642879 -3.802534
v -2.968239 0.970553 -3.946253
v -3.125275 0.519415 -4.221366
v -3.057268 0.808798 -4.229488
v -1.320430 -1.983560 1.552047
v -1.352016 -2.024892 1.273858
v -1.185243 -1.993487 1.369637
v -1.247882 -1.909035 1.189060
v -0.877283 2.304675 3.410544
v -0.751493 2.486020 3.332807
v -0.694583 2.388505 3.373794
v -0.589674 2.590305 3.359521
v -0.878641 2.315003 3.183947
v -1.026695 2.236060 2.762608
v -2.679471 -0.693495 -2.216875
v -2.592627 -0.853467 -2.014955
v -2.530199 -0.755203 -2.303377
v -2.523575 -0.795866 -2.509154
v -1.811878 2.441035 -2.187794
v -1.584038 2.582534 -2.009054
v -1.778017 2.434444 -2.302999
v -1.673078 2.587057 -2.441237
v -3.629936 -0.423122 -5.378700
v -3.458418 -0.198347 -5.410203
v -3.429473 -0.408324 -5.802068
v -3.320904 -0.151289 -5.734336
v -3.339311 -0.409415 -6.059097
v -2.109997 -2.066366 -2.157820
v -2.197755 -1.946819 -2.126048
v -2.073022 -1.985563 -2.496074
v 0.054730 1.972299 -2.403830
v -0.083980 2.168084 -2.421964
v -2.191561 1.471062 -0.378058
v -1.908939 1.886656 -0.506017
v -1.974841 1.841560 -0.834847
v -2.179239 1.533793 -0.893539
v -3.149167 0.686663 -2.197320
v -3.019840 0.933623 -2.470585
v -3.166688 0.659359 -2.492358
v -2.975224 0.945263 -2.733407
v -2.690572 -0.369037 0.761625
v -2.702349 -0.276746 0.542831
v -2.702326 -0.580812 0.439865
v -2.718458 -0.790388 0.257921
v -2.954194 -1.038576 -6.862772
v -2.816011 -0.862983 -6.888234
v -2.581620 -0.858950 -6.932324
v -2.477848 1.035624 -0.406681
v -2.237721 1.409707 -0.626746
v -1.368949 0.047980 -6.277736
v -1.402297 -0.102719 -6.350176
v -1.235708 -0.232119 -6.363689
v -1.238012 -0.382307 -6.252892
v -3.147824 0.117033 -5.526187
v -3.150543 0.104153 -5.757696
v -3.220300 -0.208759 -6.016186
v -2.503386 0.939896 -0.207403
v 4.328615 -1.349000 0.097245
v 4.269156 -1.614481 0.049432
v 4.383696 -1.421479 -0.051257
v 2.293352 -0.773550 -3.452115
v 2.448231 -1.005548 -3.460903
v 2.090627 -0.774673 -3.647461
v -3.046725 0.563214 -3.277908
v -3.006361 0.874956 -3.395138
v 3.026974 -0.912139 -2.990480
v 3.042957 -1.289348 -3.155519
v -2.394597 1.260252 -0.903102
v -2.363477 1.342020 -1.117975
v -2.454481 1.203410 -1.251841
v -2.631562 0.626188 -0.370418
v -2.564658 0.788759 -0.353856
v -2.456707 1.024675 -0.631402
v -1.964811 1.614596 0.038565
v -1.890972 1.769597 0.027862
v -1.710111 1.995248 -0.086595
v -1.901173 1.751625 -0.172864
v -1.790091 1.401003 -5.855619
v -1.931722 1.221045 -6.094945
v -1.617327 1.311359 -5.939584
v -1.648618 1.084369 -6.082101
v -1.781993 0.910020 -6.161890
v 1.007507 -1.080431 3.067153
v 1.286377 -0.972814 3.154398
v 1.499388 -1.112927 3.202114
v 1.239408 -1.076266 3.058925
v -2.711732 1.342895 -3.741559
v -2.760414 1.224155 -4.048580
v -2.853246 1.035055 -3.897359
v -2.664535 1.382425 -4.108987
v -3.025597 0.362996 -0.680735
v -2.850238 0.628676 -0.770050
v -3.118199 0.418056 -1.073145
v -2.900186 0.591467 -1.006693
v -3.285765 0.179015 -0.951254
v -1.106396 2.605514 0.256778
v -0.967627 2.674440 0.292763
v -0.877581 2.819888 0.224199
v -1.021341 2.645154 0.081625
v -0.880505 2.798552 -0.119169
v -0.153982 0.460211 -5.647956
v -0.005694 -1.914845 -0.010206
v 0.083951 -1.922632 -0.509453
v -3.108096 0.475589 -4.542254
v -0.484159 2.690082 3.672840
v -0.552358 2.439785 3.526419
v -0.023463 2.447397 3.660447
v -0.213702 2.535038 3.490806
v -0.451454 2.720849 3.508693
v -2.048861 -0.707028 2.261850
v -0.995791 2.991764 -0.919128
v -1.130433 2.839568 -1.009656
v -0.998358 2.992713 -1.269738
v -1.416139 2.654470 -1.473505
v -1.261512 2.800445 -1.441093
v -1.860191 1.692938 0.700397
v -1.874744 1.678282 0.477566
v -1.708031 1.827278 0.594199
v -1.765224 1.918952 0.338217
v -2.123992 1.403512 0.299994
v 3.685018 -1.101977 2.238012
v 3.698604 -0.824688 2.249860
v 3.779143 -1.089667 2.027342
v 3.779885 -0.782976 2.048541
v -2.552607 0.986152 -5.267389
v -2.644121 0.829338 -5.299727
v -2.427017 1.051345 -5.399490
v -2.543442 0.843646 -5.611267
v -2.698024 0.702067 -5.497950
v -3.032573 0.290027 -0.317688
v -2.898827 0.456731 -0.223287
v -3.021009 0.362579 -0.440089
v -2.634138 1.597705 -3.735145
v -2.480439 1.788666 -4.061083
v -2.491693 1.820540 -3.923978
v -1.737744 -1.153394 1.513093
v -2.016767 -0.967758 1.424189
v -1.342970 2.302830 0.762592
v -1.489466 2.230124 0.602943
v -1.446139 2.089220 0.771781
v 0.023573 1.927445 -2.644785
v -0.106207 2.118348 -2.671417
v -0.058230 2.019288 -3.147637
v 0.096221 1.851334 -3.172188
v 0.000530 1.902598 -3.260463
v -0.147721 1.947721 -3.537268
v 0.138527 1.706234 -3.367900
v -2.058886 1.810845 -1.109268
v -2.060387 1.729973 -1.109536
v -2.286157 1.551075 -1.468460
v -3.273294 0.091537 -0.712275
v -3.174478 0.238282 -0.728845
v -3.154381 -0.105460 -0.696380
v 0.583276 -1.134263 3.313903
v 0.774312 -1.132976 3.080411
v 0.673899 -1.273058 3.138780
v 0.936602 -1.030479 3.245959
v 0.921601 -1.408573 2.898749
v -3.454126 -1.128052 -5.158766
v -2.240935 0.030082 2.058397
v -2.333385 0.062984 1.817751
v -2.166764 -0.165972 1.863630
v -2.447303 1.998084 -3.267568
v -2.327007 2.265025 -3.449224
v -2.469398 2.069029 -3.734134
v -2.368807 2.291342 -3.710679
v -3.197092 0.258701 -3.118777
v -3.147807 0.316719 -3.507236
v -3.119555 0.515904 -3.534168
v 4.144898 -1.918140 0.319176
v 4.175341 -1.743523 0.031798
v 4.090884 -2.055854 0.203869
v 4.038417 -2.227762 -0.009399
v -1.265350 -1.487463 2.480249
v -1.430749 -1.350313 2.169328
v -1.466473 -1.270632 2.085030
v -1.372530 -1.154465 2.168273
v -2.073299 1.382287 0.593672
v -2.145791 1.172880 0.558199
v -2.197504 1.247605 0.525855
v -2.297671 0.493430 -6.260220
v -2.147840 0.129148 -6.488173
v -1.837076 2.636008 -4.090460
v -1.585351 2.695549 -4.121791
v -1.758259 2.557213 -4.227587
v -1.378807 2.662457 -4.273635
v -2.628064 0.628835 -5.618976
v -2.369497 0.970221 -5.598682
v -2.513410 0.725712 -5.790775
v -2.401196 0.722275 -5.927321
v -2.303645 0.747243 -6.139140
v -2.188745 0.905997 -6.144434
v -2.851910 0.807543 1.216665
v -2.780463 0.836982 1.091745
v -2.724710 0.895021 0.900031
v -2.866661 0.731427 0.877692
v -2.575130 0.944467 0.782045
v -2.882688 0.881583 -1.859546
v -2.826739 0.977285 -2.062009
v 1.158966 0.808055 1.821570
v 0.951842 0.969092 1.754772
v 1.082528 0.827361 1.529744
v 1.043644 0.891594 1.360945
v 1.136177 0.873042 1.396471
v -3.230093 -1.027204 -6.571865
v -3.298917 -0.810717 -6.604702
v -3.168815 -1.368812 -6.500299
v -3.170928 -1.133255 -6.792370
v -3.246651 -1.003934 -6.765640
v -0.525232 -1.440010 -5.441431
v -0.277255 -1.469116 -5.289236
v -2.835314 1.068474 -2.766823
v -2.830280 1.250689 -2.865874
v -2.738059 1.285832 -2.739281
v -2.784008 1.350271 -2.966804
v -2.602815 1.286586 -2.010028
v -2.499069 1.394139 -1.898735
v -2.182911 1.647198 -5.137779
v -2.264269 1.193899 -5.457949
v -2.016039 1.604111 -5.496628
v -2.038709 1.625072 -5.384801
v -2.624331 1.323964 -2.698537
v -2.541743 1.403955 -2.649381
v -2.594263 1.516585 -2.665755
v -2.616950 1.537599 -2.920905
v -2.522619 1.388872 -2.371295
v -2.477073 1.443437 -2.500595
v -3.048169 0.804602 -2.756749
v -2.976310 0.804607 -2.973136
v -2.895941 1.016472 -4.226539
v -2.625790 1.323315 -4.363486
v -2.779876 1.175711 -4.554452
v -2.675401 0.828009 1.652264
v -2.732198 0.806225 1.444933
v -2.489027 1.109590 1.614990
v -2.677586 0.987792 1.321973
v -2.418870 1.367146 -1.592296
v -2.504157 1.203194 -1.547958
v -1.022450 2.700715 -0.025033
v -1.316761 2.595582 -0.477628
v -1.159549 2.765080 -0.621503
v -3.328712 0.067898 -3.128955
v -3.318870 0.075495 -3.506288
v -0.259472 -0.335993 5.282213
v -0.108742 -0.286352 5.422145
v 0.108011 -0.381885 5.251364
v 0.054646 -0.429022 5.115335
v -2.508057 1.556310 -2.701665
v -2.480447 1.692890 -2.740688
v -2.454081 1.826714 -2.887980
v -2.639375 1.721095 -3.172457
v -3.202126 0.148369 -4.003306
v -3.257553 0.181145 -4.267827
v -3.346316 0.006079 -4.190373
v -3.212202 0.272571 -4.719065
v -3.253213 0.164275 -4.573979
v -2.721534 0.803642 2.076158
v -2.567688 1.053190 2.013199
v -2.209158 1.912636 -2.303508
v -2.199339 2.034318 -2.357955
v -1.959338 2.200301 -2.318925
v -2.032728 2.200596 -2.465960
v -2.407086 1.760066 -2.586099
v -2.315247 1.985769 -2.611998
v -2.325069 2.019857 -2.791705
v -2.036316 2.215057 -2.704584
v -2.164981 0.014081 4.040251
v -2.319580 0.114022 3.950366
v -2.130774 -0.188188 3.917204
v -2.284843 -0.086423 3.710321
v -2.358830 -0.017577 3.610745
v -3.218513 0.116395 -2.360367
v -3.343601 0.369855 -2.207236
v -3.225106 0.470876 -2.412512
v -3.274774 0.186812 -2.591144
v -2.215182 2.216502 -3.110861
v -2.066411 2.228263 -2.924943
v -3.274361 -0.228650 -0.408429
v -3.228850 -0.328475 -0.599390
v -2.001134 2.322869 -2.632219
v -1.786685 2.484107 -2.524089
v -1.922467 2.364438 -2.645937
v -1.841436 2.508136 -2.955541
v -2.785896 -1.542871 -0.631878
v -2.891170 -1.374084 -0.550679
v -2.803982 -1.867771 -0.565928
v -2.686066 -1.633180 -0.810051
v -2.758838 -1.349712 -0.883716
v -2.758792 -1.388302 -1.020855
v -3.133196 0.409758 -1.313698
v -3.036204 0.602865 -1.469009
v -3.351574 0.344122 -1.572341
v -3.226580 0.452166 -1.576402
v -0.205164 2.304432 0.268573
v -0.318154 2.391288 -0.001004
v -0.275252 2.334288 -0.306620
v -2.288566 1.645548 -1.674255
v -2.140574 1.859474 -1.645789
v -2.835525 -1.214770 -0.757582
v -2.975583 -0.979615 -0.737081
v -2.878718 -0.961173 -1.039438
v -2.774346 -1.090099 -1.240911
v -3.119334 0.467412 -2.810862
v -3.289255 0.193771 -2.800140
v -2.171236 2.271883 -3.252882
v -2.086424 2.490222 -3.442718
v -1.913420 2.608593 -3.356453
v -2.211013 2.457135 -3.691476
v -2.071095 2.608198 -3.691086
v -1.920205 1.422307 3.174564
v -1.850655 1.513259 3.016332
v -1.696863 1.594088 3.047220
v -2.072796 1.315929 2.606977
v -2.004095 1.485866 2.399204
v -1.821904 1.583977 2.624914
v -2.700004 -0.741997 -6.794207
v -3.258525 0.092107 -3.800652
v -3.165974 0.291313 -3.752506
v -1.653408 2.680677 -2.816211
v -1.538666 2.898050 -2.909930
v -2.528962 1.497295 -4.373503
v -2.381074 1.672235 -4.658240
v -2.946131 0.029296 0.716964
v -2.784962 0.238715 0.789177
v -2.854652 0.119858 0.721478
v -2.786859 0.187086 0.576446
v -2.908119 -0.094489 0.668720
v -2.991511 -0.006874 0.498463
v -2.926153 0.171323 0.434212
v -2.950356 0.111001 0.472825
v -3.115539 0.061287 0.375444
v -2.800234 -0.118208 0.560027
v -2.924123 -0.313218 0.349282
v 0.548593 -0.854669 -5.599298
v 0.789120 -0.760886 -5.621970
v 0.534217 -0.743605 -5.725527
v 0.590081 -0.553751 -5.658619
v -2.704252 -1.117693 -1.433324
v -1.184756 2.845426 -1.604394
v -1.485673 2.686597 -1.743316
v -1.461709 2.708239 -1.935183
v -1.338903 2.817326 -1.845994
v -1.041290 2.923740 -0.743588
v -0.631539 -0.259143 5.588096
v -0.628782 -0.124656 5.711724
v -0.425126 -0.246712 5.615493
v -0.428052 -0.331512 5.328685
v -1.253969 2.345148 0.911802
v -1.120267 2.540332 0.970128
v -1.051560 2.679981 0.995542
v -1.261134 2.465823 0.699659
v -0.974299 2.733971 0.627251
v -1.146463 2.664123 0.616788
v 2.398323 -1.118020 -3.669367
v 1.988894 -0.880117 -3.927854
v -1.289917 2.110045 2.093888
v -1.372949 2.039959 1.841341
v -1.270512 2.186230 1.809091
v -1.309298 2.202278 1.485790
v -1.439498 2.074111 1.618142
v -2.400124 1.520650 -1.738870
v -2.366635 1.611924 -2.002821
v -2.223339 1.765986 -1.947757
v -2.498360 1.450602 -2.070972
v -2.214975 1.818716 -2.174799
v -2.491541 1.520882 -2.367995
v -1.457695 2.872597 -2.525746
v -1.516630 2.768808 -2.326038
v -1.392405 2.940590 -2.337377
v -1.523867 2.831038 -2.607059
v -1.369697 0.086102 5.406462
v -1.897267 2.392016 -2.838177
v -1.775586 2.613243 -3.046382
v -1.890619 1.611222 1.593408
v -1.647026 1.930376 1.504512
v -1.904627 1.602049 1.324560
v -1.745107 1.787211 1.407605
v -1.750691 1.840273 1.201192
v -1.765160 1.710978 1.115258
v -1.639033 1.841913 1.007450
v -2.225583 1.897527 -1.963058
v -1.999538 2.110519 -2.029848
v -2.074709 2.024228 -1.938983
v -0.399055 1.024912 -5.506752
v -0.104758 0.848232 -5.379870
v -0.287221 0.890392 -5.495316
v -3.132867 0.635071 -1.741842
v -3.338801 0.420787 -1.946776
v -3.190203 0.616098 -1.973936
v -0.961608 2.380829 4.334949
v -1.187415 2.142103 4.128376
v -1.012518 2.259610 4.044935
v -1.166158 2.123224 3.746502
v -3.044164 0.376360 -5.263469
v -2.963835 0.425912 -5.291361
v -2.986984 0.552792 -4.912174
v -2.825594 0.724015 -5.048887
v -2.736176 0.773450 -5.158858
v -2.901124 0.472094 -5.488299
v 1.764494 -1.643898 -0.990651
v 2.032526 -1.661005 -1.272200
v 1.798177 -1.589555 -1.405148
v 1.440601 -1.739779 -1.623254
v -2.614401 0.836223 2.792798
v -2.640813 0.953129 2.666128
v -2.603306 0.836603 2.484505
v -2.580870 1.094676 2.420619
v -1.432792 2.818792 -2.111091
v -1.291475 3.036518 -2.150170
v -1.578320 2.634922 -2.264583
v -2.122393 2.087433 -4.841892
v -2.214664 1.811504 -4.855506
v -2.137952 1.798135 -5.098359
v -1.982343 1.977128 -5.075502
v -1.883754 1.978562 -5.113243
v -2.987626 0.611590 4.069258
v -3.354837 -0.921507 -4.624945
v -3.398154 -0.633410 -4.665401
v -3.373986 -0.486517 -4.688965
v -3.443944 -0.765657 -4.837186
v -3.427131 -0.597255 -5.144479
v -1.451277 2.394588 -0.033359
v -1.336744 2.527995 0.102251
v -1.217701 2.628785 -0.063955
v -1.342325 2.568668 -0.223492
v -1.448177 2.476641 -0.412660
v -3.229646 0.207468 -5.003871
v -3.163636 0.280242 -5.249250
v -3.400804 0.001440 -5.235626
v -3.306486 0.025991 -5.475529
v 0.006409 -1.740111 1.185049
v 0.332755 -1.722640 1.195219
v 0.099940 -1.762933 0.856988
v -0.005757 -1.759095 0.742824
v -2.938369 -0.600086 0.130046
v -3.224632 -0.646854 -0.086872
v -2.808959 -0.895353 0.045882
v -2.941622 -0.745155 -0.000852
v -3.201195 0.154284 -0.128065
v -3.059096 0.229320 -0.088351
v -3.288689 0.010423 -0.463232
v -3.207943 0.125352 -0.394370
v -1.111635 2.413715 1.321580
v -0.834155 2.685021 1.056190
v -3.548887 -0.504258 -4.951766
v -3.530513 -0.170637 -5.096756
v -1.339472 2.005291 2.385975
v -1.147075 2.188286 2.268153
v -3.109690 0.540276 -4.754112
v -2.923058 0.866437 -4.617110
v -3.078195 0.417872 -5.023939
v -2.863687 0.765721 -4.831207
v -2.707384 0.604146 2.064060
v -2.664957 0.486233 2.264479
v -2.764796 0.555380 2.074421
v -2.780498 0.638287 1.840632
v -2.777389 0.737231 1.787329
v -2.721456 0.455925 1.768852
v -2.215895 -1.141844 0.730844
v -2.133647 -1.310773 0.708252
v -2.041960 -1.470851 0.681742
v -2.080338 -1.419555 0.598700
v -2.313849 -1.444238 0.373075
v -1.742352 -1.640777 0.706142
v -2.437082 -2.423151 -1.141644
v -2.316784 -2.301237 -1.316398
v -2.152810 -2.370058 -1.057870
v -1.809546 1.435276 2.302345
v -2.072820 1.351099 2.325344
v -1.830297 1.586855 2.498513
v -1.929989 1.376441 2.163689
v -2.014781 1.263463 2.118943
v -3.003384 0.361098 0.203249
v -2.816880 0.554695 0.358087
v -2.906497 0.370967 -0.010019
v -2.795331 0.487562 -0.051867
v -1.918820 1.529259 1.055885
v -1.839376 1.686659 0.966724
v -1.700270 1.744034 0.844776
v -1.692346 1.848798 0.814898
v -1.611619 1.869174 0.759437
v -1.733740 1.969241 -0.357524
v -1.804954 2.119440 -0.468224
v -1.849412 2.032979 -0.616959
v -1.951027 1.976074 -0.753616
v -1.814638 2.138271 -0.937314
v -1.900680 1.976174 -0.924044
v -1.271507 2.512596 0.363775
v -1.203906 2.480932 0.162097
v -1.994098 1.937799 -1.423859
v -1.925291 2.085135 -1.437667
v -2.066081 1.902751 -1.604250
v -1.968088 2.115828 -1.674069
v -2.059341 1.964586 -1.812728
v -2.115179 -0.778305 1.160910
v -2.224480 -0.708841 0.932913
v -2.484623 -0.595268 0.704322
v -2.276480 -0.819996 0.751624
v -2.243823 -1.812405 0.226525
v -2.428259 -1.762823 0.116522
v -2.350858 -1.998527 0.035764
v -1.798798 1.706439 1.710828
v -1.782690 1.602966 2.136374
v -1.714621 1.624908 1.748333
v -1.834487 1.522991 1.703058
v -1.572657 1.904254 1.742817
v -2.511430 2.004342 -3.816716
v -2.356113 2.265547 -3.862099
v -2.288792 2.208219 -4.102819
v -2.345069 1.998411 -4.041353
v -2.214305 2.161204 -4.185907
v -1.852328 2.129277 -1.152795
v -1.864915 1.980534 -1.252686
v -3.414721 0.010502 -4.580081
v -3.309344 0.181830 -4.854160
v -3.368951 0.085343 -4.954671
v -2.273561 -2.232728 -0.044182
v -2.627023 0.592142 2.667461
v -2.638178 0.531936 2.514193
v -2.675930 0.681844 2.443293
v -2.835937 0.671638 1.496686
v -2.708513 0.384764 1.528145
v -2.786649 0.508339 1.253469
v -2.148828 1.260357 1.476032
v -1.876401 1.361690 1.603061
v -2.001393 1.355706 1.303364
v -2.091307 1.331808 1.248475
v -2.629861 1.069096 -4.994998
v 2.202600 0.505481 2.054989
v 2.389034 0.466790 1.458755
v -0.658879 2.320908 -4.546617
v -0.585248 1.995875 -4.426874
v -0.877120 2.491197 -4.504667
v -0.628628 2.065418 -4.585576
v -0.935193 2.413905 -4.704678
v -0.838993 2.184005 -4.907741
v -0.647684 2.147718 -4.742023
v -1.008665 2.187221 -4.911644
v -2.218463 2.259331 -4.088842
v -2.118810 2.522808 -4.097555
v -1.946251 2.596694 -4.123279
v -2.049952 2.501261 -4.312082
v 3.594063 -1.214465 2.325737
v 3.453035 -1.440242 2.344137
v 3.469228 -1.343549 2.279537
v 3.460105 -1.584762 2.003820
v 3.490144 -1.423451 2.067686
v 3.612748 -1.264175 2.093109
v -3.057860 -0.112203 -6.122424
v -2.746984 -0.062335 -6.216740
v -2.861976 0.642926 1.054351
v -2.757664 0.333083 0.691465
v -2.854954 0.518988 0.652683
v -2.284591 1.743733 -2.329075
v -2.436785 1.615619 -2.522346
v 0.050682 1.741039 5.638565
v 0.076866 1.932780 5.619154
v 0.106023 2.013494 5.613235
v 0.054127 2.151176 5.611016
v 0.191885 1.627634 5.582711
v 0.224305 1.796331 5.531480
v 0.166359 1.555434 5.533967
v 0.157332 2.015439 5.397846
v 0.190847 1.693001 5.485290
v 0.242753 2.094366 5.329811
v 0.299465 1.625008 5.331897
v 0.213746 1.836108 5.294984
v 0.258908 1.999618 5.174094
v 0.356512 1.786525 5.215364
v -2.995966 -0.735581 -0.840058
v -2.074501 1.221888 0.914668
v -1.967559 1.361600 0.834529
v -1.359748 -1.572695 2.031704
v -1.455309 -1.261306 1.893561
v -1.455031 -1.247357 1.723012
v -1.554969 -1.451218 1.438694
v -2.370570 -0.068957 3.311530
v -2.347886 0.088263 3.270683
v -2.298803 -0.222208 3.309144
v -2.294091 -0.045186 3.159174
v 3.616885 -0.348029 -1.104577
v 3.329560 -0.192327 -1.313230
v 3.535036 -0.364440 -1.330417
v 3.402064 -0.333742 -1.611174
v 3.366726 -0.424050 -1.796603
v 3.493240 -0.515245 -1.798608
v -2.765655 0.754249 0.663409
v -2.919850 0.537904 0.453401
v -3.032453 0.468862 0.359074
v -2.836444 0.598679 3.319696
v -2.760819 0.800041 3.161172
v 0.748535 -1.910532 -3.420977
v 0.729781 -1.658991 -3.687999
v 1.992003 -1.857254 0.249426
v 2.403817 -1.817177 0.048625
v 2.208763 -1.782202 0.185546
v 2.587459 -1.769365 0.146776
v 2.203693 -1.835481 -0.216546
v 2.367778 -1.802299 -0.171615
v 2.099431 -1.805858 -0.326498
v 2.300285 -1.775824 -0.497689
v 1.820441 -1.583708 -1.724848
v 1.657570 -1.641188 -2.009267
v 1.909293 -1.677443 -2.533555
v -2.858440 -1.432930 -0.269845
v -2.899119 -1.587667 -0.392143
v -2.662673 -1.696818 -0.233418
v -2.795200 -1.721359 -0.443746
v -2.019115 2.257496 -4.831789
v -1.713916 2.395263 -4.786053
v -1.750782 2.212996 -5.050220
v -3.400475 -0.235282 -4.432422
v -3.460883 -0.099344 -4.400309
v -3.499066 -0.187866 -4.778138
v -3.485099 -0.490155 -4.850977
v -3.470718 -0.009526 -4.870263
v -3.448138 -0.144151 -3.928599
v -3.361570 -0.339730 -4.051548
v -3.439437 -0.183844 -4.211910
v 1.953070 -1.359101 3.163051
v 2.186779 -1.443606 3.193660
v 2.290345 -1.556173 2.887484
v 2.061037 -1.414773 2.924188
v -2.513819 -1.138728 -1.692586
v -2.422082 -1.645274 -1.763605
v -2.434903 -1.453184 -1.757029
v -2.514280 -1.188374 -1.792412
v -2.499037 -1.364004 -1.833050
v -2.408593 -1.231736 -2.010210
v -2.335485 -1.497933 -2.079042
v -2.435608 -1.070456 -1.874614
v -0.838527 2.605635 5.157984
v -0.703563 2.537864 5.095543
v -0.590962 2.582012 5.164192
v -0.543824 2.570698 5.048542
v -0.903150 2.494914 4.866546
v -0.774133 2.523899 4.899383
v -0.647198 2.548066 4.796325
v -0.545292 2.527621 4.745642
v -1.974136 1.335304 3.306579
v -1.769298 1.374785 3.552286
v -1.695400 1.473239 3.656908
v -1.584432 1.505841 3.521852
v -1.660313 1.460961 3.326774
v -1.836366 1.512594 3.224136
v -1.718427 1.575141 3.208989
v -1.726469 1.745837 2.392926
v -1.804664 1.748520 2.022833
v -1.516312 1.976580 2.257255
v -1.501181 1.977460 2.026735
v -1.203868 2.105627 2.737123
v -0.092955 -1.663446 2.443170
v 0.200044 -1.635073 2.522418
v 0.144008 -1.743359 2.324432
v 0.271696 -1.710968 2.311261
v 0.249792 -1.736505 1.960574
v 0.008479 -1.743606 1.873387
v 0.185418 -1.761800 1.839468
v 0.249979 -1.717848 1.656879
v -0.008811 -1.835913 1.489741
v -0.911447 2.280376 3.801334
v -0.799447 2.433991 3.735526
v -1.082721 2.136236 3.277776
v -0.713018 2.299788 3.450881
v -2.056288 1.171351 1.859672
v -1.846854 1.392963 1.877331
v -1.928381 1.268698 1.966143
v -1.952694 1.298015 1.678500
v -2.618294 -1.348330 0.098848
v -2.809015 -1.120350 0.001091
v -1.608010 1.672493 4.486124
v -1.814666 1.435956 4.332728
v -1.736490 1.478052 4.252404
v -1.745548 1.496789 4.161659
v -1.790983 1.308132 4.133077
v -1.852162 1.523233 3.964994
v -2.594865 0.884134 3.019723
v -2.502227 1.092540 3.092491
v -2.519808 1.169116 2.974352
v -2.605453 1.037411 2.972846
v -2.554416 1.057893 2.600207
v 1.616103 0.772585 2.379146
v 2.213274 0.516230 2.508537
v 1.625084 0.702968 2.020426
v 1.927349 0.571090 2.057770
v 2.238365 0.505997 2.271104
v -0.376001 -2.204329 -0.768004
v -0.031846 -2.013805 -0.948833
v -3.173329 0.043009 0.209336
v -3.277998 0.166668 0.063769
v -3.071268 0.280954 0.094533
v -3.396233 0.001439 -0.129485
v 0.678088 0.541156 6.636701
v 0.693292 0.668395 6.520097
v 0.667811 0.824809 6.435686
v 0.949389 0.312079 6.575354
v 0.844161 0.609138 6.560334
v 1.037200 0.608542 6.502789
v 1.187347 0.199322 6.482316
v 0.704476 0.868392 6.284248
v 1.252665 0.333931 6.496661
v 1.132189 0.584460 6.219181
v 1.384904 0.322623 6.319331
v 3.902217 -2.261345 -1.803027
v 3.949128 -2.018524 -1.972205
v 4.098114 -1.768828 -1.910459
v 3.919509 -1.891490 -2.017374
v 3.822215 -2.264487 -2.110685
v 3.905815 -2.075941 -2.138902
v -1.375564 1.969294 3.066167
v -1.092283 2.200569 3.206110
v -1.210652 2.023669 3.018048
v -0.583009 2.527014 3.736481
v -0.595105 2.583124 3.693142
v -0.751586 2.445632 3.598316
v -2.914567 -1.016444 -0.103449
v 0.656331 1.421811 4.623745
v 0.834566 1.188495 4.603368
v 0.801835 1.419507 4.379072
v 0.847248 1.499989 4.168657
v 0.753356 1.722434 4.348936
v 0.950088 1.249196 4.261412
v 1.224652 1.169727 4.182127
v 1.178324 1.271492 4.156774
v 1.314238 1.292548 4.144845
v 0.486323 -1.671264 -4.715086
v -2.704802 0.712189 2.850695
v -2.581821 0.517839 2.879006
v -1.503132 1.698879 3.011371
v -1.433527 1.908919 3.003509
v -1.614657 1.807482 2.877221
v -1.749079 1.644515 2.731035
v -1.592925 1.802252 2.505864
v -1.492123 1.919526 2.515301
v 2.520150 -1.686026 2.986850
v 2.379705 -1.679125 2.767254
v 2.498283 -1.764468 2.753039
v 2.366112 -1.757989 2.519314
v 2.758547 -1.720737 2.546604
v 2.513465 -1.780616 2.423619
v 2.363812 -1.732288 2.349509
v 2.449979 -1.759254 2.186340
v 2.824548 -1.806396 2.183155
v -1.384530 2.061506 4.765296
v -1.459484 1.932095 4.632703
v -1.521742 1.801978 4.433600
v -1.428982 1.980154 4.405182
v -1.168971 2.201898 4.677269
v -1.484550 1.655612 3.499613
v -1.486845 1.790232 3.340646
v -1.581123 1.709613 3.379241
v -1.378306 1.948949 3.344356
v -1.934410 1.687065 4.816591
v -1.976893 1.488306 4.660100
v -2.312246 0.097468 3.062829
v -2.223361 -0.112983 2.979154
v -2.179483 0.012927 2.806626
v -2.222988 0.075474 2.753062
v 4.354158 -1.103158 -1.177031
v 4.362844 -1.264001 -1.095566
v 4.320917 -1.434939 -1.041156
v 4.400746 -0.922056 -0.903874
v 4.256025 -1.559315 -1.212513
v 4.325091 -1.026314 -1.312673
v 4.257465 -1.251137 -1.425200
v 4.218012 -1.362149 -1.461694
v 4.175049 -1.058863 -1.579005
v 4.244193 -1.561418 -1.414757
v 4.209335 -1.641478 -1.617201
v 4.164242 -1.233012 -1.644716
v 4.131749 -1.408574 -1.832066
v -3.009412 0.721284 3.935503
v -2.890788 0.848870 3.785972
v -3.049451 0.640971 3.733352
v 2.394480 -1.841586 1.128832
v 2.559382 -1.799236 1.080141
v 2.468760 -1.830272 0.908510
v 2.151093 -1.885048 0.560450
v 2.415156 -1.861725 0.483156
v -2.063887 -2.013610 0.107319
v -2.024594 -2.304949 -0.082163
v -1.884189 -2.384466 -0.137828
v -1.540045 -2.487016 -0.112951
v -1.841675 -2.523245 -0.253308
v -1.841245 -1.453132 -5.943063
v -1.696456 -1.333463 -6.008054
v -1.463570 -1.246181 -6.019664
v -1.050106 0.724789 6.438392
v -0.961324 1.062490 6.399524
v -0.666449 0.873727 6.499699
v -0.824569 0.749420 6.490266
v -0.424418 0.752224 6.599017
v -1.006683 0.480033 6.303116
v -2.802810 0.621438 4.647964
v -2.866495 0.631154 4.483095
v -2.944379 0.689552 4.308439
v -2.630297 0.980516 4.266612
v -0.090717 2.168121 -0.660558
v 0.011435 1.942591 -0.751659
v 0.219335 1.764853 -0.790447
v 0.272618 1.636517 -0.717899
v 0.115863 1.932643 -0.953844
v 0.169250 1.802363 -0.850159
v 0.042602 2.110730 -0.987961
v 0.372159 1.727849 -0.998495
v 0.158227 2.020279 -1.220700
v 0.305664 1.825591 -1.319361
v 0.264746 1.927951 -1.547385
v -0.360251 -1.819792 -2.667228
v -0.911588 -1.907448 -2.742695
v -0.914136 -1.926628 -3.224246
v -0.293185 -1.793152 -2.816101
v -0.593224 -1.869933 -3.146293
v -0.624244 2.619158 4.325747
v -0.811574 2.522386 4.170492
v -0.546738 2.647326 4.136749
v -0.502958 2.574652 4.276600
v -0.768822 2.525354 4.031407
v -0.522648 2.482135 4.026815
v -0.593664 2.757194 3.917181
v -0.554194 -1.907728 -3.850359
v -0.764524 -1.969615 -4.025098
v -2.662219 0.968823 3.388802
v -2.498529 1.075670 3.503403
v -2.384779 1.169986 3.470081
v -2.539190 0.985799 3.266184
v -2.417444 1.217792 3.296618
v 1.968407 -1.230339 -3.777151
v 2.089132 -1.042356 -3.859073
v 4.326444 -1.277629 -0.001219
v 4.335811 -1.493647 -0.226746
v 4.358748 -1.334951 -0.317660
v 4.407375 -1.568704 -0.375739
v 4.257028 -1.327101 -0.581078
v 4.232182 -1.532596 -0.709518
v 4.291270 -1.242491 -0.918122
v 4.259082 -1.426582 -0.858278
v -0.920869 2.478465 4.632373
v -0.848989 2.442959 4.552824
v -0.725344 2.568906 4.457903
v -1.272056 -0.977812 -6.279594
v -0.942323 -0.999601 -6.116899
v 2.426160 -1.798625 2.105178
v 2.594701 -1.729336 2.032880
v 2.294656 -1.730253 2.037968
v 2.421619 -1.651405 1.621886
v 2.300002 -1.727380 1.419178
v -1.797838 1.407999 3.966257
v -1.856552 1.276495 3.777580
v -1.692076 1.657283 3.927946
v -1.668336 1.519516 3.894018
v -1.673128 1.363124 3.814697
v -1.592610 1.511366 3.822539
v -1.583213 1.634645 3.618602
v -1.467921 1.715971 3.955260
v -1.380691 1.875358 3.991753
v -1.297412 1.913406 3.844198
v -1.395518 1.786552 3.839480
v -1.411596 1.696122 3.741176
v -1.375550 1.968181 3.610254
v -1.350356 1.771680 3.631755
v -1.638195 1.788070 4.367574
v -1.367291 2.007178 4.358076
v -1.344837 2.010774 4.192056
v -1.582235 1.801841 4.090744
v -1.263095 1.985463 4.127829
v 2.698860 0.145485 -1.906823
v 3.004108 -0.138832 -1.960014
v 2.639648 -0.002483 -2.231741
v -2.139128 1.271170 4.127074
v -2.504906 1.161492 4.020202
v 1.673452 -1.759396 -3.014157
v 1.411538 -1.598765 -3.234885
v 1.700653 -1.639570 -3.275888
v 1.510995 -1.493162 -3.344915
v 1.360147 -1.600952 -3.376821
v -0.272579 2.836864 4.821168
v -0.239742 2.783279 4.708262
v -0.424304 2.843459 4.503341
v -0.259577 2.934569 4.556862
v 0.005336 2.821106 4.418347
v -0.515724 2.853265 4.206681
v -0.339962 2.906939 4.091329
v -0.108881 2.945113 4.402797
v -0.186240 2.819166 4.098732
v -0.431420 2.094719 -3.716804
v -0.299683 1.911102 -3.812274
v -0.578832 2.055981 -4.041263
v -0.693392 2.217213 -4.161119
v -0.712727 2.035004 -4.235305
v -0.184170 1.734507 -4.018592
v -0.559878 1.947626 -4.183372
v -0.455994 1.924240 -4.109185
v -0.296453 1.779482 -4.208970
v -0.640492 2.036554 -4.306479
v -0.380230 1.744993 -4.402555
v 3.341575 -1.058399 -2.817913
v 3.478814 -1.250420 -2.779633
v 3.275777 -1.188195 -3.018591
v 3.373870 -1.372128 -2.930143
v 3.136633 -1.292216 -3.044120
v 1.523822 0.238662 -3.947579
v 1.082500 0.253497 -4.327659
v 1.128602 0.365278 -4.254212
v 0.898062 0.482938 -4.347678
v 1.148504 -0.016248 -4.464236
v -1.789396 2.770226 -3.345545
v -1.710977 2.856813 -3.595453
v -1.834355 2.752181 -3.805675
v -2.413950 1.148634 3.928673
v -2.567031 1.091813 3.726696
v -2.347990 1.247757 3.810052
v -2.286997 1.109052 3.561911
v 0.340839 -0.391765 5.288805
v 0.797765 -0.549038 5.334363
v 0.289572 -0.469906 5.079918
v 0.643389 -0.630279 5.059965
v 0.380856 -0.615902 4.974104
v 0.766619 -0.756284 5.052662
v -1.339399 -0.903873 2.568592
v -1.390800 -1.158261 2.392391
v -1.356207 -1.259155 2.485673
v -1.340859 -0.947867 2.329978
v -1.397770 -1.047966 2.032859
v -1.499260 -1.097469 1.799998
v -1.185820 -0.630489 -6.258834
v -0.988756 -0.780013 -6.263648
v -1.236067 -0.849803 -6.304067
v -1.132449 -0.742413 -6.276888
v -0.817424 -0.526785 -6.177935
v 1.129436 -1.039768 3.961743
v 1.577109 -1.135265 3.834131
v 1.223750 -0.974053 3.557734
v 1.051805 -0.966056 3.479996
v 1.317756 -1.032604 3.448206
v 1.554211 -1.149198 3.523211
v 1.738203 -1.255850 3.416623
v 0.025988 0.780704 6.681895
v -0.156144 1.130403 6.574105
v -0.456101 0.938783 6.512447
v -0.154781 0.890165 6.607305
v 0.135963 0.911880 6.624556
v 0.350702 0.538404 6.687527
v 0.185319 1.077062 6.466677
v 0.480945 0.695103 6.658532
v 0.340678 0.931213 6.535450
v -0.051466 1.267622 6.354707
v -0.244917 1.413439 6.309444
v 0.081496 1.331518 6.149280
v 0.374550 0.978128 6.418040
v -1.180811 -2.387060 -0.374830
v -1.302520 -2.438699 -0.593886
v -1.535048 -2.360636 -0.869543
v -1.252784 -2.300041 -0.801283
v -1.895568 -2.385757 -0.990029
v -1.527748 -2.167846 -1.026294
v -1.317786 -2.202974 -1.019513
v -2.900697 0.686093 3.476748
v -0.690009 -1.526470 3.185478
v -0.326835 -1.689695 3.022232
v -0.506325 -1.716124 3.039669
v -0.654447 -1.697930 2.861256
v -0.846655 -1.588226 2.842597
v -0.145294 -1.623137 3.066096
v -0.179973 -1.660900 2.860682
v -0.667475 -1.784918 2.489760
v -0.415161 -1.647889 2.731050
v -0.464257 -1.748794 2.561821
v -0.195577 -1.653619 2.586882
v -0.187346 -1.747223 2.365026
v -2.551828 -0.863621 0.495897
v 1.664820 0.507453 -2.647892
v 1.927501 0.290337 -2.756582
v 2.298481 0.136001 -2.665257
v 2.276022 0.117196 -2.905175
v 1.611088 0.318052 -3.291317
v 1.858219 0.134635 -3.317618
v 2.251437 0.018410 -3.053884
v 1.526122 0.484029 -3.126311
v -0.089774 2.257238 -1.015195
v -0.307231 2.418476 -1.263869
v 0.021096 2.219137 -1.232828
v -0.259060 2.320132 -1.439501
v -0.381390 2.427053 -1.547594
v 0.003143 2.229534 -1.531307
v 0.252899 2.069930 -1.569606
v 1.943615 -1.327997 3.607129
v 1.762427 -1.387781 3.001493
v 1.365752 0.137624 5.617589
v 1.661236 0.001650 5.629075
v 1.779583 0.054970 5.505196
v 1.739215 0.115298 5.261919
v 1.756631 0.249248 5.166462
v 1.401911 0.502623 5.123176
v 2.014601 -0.099530 5.318086
v 2.267513 -0.280179 5.178215
v 1.971666 -0.012948 5.180275
v 2.151012 -0.150647 5.070481
v -1.625197 2.915748 -3.247237
v 2.538610 -0.471783 5.016873
v 2.620334 -0.600424 5.032663
v 2.524740 -1.486324 4.977913
v 2.699787 -0.758994 4.951467
v 2.702062 -1.275409 4.893029
v 2.495134 -0.319592 4.812672
v 2.687986 -0.869653 5.054349
v 2.678000 -0.487994 4.864886
v 2.774070 -1.121331 4.994160
v 2.666217 -1.479851 4.917055
v 2.770688 -0.692372 4.872701
v 2.827720 -0.955965 4.956153
v 2.859427 -0.771478 4.912705
v 2.866262 -1.018364 4.768359
v 2.829444 -1.168910 4.677829
v 2.917693 -0.578018 4.591140
v -2.260125 0.259027 5.017506
v -2.020209 0.125151 5.042233
v -2.075292 0.089286 4.703034
v 1.420320 -0.148527 6.421051
v 1.600361 -0.179748 6.382995
v 1.220919 -0.320583 6.241898
v 1.658550 -0.507231 6.367774
v 1.715919 -0.275270 6.283380
v 1.556437 -0.141215 6.261190
v 1.814715 -0.640623 6.386035
v 1.363485 0.029069 5.929984
v 1.382543 -0.681212 6.036441
v 1.813564 -0.816163 6.327858
v 1.572756 -0.698667 6.192902
v 1.860445 -0.459473 6.311966
v 2.093081 -0.698904 6.235713
v 1.934270 -0.406758 6.223334
v 3.170249 0.241171 2.874686
v 3.222399 0.158665 2.254229
v 3.070447 0.267562 2.044979
v -3.348552 -1.272098 -5.921184
v -3.179959 -1.701868 -5.801366
v -3.124670 -1.458709 -6.105754
v -3.318461 -1.221856 -6.160244
v -2.925418 -1.578799 -5.995160
v -3.111024 -1.668333 -5.968898
v -2.778945 -1.650176 -6.001113
v -3.023546 -1.588626 -6.059769
v -3.239346 -1.378897 -6.272661
v -3.034642 -1.553241 -6.247705
v -0.624786 2.341621 -3.629095
v -0.510255 2.166265 -3.553265
v -0.597636 2.209975 -3.755004
v -0.756103 2.444720 -3.891644
v -0.815521 2.541413 -3.985537
v -0.761583 2.507155 -4.089864
v -0.628406 2.208436 -3.970758
v -0.807785 2.433253 -4.293113
v -1.059416 1.314326 6.384282
v -0.750931 1.498866 6.419037
v -0.737296 1.299291 6.462805
v -0.890264 1.699955 6.313321
v -0.648385 0.952733 6.442968
v -0.581652 1.226943 6.447524
v -0.417830 1.223749 6.483263
v -0.404693 1.481295 6.290436
v 3.604429 -0.149877 1.785782
v 3.535898 -0.144557 1.990097
v 3.838536 -0.389482 1.768700
v 3.772748 -0.289826 1.700540
v 3.730576 -0.141436 1.483903
v 3.922446 -0.332498 1.242329
v 3.889313 -0.366744 1.033271
v 3.116593 -0.032882 3.820416
v 3.317516 -0.567590 3.802194
v 3.214477 -0.132205 3.702835
v 3.245933 -0.145997 3.506594
v 3.111323 0.102054 3.562730
v 3.341855 -0.573279 3.604409
v 3.360968 -0.366618 3.406567
v 3.291008 -0.021404 3.288815
v 3.199049 0.190544 3.192475
v 3.395347 -0.807385 3.316604
v 3.395132 -0.371890 3.194175
v 3.485150 -0.487615 3.088134
v 3.349941 -0.027399 2.882371
v 3.449621 -0.966788 3.068925
v -1.596041 0.681559 -6.175998
v -1.436628 0.216304 -6.252851
v -1.400134 0.472473 -6.200587
v -1.960768 0.579378 -6.459014
v -1.257903 0.466991 -6.185522
v -1.947944 0.404882 -6.449508
v 2.822353 -1.279326 4.736271
v 2.994772 -0.944166 4.678069
v 2.774558 -1.504876 4.440750
v 3.010774 -1.105984 4.516664
v 3.021884 -0.789524 4.629494
v 2.870874 -1.430336 4.492892
v 2.911304 -1.260157 4.536812
v 3.152420 -0.851738 4.357720
v 2.857443 -1.316035 4.373962
v 3.062447 -1.034523 4.273199
v 2.927567 -1.245475 4.200506
v 2.837512 -1.329900 3.902013
v 3.021749 -1.117271 3.875696
v 3.146007 -0.964543 3.982329
v -3.044446 -0.725343 -4.073394
v -2.962947 -0.842412 -3.928078
v -2.847233 -1.140858 -4.017553
v -3.005772 -1.035766 -4.315731
v -2.919788 -1.118689 -4.174703
v -3.184532 -0.997486 -4.436231
v 0.465336 0.441774 6.630797
v 0.567494 0.216124 6.569868
v 0.428679 0.244661 6.603033
v 0.769870 0.277453 6.600079
v 0.620611 -0.070175 6.288809
v 0.854772 0.046140 6.354836
v 1.057751 0.019548 6.368948
v 1.269220 -0.264974 -4.621900
v 1.377187 -0.301329 -4.512855
v 1.532053 -0.540429 -4.495689
v 1.323736 -0.456209 -4.775651
v 1.623161 -0.722559 -4.489735
v 1.502287 -0.585731 -4.667109
v 1.635555 -0.876590 -4.644560
v 1.374178 -0.649495 -4.799093
v 1.461724 -0.820439 -4.792975
v 1.315273 -0.671384 -4.906359
v 1.175988 -0.623019 -5.063612
v 0.987183 -0.722006 -5.200871
v -2.037351 0.994334 -6.291866
v -2.097370 0.634428 -6.503037
v -2.167846 0.734806 -6.399727
v -2.067170 0.460917 -6.460470
v 3.736741 -0.299775 -1.180167
v 3.936574 -0.359806 -1.233569
v 4.138380 -0.598674 -1.361876
v 3.782831 -0.371805 -1.581173
v 3.694665 -0.432928 -1.465441
v 3.924966 -0.413812 -1.478805
v 3.847187 -0.489871 -1.751575
v -0.305384 0.457416 6.575819
v 0.098761 0.553688 6.637780
v -0.240835 0.294929 6.435984
v -0.718601 0.325053 6.270337
v 0.152921 0.364261 6.563837
v -0.049799 0.302494 6.501487
v 0.188599 0.163077 6.590540
v -0.173282 0.106309 6.346964
v 0.310364 -0.030483 6.427835
v -0.102852 2.135113 0.053552
v 0.070350 1.868520 0.365761
v 0.476766 1.470999 0.113253
v 0.116679 1.742320 0.089720
v 0.343228 1.540230 -0.062310
v 0.051452 1.871083 -0.025926
v -0.036994 1.923865 -0.188556
v -0.149829 2.075081 -0.283076
v -0.071770 2.075909 -0.426340
v 0.029587 1.801424 -0.407268
v 0.272822 1.625341 -0.445584
v 3.565022 -1.448034 1.947089
v 3.635814 -1.256351 1.964374
v 3.729552 -1.335963 1.845156
v 3.351401 -1.607933 1.632469
v 3.646339 -1.539571 1.696509
v 3.816274 -1.434011 1.618980
v 3.834717 -1.217449 1.510554
v 3.858084 -1.547247 1.446958
v 3.499130 -1.666183 1.352503
v 3.936689 -1.485940 1.325648
v 3.326216 -1.648327 1.135860
v 3.932458 -1.221799 1.268661
v 3.675123 -1.690824 1.030255
v 3.903214 -1.614417 1.024089
v 4.013870 -1.351758 1.001576
v 4.007120 -1.551823 0.901307
v 3.015262 -1.707362 1.140025
v 3.192854 -1.621313 1.073599
v 2.774548 -1.708248 0.845162
v 3.000858 -1.679415 0.586552
v 2.678533 -1.738756 0.333774
v 2.881116 -1.693112 0.333227
v 2.991607 -1.712766 0.299025
v 2.708544 -1.782345 0.180494
v 3.104736 -1.757388 0.296494
v 3.034034 -1.770077 0.181658
v 3.162483 -1.725598 0.173890
v -0.769921 -2.029225 -4.186358
v -0.681288 -1.905603 -4.712525
v -0.907531 -2.022013 -4.576985
v -0.859750 -1.857586 -4.889808
v -0.765292 -1.715127 -5.026633
v -1.053036 -1.839329 -5.117050
v -0.975669 -1.703566 -5.223011
v -0.027533 2.791293 4.127128
v -0.477945 2.830680 3.903050
v -0.292011 2.864025 3.838526
v -0.038638 2.666648 3.783741
v -1.156361 -1.939686 -2.364866
v -0.845803 -1.956968 -2.431462
v -1.276787 -1.905798 -2.619468
v -1.122047 -1.936444 -2.711002
v -1.218327 -1.949735 -3.317717
v 1.592743 -1.064673 5.943686
v 1.322968 -0.877518 5.869398
v 1.744421 -1.289543 5.860083
v 1.438380 -1.188991 5.721502
v 1.282102 -1.049448 5.596999
v 1.069657 -0.895142 5.510344
v 0.990849 -0.845154 5.351290
v 1.328828 -1.312598 5.401844
v 1.243380 -1.232089 5.200849
v 1.597265 -1.336627 5.486370
v 1.029282 -0.978924 5.122248
v 1.520936 -1.334677 5.135015
v 0.702809 1.392620 0.477215
v 0.756868 1.384839 0.136504
v 0.953681 1.297878 0.392149
v 1.071389 1.067672 0.456213
v 0.934895 1.265207 0.190466
v 0.877234 1.207548 0.178875
v 0.974671 1.065938 0.158978
v 0.674981 1.311142 0.015790
v 1.129650 1.050243 -0.079626
v 0.903519 1.264374 -0.188218
v 0.518664 1.472185 -0.260249
v 0.745818 1.410018 -0.484970
v 0.363295 1.543889 -0.552163
v 1.188195 1.101766 -0.291208
v 0.805919 1.332604 -0.639928
v 1.139952 1.098408 -0.587261
v -0.027961 1.994636 1.311750
v -0.103488 2.133526 1.141857
v 0.155602 1.949629 1.237358
v -0.176812 2.255219 1.092080
v 0.160677 2.007943 1.084039
v 0.417503 1.579200 0.853674
v 0.265365 1.773614 1.034563
v 0.139723 1.904354 0.640585
v -0.132939 2.162975 0.416444
v 0.268966 1.579337 0.377215
v 1.114123 -1.851012 -1.532539
v 1.284101 -1.805963 -1.875721
v 0.945797 -1.859632 -1.838060
v 0.954454 -1.760730 -2.176199
v 1.307648 -1.828907 -2.221090
v 1.557468 -1.712834 -2.241123
v 0.864323 -1.850764 -2.596272
v 1.315225 -1.819301 -2.552576
v 1.568883 -1.750945 -2.515153
v 2.811199 -1.663989 -2.614365
v 2.953333 -1.643803 -2.875727
v 3.486956 -1.923106 -2.832591
v 3.119781 -1.498861 -2.972498
v 3.051568 -1.729314 -3.108875
v 3.228240 -1.426097 -3.082077
v 3.349307 -1.851845 -2.899889
v 3.558129 -1.733411 -2.940063
v 3.357455 -1.474942 -3.010665
v 3.392722 -1.662608 -3.066454
v 3.115092 -1.553120 -3.199926
v 3.226284 -1.785139 -3.074238
v 3.281765 -1.455046 -3.143431
v -1.071905 -1.950700 -4.080489
v -1.517557 -1.980855 -4.312562
v -1.124182 -2.037413 -4.273729
v -1.600903 -2.013204 -4.473076
v -1.282891 -1.996644 -4.464635
v -1.689336 -1.906763 -4.605906
v -1.414307 -1.941126 -4.594026
v -0.718746 -2.072186 -4.440070
v -1.123970 -1.965055 -4.809719
v -1.281985 -1.888780 -4.838121
v 1.059327 1.026572 -2.840168
v 1.381874 0.768510 -2.549493
v 1.562983 0.560009 -2.554429
v 1.376454 0.626636 -3.048621
v 0.991069 0.965776 -3.075596
v 1.160315 0.802878 -3.062987
v 0.686076 1.155061 -3.379034
v 1.202025 0.691275 -3.291274
v 0.848685 0.951036 -3.484837
v 1.262475 0.558870 -3.582161
v 0.996859 0.794247 -3.589370
v 1.581175 0.323440 -3.497271
v 2.987883 0.302152 -0.944907
v 2.678551 0.481562 -1.181992
v 3.084978 0.184223 -1.149360
v 3.327706 -0.031379 -0.896767
v 3.370889 -0.114339 -1.007843
v 2.794718 0.387146 -1.444375
v 3.314419 -0.041053 -1.166634
v 3.076307 0.077603 -1.294336
v 2.976128 0.016807 -1.512072
v 3.188566 -0.070233 -1.440491
v 3.292314 -0.116168 -1.435841
v 2.740602 0.187075 -1.587009
v 2.935883 0.083149 -1.739367
v 3.095124 -0.107870 -1.731800
v 0.550628 1.380510 0.991777
v 0.749299 1.226822 1.215957
v 1.008763 0.979989 1.165627
v 1.270944 0.813754 1.135878
v 0.839627 1.115120 0.878399
v 0.535691 1.481579 0.773878
v 0.700422 1.320199 0.750905
v 1.047691 1.050069 0.946467
v 1.218858 0.881235 0.891476
v 1.044608 1.111245 0.699167
v 1.373300 0.929041 0.726479
v 0.882213 0.847726 -3.712112
v 1.209816 0.553625 -3.736731
v 0.981897 0.734326 -3.843565
v 0.661981 0.980348 -4.047790
v 1.436842 0.379697 -3.810603
v 1.160817 0.535025 -3.985170
v 0.722010 0.707661 -4.284500
v 1.270826 0.411656 -4.041515
v 0.531589 0.847958 -4.432474
v 0.590671 0.666840 -4.537084
v -2.722687 0.396953 -5.893930
v -0.837248 -1.346654 3.229777
v -0.985702 -1.424368 2.937799
v -0.964280 -1.619858 2.764232
v -1.085566 -1.168056 2.954529
v -1.234994 -1.203457 2.722860
v 0.752162 1.622857 3.168191
v 0.977885 1.428011 2.902392
v 0.663105 1.621724 2.927976
v 1.281909 1.251400 2.960025
v 0.845076 1.371511 2.435526
v 1.052939 1.274881 2.727818
v 1.333041 1.083973 2.685653
v 0.692891 1.423298 2.229013
v 0.428885 1.624755 2.168118
v 1.365093 0.930227 2.363878
v 1.133177 1.113533 2.322492
v 1.229555 1.016234 2.224710
v 4.094076 -1.936371 -0.084063
v 4.297502 -1.717532 -0.051494
v 3.888451 -2.283830 -0.022115
v 4.288827 -1.729668 -0.201269
v 4.143721 -2.037819 -0.321483
v 4.047028 -2.450941 -0.288850
v 4.101440 -2.344668 -0.305437
v 4.135789 -2.188086 -0.390971
v 3.839799 -2.399465 -0.436726
v 4.165376 -1.972241 -0.646738
v 4.096722 -2.355070 -0.510995
v 4.209969 -1.867672 -0.586762
v 4.142490 -2.485609 -0.637902
v 4.133778 -2.139763 -0.612697
v 4.222301 -1.662730 -0.626559
v 4.173329 -2.487396 -0.793420
v 4.109593 -2.277266 -0.821413
v 4.270884 -1.804097 -0.826089
v 4.156511 -2.470009 -0.963796
v 4.329470 -1.605993 -0.926669
v 4.219268 -2.246077 -0.990338
v -0.147579 1.592027 6.003981
v 0.061612 1.339458 6.015514
v 0.362887 1.126787 6.102099
v 0.140684 1.414024 5.796455
v 0.526543 0.975202 5.690273
v 0.303264 1.276753 5.555013
v 0.510204 1.083261 5.484928
v 0.575167 0.933654 5.484644
v 0.464507 1.186808 5.399805
v 0.718958 0.847299 5.332369
v 0.593256 1.075469 5.271605
v 0.056918 2.066614 3.223703
v -0.007409 1.992960 3.040917
v 0.240800 1.896715 3.265153
v 0.146679 1.913300 2.974588
v 0.514121 1.673510 2.996179
v 0.335912 1.764341 2.824353
v 0.088333 1.878184 2.647007
v 0.559497 1.658949 2.590583
v 0.109375 1.887078 2.395430
v -1.583143 2.581290 -4.488915
v -1.205372 2.527937 -4.534708
v -1.022155 2.584142 -4.517833
v -1.274597 2.443217 -4.795976
v -1.133346 2.317159 -4.918074
v 2.351665 -1.003065 5.968789
v 2.279773 -0.849250 5.987848
v 2.287567 -0.680479 5.908851
v 2.219477 -0.593829 5.819930
v 2.321922 -0.819622 5.830314
v 2.413625 -1.166944 5.805990
v 2.116319 -0.345008 5.780186
v 2.371937 -0.680879 5.669654
v 2.310533 -0.596876 5.649292
v 2.356436 -1.026182 5.766379
v 2.330559 -0.516062 5.610953
v 2.194605 -0.446625 5.670436
v 2.274896 -0.386778 5.581655
v 2.468407 -1.068190 5.591897
v 2.443672 -1.312028 5.653924
v 2.423264 -0.898290 5.614898
v 2.365664 -0.590349 5.499011
v 2.456090 -0.814524 5.552928
v 2.469371 -1.258660 5.419175
v 2.558325 -0.841189 5.504489
v 2.372079 -0.444158 5.317030
v 2.545977 -1.137853 5.295753
v 2.437689 -0.633115 5.224845
v 2.525833 -0.853441 5.352655
v 2.395876 -0.481631 5.109090
v 2.572414 -0.760286 5.193561
v 2.659433 -0.962729 5.215939
v 2.429091 -1.407034 5.233270
v 2.649771 -1.251796 5.103635
v 2.816497 0.329455 0.009366
v 2.921669 0.348782 0.061010
v 3.271389 0.256359 -0.045507
v 2.964114 0.396393 -0.282356
v 3.464475 0.080582 -0.012834
v 3.382120 0.174918 -0.342583
v 3.569454 0.021135 0.074971
v 2.767461 0.362495 -0.291117
v 3.790601 -0.086692 -0.256655
v 3.122686 0.314346 -0.626084
v 3.671011 -0.068594 -0.411321
v 3.669490 -0.136328 -0.635904
v 0.572987 1.520365 -0.962969
v 0.363900 1.664532 -1.036914
v 1.044493 1.165077 -0.949929
v 0.583053 1.637941 -1.078299
v 0.990392 1.276801 -1.261737
v 0.764693 1.430373 -1.278185
v 0.477914 1.739194 -1.259350
v 0.431860 1.703877 -1.547280
v 0.585956 1.563068 -1.426646
v 0.704316 1.454724 -1.656388
v 0.865606 1.343591 -1.500481
v 0.988831 1.271102 -1.563733
v -0.215493 2.120272 2.078119
v -0.075528 1.974413 2.037830
v 0.153285 1.864551 1.880735
v -0.000180 1.984140 1.754980
v -0.213220 2.065064 1.681125
v 0.470745 1.536497 1.729360
v 0.319473 1.743127 1.713631
v 0.206498 1.904944 1.766268
v -0.169993 2.102732 1.445012
v 0.140422 1.912383 1.506575
v 0.425948 1.678419 1.422183
v 0.326077 1.737259 1.351512
v -2.524833 -1.706571 -5.127660
v -2.325301 -1.757250 -4.975020
v -2.145603 -1.871246 -5.100334
v -2.283891 -1.845118 -5.268469
v -2.556222 -1.792619 -5.476800
v -1.830651 -1.920618 -5.065727
v -1.966082 -1.934652 -5.321113
v -2.383177 -1.817561 -5.526698
v -2.283157 -1.815141 -5.576802
v -2.483798 -1.772528 -5.687900
v -1.944465 -1.803517 -5.528395
v -2.259599 -1.697524 -5.799796
v 1.876676 1.065200 3.606523
v 2.185818 0.748798 3.717261
v 1.736136 1.131542 3.487977
v 2.097063 0.899186 3.405188
v 1.567282 1.144743 3.033789
v 1.961565 0.837156 2.972388
v 2.239061 0.773212 3.393632
v 0.187006 1.703940 -2.730419
v 0.267371 1.600894 -2.760007
v 0.116960 1.839988 -2.866742
v 0.508526 1.429582 -2.519668
v 0.535372 1.419481 -2.715481
v 0.845572 1.262572 -2.680347
v 0.201736 1.676447 -2.956112
v 0.280684 1.564897 -3.113338
v 0.443718 1.455372 -2.937147
v 0.759006 1.215699 -3.018642
v 0.408130 1.430447 -3.044828
v 0.426133 1.434843 -3.294568
v 0.270670 1.515773 -3.338463
v 0.498655 1.278029 -3.495451
v 0.139809 1.533234 -3.696203
v 0.306039 1.447686 -3.546849
v 3.814391 -2.377818 -0.644846
v 3.987591 -2.546173 -0.599065
v 3.838638 -2.422772 -0.738163
v 2.291064 -0.125078 4.968298
v 2.413196 -0.278961 4.873696
v 2.386218 -0.121245 4.676649
v 2.324067 0.033213 4.571334
v 2.654290 -0.324706 4.584431
v 2.480227 -0.002246 4.405231
v 2.409001 0.192616 4.213439
v 2.332639 0.358282 4.138001
v 2.865328 -0.367277 4.459761
v 2.683349 -0.251283 4.291947
v 2.565018 -0.062151 4.233916
v 2.693798 -0.118430 4.098639
v 2.886816 -0.252917 4.330386
v 2.866309 -0.035960 4.032128
v 3.048468 -0.135395 4.057259
v 1.335542 0.827745 2.098717
v 1.525662 0.809467 1.696331
v 2.060630 0.547931 1.783416
v 1.334749 0.764740 1.430534
v 2.126637 0.503683 1.616707
v 1.749715 0.553809 1.346638
v 2.152313 0.404908 1.408550
v 1.959521 0.517986 1.269572
v 0.244617 -1.804403 -0.410063
v 0.365981 -1.952070 -0.673624
v 0.646605 -1.958465 -0.780221
v 0.837164 -1.966637 -0.624574
v 0.420792 -1.996687 -1.033540
v 0.223917 -1.959836 -1.194888
v 0.887889 -1.940171 -0.956157
v 0.670215 -1.977339 -1.092010
v 0.170884 -1.999128 -1.416281
v 0.601895 -1.920222 -1.221293
v 0.377023 -1.899324 -1.382156
v 0.857086 -1.865594 -1.373628
v 0.542444 -1.822143 -2.776617
v 1.223339 -1.833140 -2.825144
v 0.829705 -1.830462 -2.930566
v 1.480700 -1.779429 -2.954407
v 0.974475 -1.889814 -3.254758
v 1.211420 -1.833810 -3.003930
v 0.431065 -1.883234 -3.238219
v 1.207952 -1.741851 -3.343806
v 1.392168 0.884561 0.308635
v 1.663689 0.828130 0.159267
v 1.505185 0.968802 0.044893
v 1.961643 0.740083 0.083790
v 1.693338 0.875873 -0.009667
v 1.595486 1.039473 -0.291532
v 1.818891 0.958738 -0.405103
v 1.973235 0.945716 -0.374463
v 1.402992 1.042377 -0.517877
v 1.657151 1.040232 -0.674635
v 1.293743 1.047423 -0.825472
v 1.795385 1.047470 -0.651029
v 3.930129 -2.433332 -0.967710
v 4.267519 -1.947463 -1.035611
v 3.825629 -2.344621 -1.336942
v 4.267752 -1.782039 -1.179249
v 4.188537 -2.046375 -1.208813
v 4.164999 -2.349092 -1.312759
v 4.171148 -2.420706 -1.165265
v 3.989272 -2.342696 -1.584469
v 4.228677 -1.794787 -1.415709
v 4.075562 -2.166260 -1.575551
v 3.628380 -2.292829 -1.741248
v 4.164552 -1.927572 -1.626583
v 4.042897 -2.064690 -1.784501
v 3.070952 0.310824 1.042653
v 3.105850 0.251193 0.859031
v 3.431051 0.151479 0.907661
v 3.230140 0.283811 0.766795
v 3.491169 0.161448 0.729792
v 3.831350 -0.167607 0.846319
v 3.168993 0.287870 0.480390
v 3.474505 0.100652 0.624211
v 3.365274 0.177433 0.582817
v 3.011257 0.340289 0.358486
v 3.786666 -0.134878 0.585828
v 3.214715 0.275396 0.178598
v 3.757190 -0.094732 0.421273
v 3.756590 -0.152265 0.488953
v 3.521756 0.093756 0.233486
v 1.702889 -1.457297 4.251765
v 1.861439 -1.484975 4.224524
v 1.678722 -1.421274 4.040079
v 1.763711 -1.324570 3.882351
v 1.980084 -1.566695 4.149541
v 1.989153 -1.481332 3.958365
v 2.313114 -1.594452 4.196641
v 2.453083 -1.516069 3.961835
v 2.184726 -1.494248 3.856558
v 2.324247 -1.601232 3.640527
v 2.133368 -1.500090 3.646915
v 2.451781 -1.599666 3.585135
v 1.952579 -1.365312 3.439964
v 2.225704 -1.511656 3.498394
v 2.411122 -1.629759 3.202466
v 1.689896 0.995894 2.961740
v 1.720532 0.918360 2.654166
v 1.940423 0.708240 2.631346
v 2.178050 0.664209 2.844547
v 1.562210 0.898637 2.550078
v 1.866907 0.680273 2.345717
v -1.204339 -1.983987 -3.652477
v -1.519154 -1.990656 -3.784908
v -1.328324 -1.997831 -4.054768
v -0.857568 -1.959356 -3.604164
v -1.028713 -1.998885 -3.979742
v -1.232014 1.202735 6.311608
v -0.864432 2.015323 6.201158
v -0.674759 1.767198 6.206712
v -0.487315 1.738271 6.104205
v -0.358017 1.526887 6.225491
v -0.521815 1.850980 6.068986
v -0.266912 1.632452 6.067748
v -0.343626 1.767499 6.025364
v 0.844339 1.259862 2.087803
v 0.920135 1.096204 2.056911
v 0.777660 1.176549 1.872232
v 0.594450 1.336674 1.800754
v 0.590666 1.351583 1.593719
v 0.510336 1.448719 1.362726
v 0.800317 1.127240 1.568748
v 0.645121 1.326715 1.340912
v 1.809659 -1.404572 5.179848
v 2.067070 -1.486235 5.209565
v 1.887854 -1.555361 4.748965
v 2.281273 -1.626358 4.659421
v 1.749236 -1.479133 4.414691
v 2.004716 -1.563232 4.508341
v -1.572617 2.569707 -1.883781
v -1.689943 2.409302 -1.909076
v 0.097586 1.594747 -3.786038
v 0.323644 1.345726 -3.924573
v 0.625366 1.127051 -3.646615
v 0.382852 1.296481 -3.783757
v -0.058553 1.498381 -4.186162
v 0.062020 1.456221 -4.091902
v 0.423501 1.218356 -3.930391
v 0.197558 1.232537 -4.269985
v 0.404650 1.088676 -4.258431
v 0.072801 1.338135 -4.467778
v 0.236070 1.104313 -4.489991
v 3.053890 0.365051 1.796571
v 3.265937 0.179594 1.744089
v 3.384669 0.080982 1.818161
v 3.002174 0.307603 1.684578
v 3.193788 0.256897 1.634424
v 2.998217 0.298140 1.394303
v 3.558007 0.045439 1.655444
v 3.238296 0.186126 1.265774
v 3.064674 0.315015 1.268808
v 3.444790 0.158580 1.308434
v 3.507103 0.060722 1.214069
v 3.670846 -0.027720 1.075913
v 2.815658 -1.768142 1.971199
v 3.038504 -1.722656 2.054445
v 3.402687 -1.583128 2.185737
v 2.953462 -1.776282 1.755257
v 2.763216 -1.714901 1.657339
v 3.228305 -1.688030 1.958650
v 3.142904 -1.638015 1.716728
v 2.796542 -1.767805 1.433363
v 3.091290 -1.662888 1.336833
v 1.144573 -1.091433 5.018945
v 1.238894 -1.187536 5.049003
v 1.600165 -1.477689 4.909943
v 0.996513 -1.017020 4.625335
v 0.866658 -0.937255 4.757231
v 1.421705 -1.346449 4.656756
v 0.938143 -0.962149 4.288241
v 1.371452 -1.333912 4.559312
v 1.230269 -1.186012 4.415695
v 0.785136 -0.972334 4.163197
v 1.528705 -1.308385 4.263944
v 1.446056 -1.211903 4.290011
v 1.820428 0.600561 1.622706
v 1.597659 0.731585 1.441987
v 2.054115 0.613382 1.208787
v 1.943344 0.608047 1.091235
v 2.160113 0.796931 -0.996623
v 2.004114 0.797732 -1.170986
v 2.453715 0.600861 -0.918247
v 2.735851 0.493376 -0.890777
v 2.284871 0.720793 -1.225651
v 2.548802 0.481467 -1.095814
v 2.165086 0.700754 -1.293425
v 2.031427 0.666777 -1.522081
v 2.577045 0.466105 -1.403364
v 2.373168 0.575419 -1.507159
v 2.231049 0.568027 -1.727104
v 2.587819 0.374404 -1.556849
v 2.384939 0.491305 -1.806154
v 3.199902 -0.422000 -1.941825
v 2.936297 -0.258437 -2.177698
v 3.112470 -0.344333 -2.184124
v 2.611554 -0.096867 -2.487771
v 3.374392 -0.625250 -2.063011
v 2.780404 -0.329893 -2.640759
v 3.344232 -0.639964 -2.282434
v 2.966065 -0.353601 -2.403249
v 2.948751 -0.492074 -2.548886
v 3.200094 -0.602649 -2.440203
v 3.071420 -0.575366 -2.613244
v 2.924315 -0.516932 -2.755748
v 3.374960 -0.749483 -2.521836
v -1.033232 2.115327 6.144400
v -1.157127 2.197834 5.966854
v -0.864294 2.211994 6.038713
v -1.380818 2.137222 5.877604
v -0.975610 2.362550 5.815015
v -0.999776 2.325415 5.518034
v -1.195194 2.333307 5.536166
v -1.042386 2.331725 5.231814
v 1.165006 -1.766845 1.154794
v 1.639609 -1.794708 1.117641
v 1.187357 -1.704836 0.831495
v 1.432312 -1.736621 0.867554
v 1.750457 -1.778924 0.874661
v 1.832954 -1.817345 0.756957
v 1.362013 -1.724907 0.393358
v 1.859325 -1.818157 0.415253
v 2.878345 -1.698563 0.160090
v 2.529705 -1.740697 -0.114647
v 2.779998 -1.696127 0.003189
v 3.156335 -1.732093 -0.049857
v 3.062415 -1.752585 -0.233239
v 2.454431 -1.739742 -0.516002
v 2.755005 -1.703703 -0.546129
v 2.245600 -1.719957 -0.782096
v 2.349322 -1.682362 -0.793454
v 2.920108 -1.745452 -0.481333
v 3.010597 -1.703376 -0.735135
v -1.129943 1.942418 -5.290160
v -1.035362 1.617812 -5.425285
v -1.196831 1.755358 -5.476408
v -0.902043 1.519327 -5.404300
v -1.202160 1.363113 -5.713145
v -0.714741 1.265503 -5.395348
v -0.531582 1.205128 -5.395672
v -0.970337 1.265524 -5.658494
v -0.657727 1.112964 -5.543531
v -0.792722 1.185939 -5.624501
v -1.181384 1.162774 -5.807248
v -1.452754 1.220238 -5.931480
v -0.999576 1.154143 -5.753690
v 0.373049 2.326379 4.219307
v 0.551988 2.040776 4.293957
v 0.719655 1.886418 4.252320
v 0.704311 1.966774 3.982355
v 0.286347 2.172338 3.761522
v 0.556150 2.030991 3.945466
v 0.117236 2.284288 3.731824
v 0.647857 1.939997 3.742701
v -0.054430 2.171959 3.348047
v 0.128135 2.101921 3.377963
v 0.492200 1.783404 3.422641
v 0.767855 1.765464 3.716258
v 0.334904 1.883266 3.437480
v 0.643373 1.739837 3.476393
v -1.273295 2.232075 4.389390
v -1.147844 2.150887 4.337093
v 0.417505 1.760108 -1.815470
v 0.572930 1.516148 -1.765044
v 0.277145 1.874841 -1.982001
v 0.662504 1.484168 -1.895763
v 0.396959 1.644066 -2.164718
v 0.990724 1.296275 -1.789121
v 0.211883 1.853432 -2.140196
v 0.165819 1.962667 -2.260783
v 0.628743 1.475585 -2.146262
v 0.862407 1.312471 -2.044040
v 1.035033 1.204406 -2.007833
v 0.149689 1.800786 -2.475006
v 0.567241 1.440289 -2.394066
v 0.891268 1.318771 -2.146622
v 0.793868 1.318006 -2.212313
v 0.907242 1.217285 -2.365270
v 0.807960 1.293956 -2.448815
v 2.318426 0.578735 1.720493
v 2.651853 0.461107 1.670655
v 2.837094 0.444679 1.773770
v 2.566911 0.521766 1.324915
v 2.956564 0.398033 1.558733
v 2.459021 0.553809 1.176155
v 2.898892 0.369095 1.206375
v 1.969963 0.600329 -1.799613
v 1.926489 0.619735 -1.956114
v 2.426316 0.362279 -1.963995
v 1.997761 0.465757 -2.206311
v 1.777558 0.567927 -2.288968
v 2.261718 0.359390 -2.120075
v 2.012110 0.363370 -2.204236
v 1.800996 0.438664 -2.453197
v 2.111776 0.259275 -2.543739
v 2.261441 0.282740 -2.470056
v -3.190646 -0.858006 -0.236935
v -3.102982 -1.138074 -0.328140
v -3.040948 -1.033441 -0.530290
v 1.180074 1.158883 -1.741555
v 1.352862 1.064024 -1.580721
v 1.443155 0.947978 -1.741267
v 1.454663 0.856130 -1.928532
v 1.285282 0.993522 -2.044306
v 0.968398 1.137521 -2.248515
v 1.330883 1.018459 -2.100201
v 1.579858 0.812082 -1.997041
v 1.507945 0.802303 -2.071355
v 1.734631 0.647328 -2.002025
v 1.177696 1.029050 -2.281303
v 1.104765 1.130672 -2.290447
v 1.597875 0.688624 -2.347160
v 1.258142 0.911512 -2.426990
v 0.634517 0.822573 5.215306
v 0.714803 0.944593 4.965967
v 0.962537 0.580612 5.251193
v 1.084275 0.608131 5.090666
v 0.911980 0.855207 5.036238
v 1.008586 0.825763 4.950689
v 1.076860 0.876801 4.864339
v 0.853459 1.091264 4.819074
v 1.026743 1.056849 4.473321
v 1.259114 0.902992 4.585338
v 1.377299 0.802514 4.729177
v 1.523710 0.693642 4.570820
v 1.467943 0.849402 4.343907
v 1.384371 1.008821 4.262059
v 0.506331 -0.314915 -5.531057
v 0.518231 -0.368494 -5.639088
v 0.537754 -0.449329 -5.583554
v 0.213115 -0.143724 -5.764165
v 0.316784 -0.323208 -5.822902
v 1.516355 1.003513 -0.923772
v 1.275378 1.085096 -1.125609
v 1.453789 0.962476 -1.031888
v 1.627647 0.942300 -0.992522
v 1.866984 1.001931 -0.861661
v 1.165816 1.178510 -1.336125
v 1.837191 1.010714 -0.988128
v 1.545429 1.081759 -1.081478
v 1.145422 1.069222 -1.500772
v 1.422730 1.085486 -1.291898
v 1.283869 1.058462 -1.431757
v 1.799422 0.809119 -1.362262
v 1.531298 1.020367 -1.344993
v 1.669487 0.917448 -1.462302
v 1.586210 0.834530 -1.638060
v 4.340747 -0.556741 -0.378303
v 4.390974 -0.712263 -0.168486
v 4.347847 -1.083072 -0.290264
v 4.338802 -0.995890 -0.043233
v 4.155090 -0.409321 -0.309464
v 4.325000 -1.193472 -0.221146
v 4.368944 -0.972556 -0.380728
v 4.417420 -0.745709 -0.414061
v 4.253869 -1.156010 -0.580415
v 4.204114 -0.559276 -0.823987
v 4.358735 -0.988335 -0.651157
v 4.334607 -0.656006 -0.673083
v 4.372592 -0.807222 -0.862088
v 2.142158 -1.744524 -0.766610
v 2.104059 -1.726568 -0.890033
v 2.066370 -1.677897 -1.074289
v 2.717457 -1.728993 -0.848369
v 2.422455 -1.702053 -1.023335
v 2.693411 -1.704236 -1.047409
v 2.892449 -1.718038 -0.968416
v 2.005220 -1.554254 -1.526467
v 2.286915 -1.634461 -1.449165
v 2.538846 -1.664812 -1.370381
v 2.794828 -1.785081 -1.191705
v 2.439896 -1.602213 -1.507226
v 2.283698 -1.615962 -1.712639
v 2.904200 -1.972151 -1.441923
v 2.670528 -1.803644 -1.537622
v 2.364310 -1.597932 -1.723020
v 2.542327 -1.696212 -1.657484
v 2.683368 -1.717136 -1.833447
v 2.505604 0.331601 3.755728
v 2.643271 0.015325 3.913799
v 2.710121 0.124249 3.809190
v 2.881494 0.141510 3.769058
v 2.485171 0.494025 3.544622
v 2.800911 0.340294 3.582804
v 3.120502 0.299932 3.064855
v 0.792416 0.797057 5.996893
v 1.037079 0.658552 5.905602
v 1.178278 0.431083 6.017712
v 1.303763 0.320546 6.092601
v 0.656051 0.847072 5.679257
v 0.781569 0.737711 5.718907
v 1.040676 0.540149 5.802167
v 1.182067 0.244998 5.819330
v 1.264194 0.131519 5.688394
v 0.801748 0.762199 5.552749
v 1.072889 0.466041 5.725532
v 0.980973 0.427920 5.511795
v 0.889665 0.607288 5.456202
v 1.174878 0.300127 5.577157
v 1.244354 0.267309 5.466960
v 1.236247 0.360365 5.329922
v 2.297914 0.714045 0.986822
v 2.130196 0.738523 0.856515
v 2.712221 0.552844 0.872329
v 2.853738 0.392619 0.960770
v 2.439626 0.615428 0.577019
v 2.269615 0.711398 0.650208
v 2.749341 0.472014 0.774948
v 1.976164 0.727831 0.562466
v 2.992415 0.382122 0.672199
v 2.179638 0.632055 0.226886
v 2.657778 0.454590 0.567217
v 2.439546 0.571043 0.283609
v 2.802145 0.491673 0.545571
v 2.645435 0.434235 0.369584
v 2.839030 0.327104 0.251229
v 2.559496 0.606075 0.169034
v 2.676225 0.310887 0.138703
v -0.433561 2.679232 -1.679863
v -0.251373 2.431371 -1.834623
v -0.341460 2.486489 -1.955369
v 0.008118 2.173008 -1.849237
v -0.009765 2.200459 -1.999313
v -0.160787 2.255034 -1.976788
v -0.238100 2.526266 -2.290737
v -0.322147 2.729548 -2.137762
v 0.066769 2.113972 -2.001300
v -0.187160 2.418038 -2.178643
v -0.106914 2.148282 -2.262553
v 0.037865 2.125660 -2.169989
v -0.134770 2.320839 -2.344119
v -0.282081 2.462080 -2.476385
v -0.229048 2.282438 -2.628069
v 3.298028 -2.076552 -0.937516
v 3.085961 -2.014696 -1.036580
v 2.861515 -1.965287 -1.224672
v 3.207015 -2.091203 -1.386173
v 3.519161 -2.253975 -1.226736
v 3.118100 -2.117404 -1.517596
v 3.614585 -2.298407 -1.317648
v 3.449309 -2.256395 -1.443519
v 0.893422 1.689606 3.971868
v 1.037538 1.435776 4.025734
v 1.177382 1.475321 3.796924
v 0.971939 1.615403 3.828376
v 1.428592 1.322424 3.867637
v 0.816667 1.588199 3.377471
v 1.055043 1.562188 3.648134
v 1.487317 1.278646 3.613899
v 1.134004 1.450290 3.299098
v 1.359513 1.349986 3.381521
v 1.527906 1.316535 3.544610
v 2.014935 -1.293761 5.935401
v 1.886912 -1.375049 5.629385
v 2.202839 -1.321649 5.631121
v 2.022129 -1.358564 5.504141
v 2.165136 -1.395473 5.456798
v 2.503263 0.537666 2.857616
v 2.566905 0.572545 3.121714
v 2.824622 0.396794 2.695737
v 2.893413 0.409779 3.132337
v 2.574705 0.428795 2.293135
v 2.876090 0.338934 2.207313
v 0.161803 -1.910622 -1.752199
v 0.506503 -1.910701 -1.564977
v -0.126555 -1.956926 -2.084485
v 0.683607 -1.792230 -1.911011
v 0.407762 -1.851334 -1.987030
v -0.026108 -1.856753 -2.250205
v 0.497174 -1.759196 -2.426135
v -0.237765 -0.059942 6.134698
v -0.749935 0.233384 6.161920
v -0.650715 -0.022242 5.763068
v -0.234048 -0.191246 5.897263
v -0.007091 -0.171033 6.084561
v -0.816731 -0.078410 5.490561
v 0.039497 -0.274300 5.805095
v -0.176502 -0.262802 5.687971
v -0.065324 -0.221238 5.675198
v -1.575830 2.141972 1.246601
v -1.647981 1.937283 0.991175
v -1.632803 1.939381 0.691202
v -0.274502 2.298586 -2.569290
v -0.379298 2.484681 -2.654809
v -0.365508 2.380306 -2.748444
v -0.137410 2.158120 -2.837398
v -0.426789 2.525275 -2.834426
v -0.327016 2.373875 -2.878584
v -0.581006 2.507145 -3.083207
v -0.579395 2.626270 -3.054324
v -0.183786 2.184506 -3.070297
v -0.448511 2.408722 -3.158291
v -0.526720 2.391009 -3.312896
v -0.334253 2.146084 -3.459344
v -0.061764 -0.568671 4.928395
v 0.168147 -0.578967 4.958133
v -0.117646 -0.671358 4.798672
v 0.092262 -0.646221 4.846456
v 0.268476 -0.694850 4.759384
v -0.241401 -0.810670 4.606694
v 0.042679 -0.782475 4.768825
v 0.157177 -0.805076 4.654575
v 0.395124 -0.774725 4.720234
v 0.079460 -0.857690 4.592237
v -0.107814 -0.920500 4.409897
v 0.338073 -0.924839 4.432783
v 0.607917 -0.895601 4.476176
v 0.658595 -0.895801 4.241257
v -1.592536 0.113031 5.380313
v -1.713154 0.173226 5.237993
v -1.694384 0.024246 4.983903
v -1.282937 -0.108755 5.046280
v -0.940085 -0.149892 5.318788
v -1.784219 0.002926 4.847928
v -1.304692 -0.248083 4.815999
v -0.946716 -0.292894 5.094073
v -1.516294 -0.240038 4.548127
v -1.662787 -0.219588 4.488288
v -1.094519 -0.390020 4.854105
v -1.226798 -0.411429 4.541084
v 1.328899 -1.755500 2.117139
v 1.488033 -1.684550 2.247052
v 1.881737 -1.680781 2.145843
v 2.007512 -1.693623 2.157759
v 1.334970 -1.737222 1.854758
v 1.667970 -1.736574 1.960584
v 2.048290 -1.761779 1.849865
v 1.470523 -1.788033 1.537236
v 1.742775 -1.857091 1.501906
v 1.266624 -1.783631 1.398522
v 2.100255 -1.767916 1.563523
v 2.116530 -1.774274 1.365467
v 0.378121 -1.766808 0.502402
v 0.282470 -1.808082 0.180456
v 1.031134 -1.743970 0.169572
v 0.677932 -1.794397 0.110748
v 0.811311 -1.734212 0.168338
v 0.175351 -1.881695 -0.130546
v 0.672731 -1.699817 -0.086542
v 0.961666 -1.765765 -0.218119
v 0.393117 -1.876186 -0.294089
v 0.765237 -1.834980 -0.302413
v 3.829384 -0.197129 0.214535
v 4.133018 -0.408620 -0.011754
v 1.198770 -1.124974 4.143425
v 0.751511 -1.016619 4.052505
v 1.329322 -1.144991 4.034701
v 0.912018 -0.965697 4.065036
v 0.791569 -1.078470 3.815748
v 0.661888 -1.090980 3.702868
v 1.545364 -1.191105 4.052879
v 1.014776 -1.000286 3.754341
v 0.869945 -1.110723 3.710378
v 1.330924 -1.034733 3.819806
v 0.842362 -1.048425 3.419168
v 1.455876 0.757270 1.195067
v 1.335314 0.784057 0.820234
v 1.667455 0.597303 1.043684
v 1.525741 0.726803 0.883218
v 1.892017 0.644133 0.942733
v 1.437205 0.793673 0.621893
v 1.793947 0.747005 0.821775
v 1.200446 0.884619 0.440751
v 1.401656 0.862767 0.540675
v 2.031678 0.679292 0.677837
v 1.824566 0.725548 0.667856
v 1.595866 0.840851 0.381977
v 1.969413 0.768399 0.443377
v 0.172244 2.113450 4.927137
v 0.361221 1.594510 5.203943
v 0.432302 1.641383 4.997698
v 0.331381 1.863865 4.968697
v 0.177053 2.123282 4.760110
v 0.308935 2.018286 4.742147
v 0.444308 1.795619 4.810571
v 0.600340 1.458820 4.787113
v 0.278397 2.146785 4.673721
v 0.546653 1.643935 4.728352
v 0.273686 2.346160 4.598118
v 0.414924 1.913632 4.595667
v 0.423063 2.050682 4.497283
v 0.472617 2.205193 4.442865
v 0.533650 1.944990 4.589658
v 0.647956 1.780874 4.512791
v 0.669984 1.662856 4.453488
v 0.632230 1.828300 4.415044
v 2.129269 0.710217 0.098374
v 2.334097 0.753985 0.023504
v 2.231714 0.765963 -0.076684
v 2.679954 0.500736 0.092445
v 2.289822 0.790873 -0.217946
v 2.491657 0.733235 -0.156479
v 2.576282 0.594355 -0.086296
v 2.688065 0.418198 -0.124386
v 2.665684 0.529811 -0.156909
v 2.285047 0.836602 -0.411973
v 2.113959 0.867243 -0.433022
v 2.494889 0.662828 -0.470186
v 2.351977 0.762531 -0.550106
v 2.078745 0.980147 -0.696570
v 2.754866 0.502861 -0.327770
v 2.639410 0.598136 -0.527691
v 2.701458 0.415984 -0.558931
v 2.450505 0.613746 -0.743414
v 2.326774 0.754592 -0.772439
v 2.798630 0.522504 -0.709852
v 2.661633 0.474624 -0.742056
v 1.360555 -1.717600 0.260611
v 1.555896 -1.755300 0.299793
v 1.860814 -1.850954 0.243010
v 1.170507 -1.836683 -0.066601
v 1.692954 -1.768422 0.065970
v 1.556364 -1.843937 0.089078
v 1.782880 -1.802009 -0.099399
v 1.653251 -1.800628 -0.271981
v 1.045597 -1.879671 -0.365549
v 1.666824 -1.708269 -0.482072
v 1.201785 -1.943588 -0.816950
v 1.837886 -1.719018 -0.664091
v 1.441362 -1.778813 -0.601217
v -0.917588 -2.163239 -1.356169
v -1.254690 -1.921039 -1.591368
v -1.091974 -2.037128 -1.501665
v -0.532950 -2.081724 -1.352138
v -1.184410 -2.002375 -1.807363
v -0.974835 -2.018550 -1.778221
v -1.119917 -2.038989 -2.002257
v -0.778456 -1.978388 -1.977766
v 0.424749 -1.810661 1.368546
v 0.884150 -1.715038 1.502515
v 0.886578 -1.708938 1.263613
v 1.024400 -1.737275 1.434667
v 0.535372 -1.665624 1.124320
v 0.510141 -1.684640 0.771495
v 0.854628 -1.699897 0.884503
v 0.783286 -1.667833 0.797519
v 1.135450 -1.646871 0.622144
v -0.082483 -1.796547 -2.636698
v 0.074644 -1.829328 -2.551553
v 0.388413 -1.721802 -2.693134
v -0.010188 -1.762780 -2.831436
v -0.081745 -1.787216 -3.145197
v 0.369040 -1.771685 -2.998624
v 0.220261 -1.764916 -3.192683
v -0.333981 -1.784279 -3.508831
v 0.051889 -1.780484 -3.559901
v 4.102863 -0.324880 -0.121087
v 4.015083 -0.322101 -0.478177
v 3.909265 -0.230912 -0.521050
v 3.779921 -0.247719 -0.838502
v 4.084054 -0.366576 -0.894712
v -2.463196 1.320374 5.134610
v -2.688106 1.128263 4.988735
v -2.453315 1.276416 4.732694
v 0.477759 -1.695948 2.342253
v 0.755153 -1.758811 2.208750
v 0.581911 -1.711100 1.896970
v 0.255043 -1.814304 1.864643
v 0.376455 -1.722044 1.968460
v 0.854100 -1.769460 2.030577
v 1.075114 -1.752448 1.989368
v 0.831553 -1.753803 1.735528
v 0.414657 -1.797312 1.579692
v 0.610703 -1.784443 1.576838
v 1.020083 -1.738540 1.599578
v 0.964191 -1.794608 1.516916
v -2.986188 -0.234755 -2.157322
v -3.118839 -0.040198 -2.369770
v -2.906931 -0.228898 -2.394508
v -3.122915 -0.043172 -2.755238
v -3.009192 -0.259918 -3.007892
v -3.097168 -0.144198 -3.004475
v -2.402592 -1.401519 -3.190424
v -2.492176 -1.262476 -3.288295
v -2.372716 -1.587166 -3.267803
v -2.551864 -1.281350 -3.450979
v -2.534232 -1.453996 -3.534256
v -2.637352 -1.220875 -3.715270
v -2.540892 -1.467361 -3.750974
v -2.732043 -1.177993 -3.872708
v -2.671705 -1.531763 -3.982974
v -0.598461 1.938363 -4.748950
v -0.448713 1.748288 -4.685532
v -0.338107 1.650931 -4.730424
v -0.709909 2.019051 -4.896188
v -0.992507 2.026711 -5.091595
v -0.596405 1.755895 -4.796556
v -0.418097 1.530720 -4.853154
v -0.659229 1.826624 -4.886772
v -0.821556 1.960569 -5.083727
v -0.531321 1.457502 -5.058355
v -0.739649 1.785608 -5.060587
v -0.702609 1.488270 -5.229520
v -0.288398 1.431554 -4.968675
v -0.908790 1.872026 -5.202018
v -0.389789 1.283032 -5.151145
v -0.415811 -1.713504 2.444558
v -0.354333 -1.856727 2.211572
v -0.593401 -1.897722 2.084710
v -0.008282 -1.774795 2.227740
v -0.087808 -1.781681 2.098418
v -0.605547 -1.882133 1.590502
v -0.243031 -1.814825 1.852466
v -0.618854 -1.858714 1.509732
v -0.205485 -1.866101 1.441897
v -2.226745 0.048244 2.537219
v -2.246539 0.086033 2.328122
v -2.340232 0.111639 2.033445
v -2.453052 0.196365 1.821651
v 2.039641 0.000659 -3.254579
v 1.930805 -0.215476 -3.442725
v 1.750481 0.062457 -3.558052
v 1.757294 0.034189 -3.689432
v 2.031294 -0.531936 -3.510306
v 1.805146 -0.310534 -3.691132
v -1.183377 -1.065532 3.438110
v -1.325106 -0.925841 3.154482
v -0.718880 -1.279321 3.348233
v -0.990488 -1.200631 3.176795
v -0.627999 -1.143035 3.501892
v -1.146285 -1.010203 2.932244
v -0.278238 -1.473266 3.273737
v -1.261545 -0.906630 2.825381
v -2.649027 -0.842190 -1.388124
v -2.759899 -0.713270 -1.552192
v -2.742350 -0.621142 -1.872634
v -2.636985 -0.728263 -1.848004
v -2.543748 -0.923410 -1.759294
v -2.692296 -0.781225 -1.980862
v -3.511055 -0.991476 -6.067950
v -3.514162 -0.679155 -6.154841
v 1.830171 0.353195 4.919603
v 1.564996 0.634190 4.876271
v 1.989778 0.008772 5.025206
v 2.046546 0.129100 4.921753
v 1.727680 0.548131 4.835640
v 1.883825 0.414539 4.782477
v 2.155085 0.166494 4.817692
v 1.747649 0.550477 4.503005
v 2.180839 0.294892 4.374551
v 1.594396 0.747606 4.264621
v 2.275563 0.147198 4.570512
v 1.802586 0.659749 4.299090
v 1.904415 0.605917 4.290551
v 2.195767 0.575255 4.166442
v 2.147810 0.521175 4.187162
v 3.825983 -0.677990 1.960039
v 3.789142 -1.080515 1.906652
v 3.810633 -0.943434 1.734691
v 3.932966 -0.533634 1.612819
v 3.925197 -0.713318 1.610481
v 3.869096 -1.026899 1.635288
v 3.946216 -0.838390 1.485968
v 3.992748 -0.617800 1.329431
v 3.972690 -0.931651 1.250874
v 3.973871 -0.678475 1.072644
v 4.010758 -0.952117 0.959335
v 4.057473 -1.207570 0.865135
v -1.894918 -1.237751 1.357621
v -1.904814 -1.302992 1.088494
v -2.054361 -1.182216 0.856214
v 1.636920 -1.690998 -0.699297
v 1.442869 -1.807988 -0.814866
v 1.055913 -1.947758 -1.159735
v 1.354238 -1.819359 -1.038298
v 1.394910 -1.771279 -1.252394
v 1.614938 -1.701294 -1.190080
v 1.496402 -1.733442 -1.387463
v -2.364387 -1.281044 -2.284554
v -2.298058 -1.452162 -2.426811
v -2.362765 -1.287576 -2.724000
v -2.333003 -1.379967 -2.933062
v 2.089211 -1.495845 -1.938218
v 2.448593 -1.631335 -1.783614
v 2.027434 -1.513464 -2.144199
v 2.351653 -1.585574 -1.922842
v 2.680326 -1.726989 -1.976923
v 2.417124 -1.602924 -2.169547
v 2.633300 -1.626711 -2.211212
v 2.165957 -1.563479 -2.337977
v 2.368515 -1.559837 -2.326491
v 1.986002 -1.619863 -2.348526
v 2.546210 -1.634925 -2.475410
v 2.217170 -1.539202 -2.500075
v 2.713710 -1.717284 -2.226166
v 2.423895 -1.649381 -2.466255
v 2.283685 -1.624703 -2.557657
v 2.800782 -1.808926 -2.415637
v 2.745896 -1.635347 -2.424239
v 2.428591 -1.714432 -2.612244
v 2.704564 -1.604727 -2.641234
v 2.634019 0.513083 3.414832
v 3.523472 -0.999027 2.914867
v 3.559535 -0.635973 2.755899
v 3.619573 -1.026551 2.648428
v 3.402736 -0.053874 2.345484
v 3.534360 -0.394301 2.582975
v 3.619743 -0.630680 2.338975
v 3.600577 -1.055790 2.450544
v 3.568517 -0.340290 2.257979
v 3.647426 -0.917685 2.301459
v 3.344487 0.014366 2.105101
v 3.682445 -0.444353 2.089156
v -1.576467 1.102557 6.298665
v -1.406333 1.139503 6.344613
v -1.599731 0.756642 6.179467
v -1.871714 0.924307 6.014383
v -2.161782 1.401709 5.789690
v -1.764674 0.576347 5.862675
v -2.147029 0.666323 5.642995
v -2.288098 0.996143 5.620943
v -2.301232 0.898606 5.624761
v -2.297209 1.387876 5.550134
v -1.686594 0.391522 5.626878
v -2.298456 -2.370559 -0.283153
v -2.145441 -2.471506 -0.376210
v -2.270734 -2.419140 -0.543894
v -1.652947 -2.536198 -0.492960
v -2.057437 -2.522718 -0.673024
v -2.535198 -2.451046 -0.909590
v -1.818301 -2.488687 -0.832409
v -0.077059 1.377811 -4.778639
v 0.131493 1.193999 -4.589536
v 0.414997 0.832422 -4.574299
v -0.044294 1.192702 -4.977333
v 0.267085 0.993285 -4.781735
v 0.160304 1.026962 -4.932248
v 0.285992 0.765716 -4.986178
v -0.311242 1.152519 -5.273814
v -0.144462 1.062079 -5.195391
v 0.118731 0.941267 -5.130922
v -0.720017 -1.876323 1.227402
v -0.318487 -1.779313 1.260919
v -0.457114 -1.819222 1.124213
v -0.595069 -2.026278 0.847500
v -0.289207 -1.811515 0.887320
v -0.465945 -2.010963 0.573802
v 3.431477 -1.914877 0.115845
v 3.525269 -1.975578 -0.060396
v 3.493455 -2.042732 -0.226242
v 3.759641 -2.181248 -0.116732
v 3.304868 -1.917998 -0.489311
v 3.583980 -2.217335 -0.375011
v 3.361511 -2.052660 -0.508440
v 3.153239 -1.881542 -0.800324
v 3.680439 -2.360078 -0.570154
v 3.372293 -2.154883 -0.656744
v 1.662878 -1.334634 3.062339
v 1.928781 -1.436135 3.007401
v 1.547929 -1.394192 2.887519
v 1.560840 -1.570112 2.640927
v 1.790452 -1.461230 2.854513
v 1.676088 -1.583919 2.661739
v 1.810317 -1.563870 2.661835
v 1.956383 -1.537963 2.762070
v 2.119379 -1.620021 2.701750
v 1.683142 -1.647862 2.479422
v 2.241858 -1.717969 2.691144
v 2.052561 -1.592913 2.590424
v 1.977635 -1.620422 2.363484
v 2.098897 -1.680728 2.309725
v 2.281327 -1.766508 2.324886
v 2.724464 -1.522190 3.724328
v 3.221989 -0.903731 3.787595
v 3.001539 -1.244684 3.715025
v 2.907551 -1.427821 3.625712
v 3.228050 -1.047355 3.573010
v 3.335713 -0.783714 3.580743
v 3.069649 -1.485919 3.436280
v 2.745473 -1.576491 3.490705
v 2.931878 -1.553806 3.313301
v 3.117277 -1.302686 3.519437
v 2.854907 -1.568029 3.010720
v 3.248209 -1.150722 3.481370
v 3.155258 -1.505383 3.243324
v 3.333602 -1.345110 3.287121
v 3.234550 -1.222257 3.329566
v 3.419959 -1.200937 3.087198
v 3.222542 -1.448519 3.002564
v 3.369899 -1.306925 3.001154
v -1.239436 1.062970 -5.859869
v -0.790867 0.794754 -5.808009
v -1.436154 0.922156 -6.056589
v -1.232139 0.713544 -6.029291
v -0.993064 0.567453 -6.022177
v -1.139403 0.452735 -6.128747
v -0.730504 2.743128 0.967459
v -0.764343 2.817278 0.775964
v -0.864849 2.718614 0.702115
v -0.742768 2.812085 0.531216
v -0.385405 2.646678 0.601697
v -2.476897 -2.271203 -0.314277
v -2.575937 -2.213950 -0.454721
v -2.550507 -2.262325 -0.982591
v -1.034575 -0.590992 4.520743
v -0.805626 -0.842565 4.484982
v -1.172111 -0.807886 4.267497
v -1.186897 -0.998462 3.972807
v -0.842546 -0.974390 4.154152
v -0.446474 -1.044465 4.276204
v -0.288536 -1.003871 4.242424
v -1.103604 -0.959413 3.826024
v -0.621883 -1.025159 4.058890
v -1.227343 -1.013250 3.754470
v -0.446464 -0.960045 4.067958
v -0.830420 -0.999849 3.880391
v -0.544510 -1.069808 3.909251
v -0.343432 -1.053849 3.992268
v -0.817316 -0.982019 3.749267
v -0.652620 -1.005901 3.768732
v -1.005457 -1.059190 3.681379
v -0.922570 -1.067530 3.568743
v -0.178743 -1.048277 3.812972
v -0.400716 -1.046273 3.584541
v -2.480915 0.099113 1.516923
v -2.557823 -0.107210 1.245240
v -2.716809 0.089075 1.126023
v -2.798296 -0.087198 0.896800
v -2.650870 0.084510 0.918257
v 0.076013 -0.892860 4.254940
v -0.046534 -0.991066 4.079645
v 0.081378 -0.976378 4.006378
v 0.523090 -1.069112 4.029800
v 0.481815 -1.080309 3.766587
v 0.214838 -1.062622 3.450376
v -0.039016 -1.184004 3.427456
v 0.455404 -1.110217 3.485353
v 0.567119 -1.096774 3.499998
v -0.259812 -1.186481 3.440417
v -0.086095 -1.424737 3.282891
v 0.028592 -1.410434 3.228336
v 0.155629 -1.287049 3.247877
v 0.316476 -1.529628 3.198786
v 0.302971 -1.263705 3.226852
v 0.091188 -1.615002 2.934682
v 0.435438 -1.291436 3.127617
v 0.058460 -1.620427 2.730769
v -1.489817 2.358739 -0.605271
v -1.476310 2.475466 -0.705349
v -1.369420 2.610148 -0.768302
v -1.388533 2.580757 -0.943730
v -1.469013 2.510440 -1.160245
v -1.941391 1.784080 -5.354938
v -1.843851 1.898565 -5.349463
v -1.566103 2.020717 -5.356364
v -1.835553 1.700645 -5.532067
v -1.692526 1.996376 -5.451343
v -1.772608 1.794750 -5.448582
v -1.310201 2.012303 -5.349928
v -1.928064 1.354626 -5.739148
v -1.410903 1.900996 -5.448351
v -1.572963 1.920876 -5.526278
v -1.670945 1.792172 -5.608370
v -1.632908 1.545882 -5.778821
v -1.363774 1.717141 -5.587593
v 3.329529 -1.638874 0.794204
v 3.627090 -1.775281 0.722387
v 3.305592 -1.691773 0.620567
v 3.931472 -1.674460 0.834108
v 3.779929 -1.755706 0.566669
v 3.535250 -1.922158 0.372178
v 4.101827 -1.502530 0.667736
v 4.123975 -1.637487 0.662375
v 3.359479 -1.807661 0.377332
v 4.086165 -1.208714 0.569622
v 4.200746 -1.715064 0.409636
v 3.719125 -2.040318 0.303762
v 4.207712 -1.588764 0.427436
v 3.408182 -1.931579 0.268336
v 4.098311 -1.797776 0.498254
v 4.255094 -1.427094 0.447818
v 3.873558 -1.986291 0.310757
v 3.951306 -2.154493 0.185934
v -0.593170 2.213881 5.994172
v -0.540898 2.383512 5.833501
v -0.439832 2.029415 5.989701
v -0.805953 2.391815 5.715913
v -0.266950 2.049438 5.800244
v -0.445454 2.465523 5.788704
v -0.290673 2.320459 5.769429
v -0.194947 1.845466 5.819301
v -0.729358 2.407536 5.483685
v -0.098948 2.118200 5.666044
v -0.083264 1.901027 5.743821
v -0.393620 2.580915 5.374405
v -0.081965 2.425545 5.486598
v -0.568627 2.575300 5.377992
v -0.220702 2.515453 5.396851
v 0.076266 2.216997 5.448554
v 0.040215 2.336776 5.299041
v -1.171897 0.959233 6.446661
v -1.313405 0.663945 6.302866
v -1.305516 0.348029 5.957923
v -1.362017 0.165787 5.532762
v -0.968894 0.128778 5.807740
v -0.881353 -0.002351 5.613369
v 0.393979 -0.350264 5.934238
v 0.503035 -0.376065 5.976693
v 0.661247 -0.237180 6.101776
v 0.972075 -0.353675 6.004629
v 0.269173 -0.324632 5.694366
v 0.593727 -0.382998 5.835644
v 0.773185 -0.348967 5.916103
v 0.378138 -0.384558 5.580103
v 1.175913 -0.594672 5.876622
v 0.491342 -0.397116 5.576176
v 0.763634 -0.446103 5.565922
v 0.590894 -0.438859 5.457954
v 0.938018 -0.537535 5.619652
v 0.868686 -0.678676 5.351731
v 4.362708 -0.750691 -1.159688
v 4.394562 -0.885848 -1.144536
v 4.228414 -0.657852 -1.329375
v 3.568053 -0.484304 -1.595619
v 4.064459 -0.535463 -1.558658
v 3.626593 -0.483782 -1.717684
v 4.153596 -0.763317 -1.617926
v 4.211027 -0.875905 -1.606268
v 3.761145 -0.588082 -1.828548
v 4.076961 -1.079898 -1.721626
v 4.015702 -0.840620 -1.858972
v 3.880782 -0.683130 -1.919316
v 4.011076 -1.056918 -1.858991
v 3.917029 -0.878304 -1.935471
v 3.712396 -0.725728 -2.078340
v 4.042933 -1.244362 -1.883456
v 3.493082 -0.727478 -2.275148
v 3.976238 -1.255634 -2.159258
v 3.854486 -1.144316 -2.234273
v 3.545917 -0.873227 -2.378576
v 3.836010 -1.248174 -2.299392
v 3.610727 -1.035102 -2.444848
v 3.305765 -0.831605 -2.640543
v 3.709291 -1.204211 -2.442919
v 3.494236 -1.048187 -2.630587
v 3.829427 -1.324865 -2.439806
v 3.602304 -1.374770 -2.796881
v 1.495545 0.676187 1.066965
v -1.628875 2.144814 -0.297076
v -1.844400 1.904185 -0.296422
v -3.211497 -0.289831 -3.228481
v -2.976798 -0.500288 -3.241128
v -3.428666 -0.117860 -3.674720
v -3.321220 -0.246306 -3.508940
v -3.087863 -0.545226 -3.444161
v -3.372358 -0.262823 -3.770459
v -3.127589 -0.510605 -3.800227
v -2.357797 1.851302 -4.352204
v -2.115499 2.302102 -4.319190
v -2.235549 2.116287 -4.382348
v -2.192842 2.114531 -4.484717
v -2.313040 1.888591 -4.585424
v -2.139215 2.239450 -4.605062
v -2.188718 1.977877 -4.585779
v -2.054584 2.309800 -4.568217
v -1.982339 2.407188 -4.646228
v -0.668392 -0.240359 5.410366
v -0.710867 -0.405514 5.053893
v -0.538333 -0.377789 5.170730
v -0.978473 -0.425953 4.994402
v -0.208614 -0.458661 5.108593
v -0.388456 -0.599622 4.897635
v -0.639349 -0.518218 4.899415
v -0.757102 -0.590918 4.821782
v -0.998790 -0.476527 4.640919
v -0.770283 -0.718790 4.605638
v -0.392150 -0.693047 4.702422
v -0.390240 -0.776602 4.565840
v -1.410827 2.197712 5.217200
v -1.320481 2.212511 4.953609
v -1.142427 2.202731 4.838329
v -1.092197 2.372826 4.740530
v -1.147747 2.267038 4.486488
v -2.485045 -1.848487 -4.210736
v -2.354104 -2.113883 -4.245687
v -2.509195 -1.692268 -4.655576
v -2.408280 -2.005206 -4.612472
v -1.796856 -2.046465 -4.247031
v -2.132784 -2.036142 -4.673851
v -2.207154 -1.805573 -4.757845
v -2.412257 -1.746806 -4.751660
v -1.861254 -1.919763 -4.618887
v -1.976302 -1.875848 -4.877753
v -1.828471 -1.819934 -4.780426
v -1.659871 -1.907274 -5.003263
v -0.697820 -0.901616 -6.077325
v -0.882693 -0.421683 -6.115533
v -0.669317 -0.444885 -6.095119
v -0.337582 -0.589020 -5.945791
v -0.586667 -0.760148 -6.112359
v -0.400332 -0.636384 -6.050421
v -1.545757 -1.879391 0.631080
v -1.798376 -1.686437 0.489770
v -1.687938 -1.927977 0.420677
v -1.342284 -2.023827 0.503468
v -1.987558 -1.745894 0.280708
v -1.879540 -2.079293 0.200859
v -1.426130 -2.155231 0.383442
v -1.217562 -2.111484 0.483069
v -1.650103 -2.191386 0.184787
v -1.244111 -2.354237 0.184982
v -1.537564 -2.313743 0.018442
v -2.820530 -0.699151 -3.302429
v -2.554684 -0.992373 -3.271431
v -2.631081 -0.897267 -3.394679
v -2.698375 -1.037253 -3.601624
v -2.842785 -0.860110 -3.661843
v -2.814489 -1.005953 -3.916228
v 3.243461 -1.526233 2.718719
v 3.542578 -1.203247 2.914535
v 3.523237 -1.352628 2.752627
v 3.597638 -1.212467 2.596743
v 3.455597 -1.407709 2.457397
v 3.174572 -1.593793 2.418628
v 3.198615 -1.683965 2.308084
v -0.902814 -2.153823 0.486719
v -1.035780 -2.341863 0.256617
v -0.681964 -2.150460 0.208088
v -0.467957 -2.094862 0.272902
v -1.184249 -2.438852 -0.100335
v 0.040656 -1.925415 0.195778
v -0.660438 -2.228437 -0.159392
v -0.268670 -2.029410 -0.143522
v -0.520708 -2.144987 -0.275956
v -0.376812 -2.202652 -0.416936
v -2.261000 -1.375444 -6.186817
v -2.212377 -1.116664 -6.466154
v -1.749521 -1.073540 -6.367509
v -1.610116 -0.901036 -6.517521
v -2.323858 -0.855507 -6.839351
v -2.213984 -0.800716 -6.860715
v 3.838485 -0.366823 0.808566
v 3.939219 -0.609587 0.924417
v 3.934018 -0.496071 0.757608
v 4.027071 -0.858023 0.814992
v 4.047092 -1.085281 0.751913
v 4.044195 -0.592927 0.561081
v 4.072673 -0.814481 0.641891
v 3.948647 -0.387453 0.497335
v 4.145007 -1.061220 0.576384
v 4.177477 -1.017747 0.434943
v 4.087322 -0.419606 0.351022
v 4.191622 -0.897357 0.466767
v 4.144291 -1.188870 0.438424
v 4.233252 -0.801006 0.345806
v 4.246560 -1.168810 0.137365
v 4.270506 -0.613224 0.247920
v 4.253022 -1.114330 0.271260
v 4.307924 -0.873385 0.187593
v -0.932182 -2.340435 -0.429290
v -0.784707 -2.210486 -0.618779
v -1.103764 -2.214614 -0.864771
v -0.973544 -2.231885 -1.037485
v -0.500525 -2.214451 -1.037821
v 1.866567 -0.241989 5.888273
v 1.659026 -0.096240 5.781026
v 2.041617 -0.463717 5.923803
v 0.985330 -0.712738 5.529639
v 2.049502 -0.179864 5.587953
v -2.805428 -1.404313 -4.010527
v -2.812825 -1.384412 -4.091431
v -2.653687 -1.664732 -4.163031
v -3.018192 -1.245126 -4.392483
v -2.870859 -1.410418 -4.330373
v -2.705554 -1.632932 -4.317061
v -3.162814 -1.193603 -4.612190
v -2.861250 -1.584593 -4.592201
v -2.662106 -1.729303 -4.435740
v -3.074712 -1.340275 -4.795456
v -3.223067 -1.180814 -4.797939
v -3.053862 -1.659661 -5.041622
v -2.889326 -1.757830 -4.840369
v -2.677443 -1.711373 -4.840090
v -1.212429 -1.768015 -5.223696
v -1.165981 -1.634455 -5.430001
v -0.989776 -1.521936 -5.446123
v -1.183069 -1.387707 -5.713002
v -0.751477 -1.201026 -5.812538
v 1.617423 0.213825 -3.796099
v 1.587021 -0.128736 -3.910875
v 1.871597 -0.587307 -3.795771
v 1.507782 0.070597 -4.029325
v 1.502439 -0.220363 -4.145862
v 1.686201 -0.509140 -4.089675
v 1.261568 0.081626 -4.337116
v 1.640471 -0.681607 -4.283216
v 1.483732 -0.392376 -4.370780
v -1.351817 -0.464486 4.397843
v -1.826646 -0.343526 4.269584
v -1.584459 -0.414656 4.329417
v -1.695503 -0.561227 4.243149
v -2.006642 -0.286937 4.080701
v -1.459351 -0.728195 4.199667
v -2.049718 -0.439761 3.934057
v -1.508886 -0.784120 3.916684
v -1.797606 -0.620752 3.927429
v -1.464102 -0.886127 3.794506
v -1.525668 1.400476 6.213314
v -1.764778 1.394935 6.128645
v -1.146948 1.575489 6.343023
v -1.315553 1.749390 6.248785
v -1.136765 1.876181 6.232770
v -1.431255 1.712244 6.172972
v -1.817517 1.549034 6.003747
v -1.502430 1.482966 6.168410
v -1.734773 1.695057 6.019948
v -1.293060 2.079304 6.148961
v -1.499803 1.875384 6.049520
v -1.971029 1.590899 5.869564
v -1.799139 1.829350 5.820328
v -1.958341 1.639179 5.688004
v -1.539029 2.060251 5.717459
v -1.964550 1.795309 5.556248
v -3.263997 -1.388724 -5.149526
v -3.078269 -1.548939 -5.026402
v -3.082977 -1.748541 -5.319020
v -3.355011 -1.335166 -5.472874
v -3.199493 -1.497680 -5.386600
v -2.771173 -1.740337 -5.456480
v -3.224576 -1.498750 -5.698873
v -2.967252 -1.625425 -5.820325
v -0.414756 -1.991046 -4.320410
v -0.140102 -1.967812 -4.435846
v 0.079253 -1.854829 -4.324121
v 0.184781 -1.693976 -4.262805
v 0.315527 -1.736611 -4.536357
v -0.423868 -1.748725 -4.884285
v -0.010008 -1.846921 -4.568706
v -0.343966 -1.731486 -4.874339
v -0.043676 -1.708105 -4.836289
v 0.572970 -1.615893 -4.482090
v 0.218512 -1.721680 -4.731627
v -0.071750 -1.642227 -4.965838
v 0.171815 -1.563711 -4.975249
v 0.749899 -1.488554 -4.631351
v 0.848313 -1.185053 -4.608142
v 0.943151 -1.214296 -4.498116
v 0.867312 -1.326615 -4.880677
v 1.189376 -1.053465 -4.785864
v 0.923841 -1.101028 -4.784363
v 1.409036 -0.974707 -4.745383
v 0.755905 -1.546098 -4.904215
v 1.042022 -1.315571 -5.185012
v 1.181778 -1.000313 -5.040519
v 1.412001 -0.926516 -4.862484
v 1.216958 -0.791701 -5.064288
v 1.282289 -0.930717 -4.944430
v 1.183641 -1.113101 -5.141037
v 1.038589 -0.851981 -5.196044
v 0.901418 -0.695567 -5.367470
v 0.914800 -0.872726 -5.259481
v 0.276406 -1.903020 -3.609003
v -0.173855 -1.785097 -3.770175
v -0.360940 -1.919616 -4.015129
v 0.092549 -1.747903 -3.810597
v 0.540631 -1.824499 -3.664528
v 0.018302 -1.820878 -3.954222
v -0.396492 -1.948501 -4.120745
v 0.145557 -1.589333 -3.991345
v 0.532078 -1.467767 -3.973640
v -0.289482 -1.905071 -4.135098
v 0.285468 -1.599624 -3.951058
v 0.190305 -1.714315 -4.162447
v 0.496619 -1.528310 -4.009024
v 0.480041 -1.566226 -4.365707
vn 0.4436 -0.8132 -0.3768
vn 0.3183 -0.9055 -0.2806
vn -0.0319 -0.8945 -0.4459
vn 0.8830 0.3598 -0.3014
vn 0.7460 0.4006 0.5319
vn 0.7606 0.6487 -0.0252
vn 0.2040 -0.7812 -0.5900
vn -0.2743 -0.8908 -0.3623
vn 0.2547 -0.7424 -0.6196
vn 0.2557 -0.7803 -0.5708
vn -0.9065 -0.1793 -0.3823
vn -0.9027 -0.2147 -0.3729
vn -0.8654 -0.2193 -0.4505
vn 0.5734 0.6259 -0.5287
vn 0.6489 0.7433 -0.1625
vn 0.8342 0.3588 -0.4188
vn 0.8520 0.4426 0.2795
vn 0.8546 0.4498 0.2597
vn 0.5824 0.8004 0.1420
vn 0.1323 -0.9198 -0.3693
vn 0.1484 -0.9415 -0.3026
vn 0.3278 -0.8753 -0.3557
vn -0.6763 0.7307 -0.0931
vn -0.4045 0.9144 -0.0129
vn -0.5263 0.8234 -0.2120
vn -0.3839 0.8703 0.3084
vn -0.2080 0.9723 -0.1066
vn -0.3520 0.9350 -0.0439
vn -0.1407 -0.5450 0.8265
vn -0.4948 -0.6361 0.5921
vn -0.6364 -0.4388 0.6344
vn -0.6132 0.6156 -0.4950
vn -0.4706 0.7490 -0.4664
vn -0.6181 0.6841 -0.3873
vn -0.6471 -0.7062 0.2872
vn -0.6117 -0.6951 0.3778
vn -0.5679 -0.7295 0.3812
vn -0.7244 -0.5303 0.4405
vn -0.7099 -0.4961 0.4999
vn -0.6254 -0.6167 0.4781
vn -0.7974 -0.6030 -0.0233
vn -0.6395 -0.7100 0.2948
vn -0.7328 -0.5736 0.3659
vn -0.8176 -0.3461 0.4602
vn -0.7825 -0.4954 0.3773
vn 0.9302 -0.2482 -0.2705
vn 0.2560 -0.8772 -0.4062
vn 0.5107 -0.7058 -0.4909
vn 0.2292 -0.9729 -0.0294
vn 0.6741 0.5954 -0.4371
vn 0.6789 0.5861 -0.4422
vn 0.7488 0.5038 -0.4307
vn 0.6382 0.6001 -0.4823
vn 0.3395 -0.9376 0.0751
vn 0.0731 -0.9905 0.1167
vn -0.0174 -0.9881 0.1526
vn 0.3964 0.9033 0.1639
vn -0.1508 0.9737 0.1709
vn -0.2514 0.9648 0.0772
vn 0.5024 0.8634 0.0456
vn -0.9543 -0.2578 0.1513
vn -0.7996 -0.5805 0.1537
vn -0.7866 -0.6174 0.0052
vn -0.8542 -0.5147 0.0739
vn -0.9286 -0.3284 0.1726
vn -0.9808 -0.1643 0.1053
vn -0.9860 -0.1078 0.1274
vn 0.5177 0.4740 -0.7123
vn 0.5530 0.4643 -0.6918
vn 0.4614 0.5389 -0.7048
vn 0.6984 0.3569 -0.6204
vn 0.7795 0.4452 -0.4407
vn 0.7203 0.4068 -0.5618
vn 0.7592 0.4586 -0.4618
vn -0.7377 0.5574 -0.3808
vn -0.7357 0.4084 -0.5404
vn -0.7286 0.6283 -0.2729
vn -0.6797 0.7330 0.0265
vn -0.2381 0.9573 0.1638
vn -0.4128 0.9087 -0.0621
vn -0.3266 -0.9019 -0.2828
vn -0.0192 -0.9723 -0.2328
vn -0.5087 -0.8432 0.1738
vn 0.2203 -0.9093 -0.3530
vn -0.1460 -0.9047 -0.4003
vn 0.9412 -0.0880 -0.3261
vn 0.7921 -0.1416 -0.5938
vn 0.8504 -0.1447 -0.5058
vn 0.8121 -0.2899 -0.5063
vn 0.8584 -0.1116 -0.5007
vn 0.8097 -0.0949 -0.5792
vn 0.7958 -0.0647 -0.6021
vn -0.7794 -0.6104 -0.1410
vn -0.7853 -0.6150 0.0707
vn -0.8043 -0.5849 -0.1050
vn 0.5570 0.6793 -0.4778
vn 0.5454 0.7705 -0.3299
vn 0.5086 0.5432 -0.6680
vn 0.4743 0.6353 -0.6094
vn 0.2125 -0.9765 0.0350
vn 0.2551 -0.9544 0.1547
vn 0.1513 -0.9785 0.1401
vn 0.5839 0.3142 -0.7485
vn 0.4663 -0.0152 -0.8845
vn 0.5106 0.2337 -0.8274
vn 0.4358 -0.0015 -0.9000
vn 0.3507 -0.5768 -0.7378
vn 0.7747 0.6311 0.0399
vn 0.5770 0.6371 0.5110
vn 0.6169 0.5470 0.5659
vn 0.7312 0.6560 0.1871
vn -0.6794 -0.7199 0.1418
vn -0.8510 -0.5092 0.1282
vn -0.7517 -0.5290 0.3938
vn -0.7693 -0.5008 0.3967
vn -0.7129 -0.6901 0.1248
vn -0.9335 -0.3507 -0.0747
vn -0.3059 -0.8963 -0.3211
vn -0.9417 -0.2646 0.2078
vn -0.8988 -0.2825 -0.3351
vn -0.9384 -0.0695 -0.3384
vn -0.8956 -0.3675 -0.2508
vn -0.9025 -0.2243 -0.3676
vn 0.1965 -0.9720 -0.1291
vn 0.1450 -0.9889 0.0329
vn 0.1802 -0.9820 0.0565
vn -0.8708 -0.4894 -0.0463
vn -0.7622 -0.6384 0.1076
vn -0.9370 -0.3134 0.1542
vn 0.0892 -0.9943 0.0592
vn -0.3510 -0.6358 0.6874
vn -0.4410 -0.7815 0.4414
vn -0.3514 -0.6685 0.6555
vn -0.3872 -0.8183 0.4248
vn -0.4409 -0.7098 0.5494
vn -0.3783 -0.5065 0.7749
vn -0.5002 -0.6845 0.5304
vn -0.5603 -0.5486 0.6205
vn -0.6776 0.7218 0.1408
vn -0.7016 0.6849 0.1967
vn -0.6614 0.7262 0.1876
vn -0.8912 0.4528 0.0254
vn -0.7705 0.5362 0.3448
vn -0.7665 0.6391 -0.0643
vn -0.7212 0.6917 0.0385
vn -0.9643 -0.2540 0.0748
vn -0.9986 -0.0515 0.0110
vn -0.9097 0.1313 -0.3939
vn -0.9324 -0.3574 0.0540
vn -0.9819 -0.0372 0.1859
vn -0.8516 -0.5222 0.0444
vn -0.9426 -0.0157 -0.3335
vn 0.3825 0.9076 -0.1730
vn 0.5104 0.8097 -0.2896
vn 0.6657 0.6059 -0.4356
vn 0.5586 0.8283 -0.0440
vn 0.2492 0.9673 -0.0464
vn 0.3418 0.9364 -0.0801
vn -0.6501 -0.7388 0.1777
vn -0.6575 -0.7384 0.1497
vn -0.5710 0.7523 -0.3287
vn -0.7896 0.6109 -0.0586
vn -0.7098 0.6925 0.1288
vn -0.5185 0.8133 -0.2640
vn -0.4158 0.8875 -0.1986
vn -0.5148 0.7856 -0.3431
vn 0.0889 -0.9912 -0.0977
vn 0.1489 -0.9878 0.0463
vn -0.1066 -0.9941 -0.0182
vn 0.5114 0.5619 -0.6502
vn 0.3738 0.5077 -0.7762
vn 0.4291 0.3260 -0.8424
vn -0.8880 0.4432 0.1224
vn -0.7603 0.6214 0.1890
vn -0.8034 0.5661 0.1844
vn 0.6071 -0.3716 0.7024
vn 0.5886 -0.3301 0.7379
vn 0.2489 -0.8137 0.5254
vn 0.4828 -0.4144 0.7715
vn 0.2898 -0.4178 0.8610
vn 0.2684 -0.3811 0.8847
vn 0.1669 -0.6011 0.7815
vn 0.1156 -0.9422 0.3144
vn -0.0213 -0.9962 0.0840
vn 0.4383 0.3378 -0.8330
vn 0.4449 0.3389 -0.8290
vn 0.4358 0.3101 -0.8449
vn 0.3878 0.3950 -0.8328
vn 0.3803 0.3785 -0.8439
vn -0.4244 -0.8893 0.1703
vn 0.7245 0.2210 0.6529
vn 0.5826 -0.1955 0.7889
vn 0.8142 0.3498 0.4635
vn -0.0371 -0.3763 0.9257
vn -0.0318 -0.6761 0.7361
vn 0.5351 -0.6355 0.5566
vn -0.9313 -0.3391 0.1330
vn -0.9555 -0.1927 0.2233
vn -0.8252 -0.4600 0.3278
vn -0.9147 -0.3364 0.2240
vn -0.9098 0.1530 -0.3858
vn -0.8916 -0.2627 -0.3688
vn -0.8800 0.2620 -0.3963
vn -0.8335 -0.4715 -0.2880
vn 0.5580 0.3607 -0.7474
vn -0.1517 0.2870 -0.9458
vn 0.2255 0.7000 -0.6776
vn 0.1256 0.0372 -0.9914
vn -0.4235 0.4326 -0.7959
vn 0.3991 0.0455 -0.9158
vn 0.1655 0.3164 -0.9341
vn 0.0431 -0.9504 0.3079
vn 0.3720 -0.7766 0.5085
vn 0.0701 -0.9940 0.0843
vn 0.0287 -0.9870 0.1583
vn 0.5988 -0.2194 0.7703
vn 0.0218 -0.9700 0.2421
vn -0.1095 -0.9840 0.1402
vn -0.0800 -0.9924 0.0932
vn 0.8167 0.5733 -0.0665
vn 0.8580 0.2012 -0.4725
vn 0.4552 0.8869 -0.0790
vn 0.8030 0.5945 0.0427
vn 0.9511 0.3057 0.0447
vn -0.4215 -0.7675 0.4830
vn -0.5942 -0.4402 0.6732
vn 0.0668 -0.8630 0.5007
vn -0.3664 -0.8966 0.2487
vn 0.6867 0.4708 -0.5538
vn 0.6368 0.7367 -0.2275
vn 0.7707 0.6048 -0.2007
vn 0.7874 0.5450 -0.2881
vn 0.2043 0.8452 -0.4939
vn -0.3223 0.9417 -0.0970
vn -0.3095 0.9509 -0.0014
vn 0.4283 0.8140 -0.3924
vn 0.3772 0.1072 -0.9199
vn 0.3406 0.1080 -0.9340
vn 0.4169 0.2501 -0.8739
vn 0.6216 0.1756 -0.7634
vn -0.8884 -0.3210 -0.3281
vn -0.9019 -0.1962 -0.3847
vn -0.8860 -0.2613 -0.3831
vn -0.2428 -0.9333 0.2645
vn 0.2821 -0.9592 0.0193
vn -0.0162 -0.9969 0.0771
vn -0.0142 -0.9998 0.0105
vn -0.9581 -0.2859 -0.0177
vn -0.8166 -0.5039 0.2816
vn -0.8051 -0.3654 0.4673
vn -0.8544 -0.2516 0.4547
vn -0.8168 -0.2979 0.4941
vn -0.5269 -0.4698 0.7083
vn -0.6604 -0.7401 0.1271
vn -0.7381 -0.6547 0.1632
vn 0.7345 0.5731 -0.3633
vn 0.7868 0.5562 -0.2675
vn 0.7583 0.5650 -0.3253
vn 0.6732 0.5082 -0.5372
vn 0.8009 0.4943 -0.3381
vn -0.8507 0.2206 0.4771
vn -0.6884 0.0157 0.7252
vn -0.7555 0.0910 0.6488
vn -0.4909 0.5706 -0.6584
vn -0.4326 0.5750 -0.6944
vn -0.5089 0.4286 -0.7465
vn -0.3535 0.4815 -0.8020
vn -0.7509 0.5999 -0.2762
vn -0.6224 0.7651 -0.1650
vn 0.8206 0.5499 -0.1557
vn 0.6982 0.7098 0.0936
vn 0.8384 0.5352 -0.1035
vn 0.7265 0.6831 0.0746
vn 0.7775 0.5649 -0.2762
vn 0.7093 0.7037 -0.0404
vn 0.6116 0.7149 -0.3388
vn 0.6650 0.7130 -0.2222
vn 0.6878 0.4948 -0.5311
vn 0.3269 0.5876 0.7402
vn 0.3762 0.3965 0.8375
vn 0.4253 0.6119 0.6669
vn 0.8268 0.5531 0.1022
vn 0.8039 0.5835 0.1154
vn -0.7801 -0.6191 0.0904
vn -0.8171 -0.5420 -0.1962
vn -0.7273 -0.6820 -0.0774
vn -0.8235 -0.5653 0.0471
vn -0.6061 0.7800 -0.1557
vn -0.5206 0.8294 -0.2027
vn -0.4012 0.9068 -0.1298
vn -0.4754 0.8768 -0.0731
vn -0.7714 0.6261 0.1138
vn -0.7400 0.6162 0.2698
vn -0.8886 0.3386 0.3094
vn -0.5812 0.6715 0.4596
vn -0.3967 0.9063 0.1455
vn -0.2311 0.9667 -0.1096
vn 0.1165 -0.0338 -0.9926
vn -0.0871 -0.3496 -0.9329
vn -0.3065 0.4489 -0.8394
vn -0.7695 0.6100 0.1890
vn -0.7260 0.6677 0.1648
vn -0.7611 0.6481 0.0267
vn -0.7139 0.6892 0.1235
vn -0.7264 0.6857 0.0458
vn 0.3886 0.8650 -0.3176
vn 0.3670 0.8996 -0.2365
vn 0.4573 0.8080 -0.3714
vn -0.1361 0.9866 -0.0898
vn -0.7193 0.6732 0.1713
vn -0.7501 0.6571 0.0750
vn -0.3524 0.9296 0.1083
vn -0.7093 0.7023 0.0611
vn -0.6667 0.7372 0.1096
vn -0.7411 0.6635 0.1027
vn -0.6942 0.7181 0.0497
vn -0.8481 -0.5146 0.1259
vn -0.6106 -0.7904 0.0494
vn -0.5684 -0.8167 -0.0993
vn -0.6862 -0.7224 -0.0850
vn -0.2909 -0.9555 -0.0489
vn -0.6795 -0.7335 0.0147
vn -0.4734 -0.8703 0.1356
vn 0.3098 -0.9463 -0.0927
vn 0.5315 -0.8459 0.0439
vn 0.7341 -0.6790 -0.0015
vn -0.0209 -0.9804 -0.1959
vn -0.0962 -0.9952 -0.0168
vn 0.4762 -0.8487 0.2302
vn 0.6462 0.6127 -0.4549
vn 0.7340 0.5148 -0.4430
vn 0.7200 0.4191 -0.5532
vn 0.7492 0.5842 -0.3121
vn 0.3948 0.8764 0.2758
vn -0.6372 -0.2747 0.7201
vn -0.7236 -0.3623 0.5874
vn -0.7953 -0.2924 0.5310
vn -0.9037 -0.4094 0.1256
vn -0.6613 -0.3932 0.6388
vn -0.8803 -0.4374 0.1839
vn 0.6093 0.5769 0.5440
vn 0.6800 0.4348 0.5904
vn -0.6645 0.6814 0.3068
vn -0.6962 0.7119 0.0920
vn 0.1469 0.9352 0.3222
vn 0.4169 -0.7535 -0.5083
vn 0.2959 -0.6644 -0.6863
vn 0.2991 -0.7785 -0.5518
vn 0.2658 -0.8838 -0.3850
vn 0.5090 -0.7572 -0.4094
vn 0.1529 -0.8388 -0.5226
vn 0.2305 -0.7854 -0.5745
vn 0.3009 -0.3598 -0.8831
vn 0.0950 -0.6603 -0.7449
vn 0.3102 -0.1463 -0.9393
vn 0.5187 -0.0013 -0.8550
vn 0.4815 -0.3124 -0.8189
vn 0.1402 -0.7919 -0.5943
vn 0.0827 -0.8283 -0.5542
vn 0.0242 -0.7758 -0.6305
vn -0.4686 0.7257 -0.5038
vn -0.6392 0.7028 -0.3123
vn -0.6060 0.7390 -0.2944
vn -0.6159 0.7606 -0.2053
vn -0.6798 0.6488 -0.3419
vn -0.6338 0.7491 -0.1927
vn 0.1629 -0.8271 -0.5379
vn 0.2553 -0.7365 -0.6265
vn 0.2589 -0.7279 -0.6349
vn -0.1049 -0.9427 -0.3166
vn -0.0716 -0.9514 -0.2994
vn -0.4566 0.8833 -0.1065
vn -0.5384 0.8279 -0.1573
vn -0.2517 0.9216 -0.2954
vn -0.6714 0.7388 -0.0582
vn -0.0144 -0.9997 0.0196
vn 0.0010 -0.9870 -0.1606
vn -0.3582 -0.8984 0.2542
vn 0.0110 -0.9716 0.2364
vn 0.2659 -0.9623 0.0580
vn -0.7344 0.4327 -0.5229
vn -0.4464 0.4717 -0.7604
vn -0.9206 0.1316 -0.3677
vn -0.4582 0.8307 0.3163
vn -0.0146 0.9749 0.2220
vn -0.0006 0.9937 0.1119
vn -0.8605 -0.4006 0.3148
vn -0.7852 -0.4343 0.4414
vn -0.8365 -0.2135 0.5046
vn -0.7131 -0.4798 0.5112
vn -0.9094 -0.3153 0.2712
vn -0.9209 -0.3313 0.2055
vn 0.4352 0.4439 0.7833
vn 0.3463 0.4729 0.8102
vn 0.4621 0.7171 0.5217
vn 0.3780 0.4569 0.8052
vn 0.3670 0.8957 0.2510
vn 0.4945 0.7911 0.3600
vn 0.4764 0.8488 0.2293
vn 0.3368 0.6412 0.6895
vn 0.0195 0.8247 0.5653
vn -0.1549 0.8362 0.5261
vn 0.4494 0.8913 0.0603
vn 0.3879 -0.9146 -0.1145
vn 0.9221 -0.1013 -0.3734
vn 0.9565 0.0458 -0.2881
vn 0.7376 -0.3425 -0.5820
vn 0.8147 0.0958 -0.5718
vn 0.8472 -0.3581 -0.3924
vn 0.5653 -0.6780 -0.4698
vn 0.2715 -0.6868 -0.6742
vn 0.6609 -0.4545 -0.5972
vn 0.8770 -0.1010 -0.4697
vn 0.1053 -0.8845 -0.4544
vn 0.3597 -0.8311 -0.4240
vn 0.2883 -0.8679 -0.4046
vn -0.1187 -0.8322 -0.5417
vn -0.0336 -0.9231 -0.3831
vn 0.1061 -0.9874 -0.1173
vn 0.6639 0.7450 0.0647
vn 0.4057 0.8954 0.1832
vn 0.7727 0.5462 0.3235
vn 0.5139 0.8279 -0.2249
vn 0.6742 0.7216 -0.1575
vn 0.5063 0.8300 -0.2338
vn 0.6818 0.6816 -0.2657
vn -0.3763 -0.9068 -0.1903
vn -0.4661 -0.8841 -0.0337
vn -0.2922 -0.9460 0.1400
vn -0.3701 -0.9281 0.0405
vn -0.3284 -0.9281 0.1756
vn -0.5630 -0.8236 0.0691
vn -0.5634 -0.8029 0.1945
vn -0.3380 -0.9344 -0.1127
vn -0.7345 -0.6148 -0.2874
vn -0.2840 -0.9169 -0.2803
vn -0.6973 -0.5596 -0.4480
vn -0.7755 -0.4986 -0.3873
vn -0.8210 -0.5396 -0.1865
vn -0.5507 -0.6965 -0.4601
vn -0.7058 -0.7017 -0.0974
vn 0.0026 -0.9982 -0.0595
vn 0.2209 -0.8332 -0.5069
vn 0.2359 -0.7537 -0.6134
vn 0.3233 -0.7842 -0.5296
vn 0.6595 0.1286 -0.7406
vn 0.6448 -0.2662 -0.7165
vn 0.5692 0.1445 -0.8094
vn 0.6310 0.5685 -0.5279
vn 0.6057 0.5653 -0.5599
vn 0.7031 -0.2919 -0.6484
vn 0.5552 0.5837 -0.5925
vn 0.7815 0.5849 -0.2173
vn 0.7321 0.6791 -0.0534
vn 0.7408 0.6712 -0.0277
vn 0.1751 0.9639 0.2004
vn 0.6005 0.7986 -0.0410
vn 0.7535 0.3728 0.5415
vn 0.6095 0.7853 -0.1087
vn 0.8748 0.4765 -0.0869
vn 0.7862 0.6179 -0.0024
vn 0.6154 0.7876 -0.0314
vn 0.4235 0.8352 -0.3510
vn 0.0005 0.9970 0.0778
vn -0.1163 0.9482 -0.2956
vn -0.7735 0.6330 0.0319
vn -0.6066 0.7946 -0.0238
vn -0.7330 0.6719 -0.1063
vn -0.8725 0.4723 0.1249
vn -0.7050 0.7011 0.1072
vn -0.8350 -0.5302 0.1471
vn -0.6340 -0.6346 0.4420
vn -0.8737 -0.4721 0.1175
vn -0.6090 0.7637 0.2143
vn -0.8291 0.5513 0.0933
vn -0.7151 0.6936 0.0870
vn -0.7091 0.6807 0.1839
vn -0.8244 0.5546 0.1133
vn 0.7309 0.5200 -0.4420
vn 0.5884 0.7676 -0.2541
vn 0.7029 0.6324 -0.3255
vn 0.6729 0.6786 -0.2945
vn 0.0800 -0.9916 0.1014
vn 0.3800 -0.9187 -0.1081
vn 0.1254 -0.9799 -0.1551
vn 0.2335 -0.8377 -0.4937
vn 0.1013 -0.9305 -0.3521
vn -0.8585 -0.5126 0.0180
vn -0.9546 -0.2953 0.0398
vn -0.9092 -0.2544 -0.3294
vn -0.8310 -0.5515 -0.0725
vn -0.9302 -0.2989 0.2130
vn -0.7937 -0.4121 0.4475
vn -0.7592 -0.4644 0.4560
vn -0.7534 -0.4320 0.4957
vn -0.7832 -0.5142 0.3496
vn -0.8267 -0.5367 0.1687
vn -0.8437 -0.5122 0.1609
vn -0.3907 -0.8939 0.2199
vn -0.2501 -0.9020 0.3519
vn -0.6401 -0.7472 0.1789
vn -0.5468 0.8336 0.0785
vn -0.6250 0.7590 0.1824
vn -0.7980 0.5982 -0.0733
vn -0.7548 0.6101 0.2411
vn 0.1850 -0.8562 -0.4824
vn 0.2843 -0.5364 -0.7946
vn -0.5535 -0.8308 0.0580
vn -0.5715 -0.7933 -0.2101
vn -0.2539 -0.9538 0.1609
vn 0.7583 0.4108 0.5062
vn 0.9096 0.3161 0.2698
vn 0.5948 0.6322 0.4965
vn 0.9560 -0.0306 0.2919
vn 0.9395 -0.2736 0.2059
vn 0.9479 -0.2342 0.2160
vn 0.9284 0.1769 0.3268
vn 0.7701 0.3880 0.5064
vn 0.4650 -0.8227 -0.3271
vn -0.2522 -0.9510 -0.1791
vn 0.4120 -0.8142 -0.4091
vn -0.0686 -0.9960 -0.0576
vn -0.3323 -0.9225 -0.1964
vn -0.3463 -0.9344 -0.0830
vn -0.2461 -0.9661 -0.0783
vn 0.7764 -0.5449 0.3168
vn 0.5357 -0.8433 0.0437
vn 0.7223 -0.6870 0.0789
vn 0.5259 -0.8189 0.2297
vn 0.2948 -0.8923 -0.3419
vn 0.4508 -0.8062 -0.3831
vn -0.7933 -0.5934 -0.1361
vn -0.9033 -0.4192 -0.0909
vn -0.9115 -0.4052 -0.0704
vn -0.9650 0.1696 0.2003
vn -0.9423 0.2918 0.1642
vn 0.2343 0.9372 0.2583
vn -0.5414 0.8255 0.1593
vn 0.4073 0.9013 0.1477
vn -0.2422 0.9608 0.1346
vn -0.6335 0.7695 0.0805
vn -0.4837 0.8749 -0.0251
vn 0.0829 0.9941 -0.0692
vn -0.4764 -0.8520 0.2171
vn -0.5258 -0.7828 0.3328
vn -0.5915 -0.7901 0.1607
vn -0.5455 -0.8251 0.1468
vn -0.5764 -0.7847 0.2280
vn -0.3774 -0.9257 -0.0265
vn -0.5939 -0.7941 0.1288
vn -0.5553 -0.7761 0.2989
vn -0.9079 -0.0314 0.4179
vn -0.9143 -0.1744 0.3655
vn -0.6489 -0.7533 0.1071
vn -0.9076 -0.3711 0.1965
vn -0.8875 -0.3616 0.2857
vn -0.4295 -0.8908 0.1485
vn -0.7892 -0.5938 0.1571
vn -0.9506 -0.3086 0.0329
vn 0.6085 0.7752 -0.1699
vn 0.5800 0.7838 -0.2219
vn 0.3225 0.9447 0.0591
vn 0.5021 0.8624 -0.0646
vn 0.2956 0.9532 0.0627
vn 0.4021 0.8168 -0.4136
vn -0.7637 0.5939 0.2533
vn -0.6894 0.6906 0.2189
vn -0.7808 0.6045 0.1578
vn -0.6642 0.7296 0.1628
vn 0.2705 -0.8631 -0.4264
vn 0.1268 -0.9249 -0.3585
vn 0.7312 0.6725 -0.1143
vn 0.2041 0.9766 -0.0675
vn 0.2049 0.9772 -0.0549
vn -0.5007 0.8583 0.1126
vn 0.3727 0.9232 0.0937
vn 0.7442 0.6646 -0.0665
vn -0.2711 0.9602 0.0666
vn 0.8213 0.5697 -0.0308
vn 0.7735 0.6291 -0.0777
vn 0.3724 0.9260 0.0626
vn 0.3777 0.9178 0.1223
vn 0.1533 0.9548 0.2547
vn 0.5375 0.8418 -0.0504
vn 0.2191 0.9537 0.2059
vn -0.9298 -0.3410 0.1390
vn -0.9257 -0.3688 0.0841
vn -0.9441 -0.3294 0.0139
vn -0.9458 -0.2426 -0.2161
vn -0.8610 -0.4124 -0.2976
vn 0.6525 0.6070 -0.4536
vn 0.2919 0.8911 -0.3475
vn 0.8313 0.5225 -0.1895
vn 0.7358 0.6757 -0.0449
vn 0.4875 0.8573 -0.1656
vn 0.6572 0.6717 0.3420
vn 0.2574 0.9302 0.2617
vn 0.6488 0.7134 -0.2647
vn 0.1643 0.8093 -0.5639
vn -0.1141 0.9778 -0.1760
vn -0.0090 0.8818 -0.4716
vn -0.6602 -0.7079 0.2509
vn -0.9077 -0.3209 0.2703
vn -0.7223 -0.4858 0.4922
vn 0.5095 0.8075 -0.2972
vn 0.6874 0.6454 -0.3331
vn 0.8678 0.4966 -0.0175
vn 0.8486 0.1317 0.5124
vn 0.7655 0.1016 0.6354
vn 0.6178 0.4420 0.6504
vn 0.7919 0.5039 0.3448
vn 0.8190 0.4897 0.2989
vn 0.8043 0.5621 0.1928
vn 0.9083 -0.1454 0.3922
vn 0.8840 -0.0403 0.4657
vn 0.8906 0.0055 0.4547
vn 0.6617 0.7348 0.1490
vn 0.8100 0.5862 -0.0171
vn -0.9435 0.3314 -0.0057
vn -0.9505 0.3029 0.0699
vn -0.8256 0.5641 -0.0122
vn -0.9500 0.3078 0.0529
vn 0.1432 -0.8974 -0.4173
vn -0.5458 0.4145 -0.7282
vn -0.5422 0.5060 -0.6708
vn -0.2786 0.1453 -0.9494
vn -0.8044 0.3371 -0.4891
vn -0.3161 0.5252 -0.7901
vn -0.4988 0.5433 -0.6753
vn -0.4454 0.7742 -0.4498
vn -0.5660 0.6295 -0.5323
vn -0.2824 0.8392 -0.4648
vn -0.8228 0.4475 -0.3504
vn -0.7798 0.5345 -0.3258
vn -0.6050 0.5978 -0.5259
vn -0.8604 0.4237 -0.2832
vn 0.8179 0.4544 -0.3531
vn 0.7087 0.4951 -0.5026
vn 0.6840 0.5478 -0.4817
vn 0.3089 0.6980 -0.6461
vn 0.4203 0.6644 -0.6180
vn 0.4553 0.5614 -0.6911
vn 0.2221 0.6182 -0.7540
vn 0.0225 0.8264 -0.5627
vn 0.1695 0.7964 -0.5806
vn -0.0201 0.8544 -0.5193
vn 0.1884 0.7810 -0.5954
vn -0.3030 0.7908 -0.5319
vn -0.0440 0.8679 -0.4948
vn -0.0398 0.8550 -0.5171
vn -0.0509 -0.9726 0.2269
vn -0.1384 -0.9647 0.2241
vn 0.0639 -0.9609 0.2693
vn -0.0119 -0.9816 0.1905
vn -0.6281 -0.7735 0.0851
vn -0.5325 -0.8237 0.1951
vn -0.5664 -0.8214 0.0665
vn 0.0101 -0.9469 -0.3215
vn 0.0979 -0.8016 -0.5898
vn 0.2965 -0.8816 -0.3673
vn -0.9062 -0.4075 0.1129
vn -0.8259 -0.5304 0.1913
vn -0.9349 -0.2843 0.2125
vn -0.9538 -0.2814 0.1052
vn -0.9173 -0.3577 0.1749
vn -0.9029 -0.3439 0.2580
vn -0.8336 -0.4048 0.3759
vn -0.7756 -0.5863 -0.2339
vn -0.8562 -0.4738 -0.2061
vn -0.7171 -0.6887 -0.1070
vn -0.3606 -0.6227 0.6944
vn -0.3945 -0.7454 0.5374
vn -0.3142 -0.7041 0.6369
vn -0.6174 -0.7487 0.2416
vn -0.0757 -0.7085 0.7016
vn 0.1266 -0.3489 0.9286
vn -0.0419 -0.7227 0.6899
vn 0.1069 -0.7317 0.6732
vn 0.1187 -0.7199 0.6838
vn 0.1725 -0.8458 0.5048
vn -0.8623 0.5049 -0.0382
vn 0.1032 -0.4724 0.8753
vn 0.1134 -0.4289 0.8962
vn 0.1022 -0.9373 0.3331
vn -0.1672 -0.8180 0.5504
vn 0.5612 -0.4569 0.6901
vn 0.4747 -0.1708 0.8634
vn 0.5039 0.4506 -0.7369
vn 0.4615 0.4233 -0.7796
vn 0.4053 0.4267 -0.8085
vn 0.4045 0.2953 -0.8656
vn -0.8298 -0.5475 0.1078
vn -0.9965 0.0471 0.0686
vn -0.7999 -0.5990 0.0364
vn -0.7044 0.6733 0.2245
vn -0.7126 0.6930 0.1092
vn -0.9798 -0.1995 -0.0128
vn -0.9003 -0.4206 -0.1120
vn -0.9261 -0.3772 0.0089
vn -0.9474 -0.3183 -0.0327
vn -0.8996 -0.4365 0.0124
vn -0.6638 0.7442 0.0744
vn -0.6799 0.7032 -0.2079
vn -0.5351 0.8447 0.0097
vn -0.3392 -0.8895 0.3063
vn -0.2164 -0.9515 0.2188
vn -0.3657 -0.8867 0.2831
vn -0.2272 -0.9378 0.2624
vn -0.4810 -0.7879 0.3846
vn -0.4294 -0.8770 0.2156
vn -0.6318 -0.6720 0.3864
vn -0.8211 -0.5181 0.2395
vn -0.7544 -0.5413 0.3712
vn 0.2538 0.9672 -0.0130
vn 0.3214 0.9430 0.0856
vn 0.3695 0.9240 0.0986
vn 0.1075 0.9941 -0.0162
vn 0.2334 0.9363 -0.2625
vn 0.5109 0.1153 -0.8519
vn 0.3899 -0.5065 -0.7690
vn 0.3899 -0.8626 -0.3224
vn -0.7363 0.6431 0.2102
vn -0.6902 0.6722 0.2679
vn -0.7067 0.6859 0.1736
vn -0.9793 -0.0480 0.1968
vn -0.7114 -0.1671 0.6827
vn -0.3902 -0.8371 0.3835
vn -0.3054 -0.9231 0.2337
vn 0.0874 -0.9626 0.2564
vn -0.0758 -0.9302 0.3592
vn -0.2453 -0.9564 -0.1583
vn -0.9379 0.3203 -0.1332
vn -0.8912 0.4326 0.1365
vn -0.9219 0.3871 0.0134
vn -0.9764 -0.1927 -0.0979
vn -0.9194 -0.2734 -0.2828
vn -0.9498 -0.1745 -0.2597
vn -0.9267 -0.1464 -0.3461
vn -0.0958 -0.9932 0.0659
vn -0.3339 -0.9391 0.0815
vn -0.8494 -0.2605 0.4590
vn 0.0992 -0.9708 -0.2182
vn 0.0679 -0.9806 -0.1838
vn 0.0669 -0.9767 -0.2038
vn 0.1139 -0.9803 -0.1615
vn -0.7866 -0.5550 0.2705
vn -0.6039 -0.7387 0.2994
vn -0.6170 -0.7407 0.2660
vn -0.7243 -0.6666 0.1761
vn -0.4878 -0.8366 0.2494
vn -0.4913 -0.8639 0.1110
vn -0.7873 -0.5562 0.2662
vn 0.7660 0.6428 0.0066
vn -0.3272 0.9425 0.0686
vn 0.2970 0.8589 -0.4172
vn 0.5850 0.7263 -0.3610
vn -0.0529 0.9375 -0.3438
vn -0.6381 0.7684 -0.0490
vn 0.7229 0.6544 -0.2219
vn 0.7749 0.6034 -0.1883
vn 0.6361 0.6631 -0.3946
vn -0.9843 -0.1737 -0.0328
vn -0.7885 -0.6149 0.0120
vn -0.8119 -0.5636 0.1524
vn -0.9850 -0.0576 -0.1626
vn -0.9447 -0.3270 -0.0255
vn -0.9588 -0.2702 -0.0879
vn -0.9607 -0.2470 -0.1271
vn 0.1421 -0.1261 -0.9818
vn 0.4321 -0.0043 -0.9018
vn 0.2333 -0.0343 -0.9718
vn 0.4147 0.0090 -0.9099
vn -0.9799 0.1727 -0.1002
vn -0.9869 -0.0578 0.1505
vn -0.9714 0.1388 -0.1926
vn -0.8286 -0.5251 0.1940
vn -0.9947 0.0505 -0.0891
vn -0.9596 -0.2150 0.1814
vn -0.9897 -0.1431 0.0033
vn -0.9220 -0.3768 -0.0886
vn -0.9967 -0.0684 0.0441
vn -0.9909 -0.1315 0.0301
vn -0.8295 -0.1371 0.5414
vn -0.6891 -0.3817 0.6160
vn -0.7673 -0.2087 0.6063
vn -0.5833 -0.4372 0.6846
vn -0.9263 -0.3210 0.1972
vn 0.3336 0.1670 -0.9278
vn 0.2925 0.5311 -0.7952
vn 0.3394 0.4346 -0.8343
vn 0.2646 0.1395 -0.9542
vn -0.0604 0.8167 -0.5739
vn 0.2562 0.2408 -0.9362
vn -0.1480 0.5028 -0.8516
vn -0.6405 -0.7628 0.0892
vn -0.7118 -0.6912 0.1248
vn -0.8522 -0.5110 0.1125
vn -0.8925 -0.4312 0.1324
vn -0.9726 -0.1415 -0.1845
vn -0.7693 0.6358 -0.0628
vn -0.8800 0.4610 0.1144
vn -0.6253 0.7691 -0.1320
vn -0.2770 0.7861 0.5526
vn -0.4571 0.7805 0.4266
vn -0.2765 0.7696 0.5756
vn -0.4905 0.6380 0.5937
vn -0.7806 0.5368 0.3202
vn -0.6403 0.7332 0.2290
vn 0.6565 0.3016 -0.6914
vn 0.6081 0.5351 -0.5865
vn 0.5894 0.4310 -0.6833
vn 0.6442 0.4098 -0.6458
vn 0.6471 0.6382 -0.4172
vn 0.6400 0.3659 -0.6756
vn -0.4420 0.3297 -0.8343
vn -0.4624 0.2665 -0.8457
vn -0.7525 0.5253 -0.3971
vn -0.5634 -0.7868 0.2520
vn -0.5490 -0.7129 0.4363
vn -0.3317 -0.9040 0.2698
vn -0.8914 -0.4525 0.0255
vn -0.9787 -0.2032 0.0296
vn -0.7517 -0.6108 0.2487
vn -0.7965 -0.5977 0.0914
vn -0.8685 0.4887 0.0829
vn -0.5148 0.8312 -0.2100
vn -0.9257 0.3456 0.1538
vn -0.2895 0.3922 -0.8731
vn -0.1794 0.3087 -0.9341
vn -0.1966 0.4914 -0.8485
vn -0.8965 -0.4207 0.1392
vn -0.7848 -0.4904 0.3790
vn -0.8294 -0.4673 0.3061
vn -0.7582 -0.6098 0.2308
vn -0.9886 -0.1504 0.0095
vn -0.8353 -0.4515 0.3137
vn -0.6364 -0.7640 -0.1065
vn -0.7572 -0.6487 0.0759
vn -0.6872 -0.7203 0.0940
vn -0.6363 -0.7703 -0.0417
vn -0.8813 -0.3697 0.2942
vn 0.0452 -0.9757 -0.2144
vn -0.0726 -0.9860 -0.1503
vn 0.8314 -0.5555 -0.0139
vn 0.2375 -0.9667 -0.0956
vn 0.4641 0.6519 -0.5997
vn 0.5267 0.7510 -0.3981
vn 0.4760 -0.1536 -0.8659
vn 0.4693 0.1344 -0.8728
vn 0.5041 0.1364 -0.8528
vn 0.3418 -0.9160 0.2100
vn -0.0957 -0.9929 0.0701
vn -0.0457 -0.9946 0.0927
vn 0.1323 -0.9889 0.0676
vn 0.3894 -0.8625 0.3232
vn 0.0906 0.9482 -0.3046
vn -0.4552 0.8898 -0.0326
vn -0.7069 0.6928 0.1423
vn -0.6412 0.7491 0.1664
vn -0.5339 0.8433 0.0618
vn -0.6419 -0.3969 0.6561
vn -0.7428 -0.3106 0.5931
vn -0.7152 -0.4358 0.5464
vn -0.6412 -0.4082 0.6498
vn -0.8325 -0.2587 0.4898
vn -0.6642 -0.3912 0.6370
vn -0.6770 -0.3786 0.6311
vn 0.6794 0.4584 -0.5730
vn 0.5879 0.5346 -0.6071
vn 0.7583 0.5273 -0.3834
vn 0.5362 0.3981 -0.7443
vn -0.9390 0.3435 0.0189
vn -0.9074 0.4123 0.0820
vn -0.9204 0.3906 0.0169
vn -0.9085 -0.3475 0.2319
vn -0.9429 -0.2696 0.1954
vn -0.9331 -0.3576 0.0390
vn 0.5706 0.3602 -0.7380
vn 0.5718 0.3174 -0.7565
vn -0.2750 0.9524 0.1317
vn -0.4994 0.8663 0.0137
vn -0.6299 0.7766 0.0095
vn -0.2685 0.9522 0.1457
vn -0.7606 0.6362 0.1295
vn -0.8533 0.5118 0.0994
vn -0.2312 0.9068 -0.3525
vn -0.4708 0.8642 -0.1776
vn -0.4999 0.8472 -0.1797
vn -0.6241 0.7411 -0.2475
vn -0.6599 0.7507 0.0300
vn -0.8663 0.3752 -0.3297
vn -0.8903 0.3064 -0.3369
vn -0.8366 0.3911 -0.3835
vn -0.8811 0.3864 -0.2727
vn -0.7344 0.5879 -0.3391
vn -0.7635 0.6082 -0.2172
vn -0.4479 0.8312 -0.3294
vn 0.8600 -0.0723 -0.5052
vn 0.8152 -0.3627 -0.4515
vn 0.8015 0.3460 -0.4877
vn 0.7240 -0.2664 -0.6362
vn 0.8363 -0.1627 -0.5236
vn 0.9269 0.3230 -0.1910
vn -0.3140 0.8797 -0.3571
vn -0.6236 0.7274 -0.2866
vn 0.6795 0.1272 -0.7225
vn 0.6942 -0.1587 -0.7021
vn 0.3347 0.1228 -0.9343
vn 0.3520 0.0877 -0.9319
vn 0.3122 -0.0967 -0.9451
vn 0.1530 0.0055 -0.9882
vn 0.1328 -0.0907 -0.9870
vn 0.5075 0.2313 -0.8300
vn 0.4975 0.1672 -0.8512
vn -0.0987 -0.1069 -0.9894
vn 0.4268 -0.1784 -0.8866
vn 0.4508 -0.3661 -0.8141
vn -0.0259 -0.8624 -0.5056
vn 0.1399 -0.6053 -0.7836
vn -0.0119 -0.7207 -0.6932
vn -0.2827 -0.8498 -0.4449
vn -0.7545 -0.1918 -0.6276
vn 0.0911 -0.9956 -0.0235
vn -0.7998 -0.1391 -0.5839
vn -0.8941 -0.3251 -0.3080
vn -0.9246 -0.2814 -0.2567
vn -0.8773 -0.3125 -0.3642
vn 0.2531 0.9309 -0.2635
vn -0.2033 0.8804 -0.4284
vn -0.5302 0.7507 -0.3941
vn -0.6134 0.7379 -0.2815
vn -0.2568 0.8769 -0.4064
vn -0.5736 0.7151 -0.3995
vn -0.3430 0.7955 -0.4995
vn 0.0573 -0.9927 0.1063
vn -0.3966 -0.8162 0.4201
vn -0.0944 -0.9657 0.2418
vn 0.0460 -0.9740 0.2216
vn 0.3047 -0.9509 0.0546
vn -0.1492 -0.9102 -0.3863
vn 0.3154 -0.9288 -0.1945
vn -0.7048 -0.5811 -0.4069
vn -0.2913 -0.7947 -0.5326
vn -0.8594 0.5064 -0.0706
vn -0.9281 0.3026 -0.2172
vn -0.9418 0.3062 -0.1384
vn -0.9579 -0.1920 -0.2133
vn -0.0763 0.9907 0.1128
vn 0.8248 0.4442 0.3498
vn 0.7862 0.5618 0.2575
vn -0.5465 0.8357 -0.0540
vn -0.2458 0.8001 0.5471
vn 0.2968 0.9102 0.2889
vn 0.6414 0.7525 0.1497
vn -0.0797 0.9757 0.2042
vn 0.0848 0.9607 0.2644
vn 0.8322 0.5175 0.1991
vn 0.7319 0.6773 -0.0745
vn 0.4249 0.8817 0.2051
vn 0.6653 0.3841 -0.6402
vn 0.6829 0.2461 -0.6879
vn 0.6866 0.4640 -0.5597
vn 0.6262 0.4027 -0.6676
vn 0.8155 0.2895 -0.5012
vn 0.5087 0.2121 -0.8344
vn 0.0771 0.0570 -0.9954
vn -0.8715 0.4582 0.1749
vn -0.8687 0.4933 0.0458
vn -0.6654 0.7208 0.1942
vn -0.8154 0.5675 0.1144
vn -0.8020 0.5719 0.1722
vn -0.6751 0.7360 0.0515
vn -0.7673 0.3256 0.5524
vn -0.8475 0.5254 0.0751
vn -0.9724 -0.1825 0.1455
vn -0.3922 0.8581 -0.3314
vn -0.1763 0.9218 -0.3452
vn -0.2269 0.9400 -0.2550
vn -0.2520 0.9539 -0.1627
vn -0.7092 0.7000 0.0833
vn -0.9158 0.3811 -0.1265
vn -0.8652 0.4648 0.1880
vn -0.8464 0.4944 0.1979
vn -0.8676 0.4538 0.2032
vn -0.7082 0.7051 0.0358
vn -0.7715 0.6291 0.0954
vn -0.5813 0.7988 0.1548
vn -0.7965 0.6024 0.0516
vn -0.7381 0.6705 0.0748
vn 0.8207 0.4783 0.3124
vn 0.6218 0.4042 0.6708
vn 0.7717 0.5395 0.3369
vn 0.6738 0.7197 0.1671
vn 0.5929 0.7127 0.3748
vn 0.7353 0.5408 0.4086
vn 0.6151 0.5395 -0.5750
vn 0.7161 0.5404 -0.4418
vn 0.7114 0.5755 -0.4034
vn -0.8246 -0.5490 -0.1369
vn -0.6107 -0.7206 -0.3283
vn -0.6285 -0.6478 0.4304
vn -0.8216 -0.5309 0.2077
vn -0.5007 -0.7600 0.4144
vn -0.6545 -0.6235 0.4277
vn -0.5992 -0.7035 0.3822
vn -0.6002 -0.6423 0.4766
vn -0.9136 0.4065 -0.0132
vn -0.9545 0.2843 0.0897
vn -0.8092 0.5870 0.0246
vn -0.9473 0.3191 0.0280
vn -0.9372 0.3375 0.0884
vn 0.3288 -0.9434 -0.0428
vn 0.4012 -0.8906 -0.2143
vn -0.1306 0.9876 0.0866
vn -0.6752 0.5381 0.5045
vn -0.6774 0.7245 0.1273
vn -0.5888 0.4811 0.6495
vn -0.4037 0.9143 -0.0341
vn -0.3618 0.9300 0.0651
vn -0.8741 -0.3401 -0.3467
vn -0.8024 -0.2481 -0.5428
vn -0.7849 -0.6195 0.0139
vn -0.7664 -0.6330 0.1092
vn -0.9475 -0.2033 -0.2470
vn -0.7425 0.6486 0.1675
vn -0.7247 0.6881 0.0368
vn -0.6803 0.7232 0.1190
vn -0.7298 0.6815 0.0548
vn -0.7742 0.6151 0.1490
vn -0.8021 0.5505 0.2316
vn -0.6931 0.6958 0.1883
vn -0.8098 0.5007 -0.3057
vn -0.7936 0.5170 -0.3208
vn -0.7128 0.6140 -0.3390
vn -0.8129 0.5072 -0.2862
vn -0.1690 -0.9528 -0.2522
vn 0.8577 0.3598 -0.3673
vn 0.8020 0.4871 -0.3457
vn 0.7824 0.6186 -0.0728
vn 0.6333 0.7714 -0.0614
vn -0.8976 0.4360 0.0645
vn -0.8025 0.5385 0.2569
vn -0.8190 0.5736 0.0139
vn -0.8009 0.5865 0.1208
vn -0.8121 0.5679 0.1339
vn -0.7069 0.6909 0.1517
vn -0.8188 0.5623 0.1156
vn -0.8181 0.5700 0.0765
vn -0.7711 0.6248 -0.1221
vn -0.6281 0.7780 0.0098
vn -0.8065 0.5845 0.0889
vn -0.9306 0.3414 -0.1317
vn -0.7372 -0.3155 0.5976
vn -0.7048 -0.4868 0.5161
vn -0.8029 -0.4705 0.3660
vn -0.7531 -0.6364 0.1672
vn -0.6219 -0.4703 0.6262
vn -0.4629 -0.4959 -0.7347
vn -0.4538 -0.7330 -0.5066
vn -0.8224 0.5630 0.0825
vn -0.7907 0.6113 0.0342
vn 0.6477 0.3325 -0.6855
vn 0.4850 0.1167 -0.8667
vn 0.6160 0.3143 -0.7223
vn 0.3165 0.0875 -0.9445
vn 0.8568 0.3184 -0.4056
vn -0.8279 0.5018 -0.2505
vn -0.5605 0.6594 -0.5011
vn -0.7123 0.6480 -0.2698
vn -0.7211 0.5609 -0.4068
vn -0.6941 0.6787 -0.2398
vn -0.7667 0.6347 0.0964
vn -0.8274 0.5609 -0.0271
vn 0.9896 -0.0350 0.1394
vn 0.9193 0.3611 0.1563
vn 0.9585 0.1049 0.2652
vn 0.6257 0.4672 -0.6247
vn 0.6644 0.5342 -0.5227
vn -0.9425 0.3321 0.0373
vn 0.4796 0.4498 -0.7534
vn -0.8531 0.4984 0.1544
vn -0.8629 0.4784 0.1628
vn -0.7538 0.6464 0.1177
vn -0.8514 0.5229 0.0417
vn 0.2177 0.5752 -0.7885
vn 0.4004 0.4095 -0.8198
vn 0.2965 0.3620 -0.8838
vn -0.2851 0.7983 -0.5305
vn -0.0727 0.7127 -0.6977
vn 0.3776 0.3526 -0.8562
vn -0.6719 -0.7048 0.2274
vn -0.1911 -0.9298 0.3147
vn 0.2667 -0.9397 0.2141
vn 0.1784 -0.9839 -0.0038
vn -0.8574 0.5126 -0.0465
vn -0.9177 0.3820 -0.1094
vn -0.8821 0.4333 -0.1846
vn -0.7285 0.6837 -0.0436
vn -0.8110 0.5815 -0.0648
vn -0.6777 0.7198 0.1506
vn -0.7509 0.6302 0.1974
vn -0.6682 0.7151 0.2055
vn -0.5519 0.8135 0.1833
vn -0.5537 0.8235 -0.1235
vn -0.2660 0.8955 0.3568
vn -0.5824 0.8119 0.0405
vn 0.5289 0.5642 -0.6339
vn 0.3274 -0.9335 0.1466
vn 0.3660 -0.9305 -0.0155
vn 0.3753 -0.9165 0.1384
vn -0.8019 0.5157 -0.3017
vn -0.9430 0.3275 -0.0591
vn -0.8979 0.4360 -0.0606
vn 0.5748 0.5818 -0.5753
vn 0.5725 0.6978 -0.4305
vn -0.2958 0.8206 -0.4890
vn -0.7300 0.6782 -0.0845
vn -0.8579 0.4440 -0.2584
vn -0.9331 0.2252 -0.2805
vn -0.9045 0.3840 -0.1854
vn -0.6388 0.7572 0.1366
vn -0.6547 0.7557 0.0182
vn -0.7096 0.7018 0.0624
vn -0.3020 0.9502 0.0771
vn -0.7077 0.6898 0.1529
vn -0.4980 0.8218 0.2767
vn -0.7959 0.5933 0.1205
vn -0.6887 0.7074 0.1590
vn -0.7922 0.5534 0.2573
vn -0.6978 0.7105 0.0909
vn -0.8564 0.4271 0.2900
vn -0.6488 0.7503 0.1269
vn 0.8547 0.0064 0.5191
vn 0.9140 -0.3563 0.1943
vn 0.9392 0.0154 0.3430
vn 0.8973 -0.0097 0.4414
vn 0.8992 -0.2597 0.3521
vn -0.6989 0.6105 -0.3726
vn -0.6733 0.6457 -0.3601
vn -0.7091 0.6314 -0.3138
vn -0.7751 0.5729 -0.2666
vn -0.6287 0.6781 -0.3807
vn -0.6608 0.6311 -0.4063
vn -0.7267 0.6719 0.1431
vn -0.5688 0.8175 0.0909
vn -0.5698 0.8160 -0.0973
vn -0.8972 0.3307 -0.2929
vn -0.8525 0.4767 -0.2147
vn -0.3476 -0.7736 0.5297
vn -0.7263 0.6689 0.1584
vn -0.9275 0.3696 0.0563
vn -0.6186 0.7842 0.0487
vn -0.8146 0.5606 0.1490
vn -0.9704 0.2415 -0.0091
vn 0.7952 0.5814 -0.1722
vn 0.7892 0.6139 -0.0170
vn 0.7654 0.6207 -0.1700
vn -0.9006 0.3166 0.2978
vn -0.8707 0.4320 0.2350
vn -0.8409 0.4979 0.2120
vn -0.9997 0.0119 -0.0215
vn -0.9647 0.1761 -0.1959
vn 0.5051 -0.6499 0.5679
vn 0.2003 -0.8959 0.3966
vn 0.2877 -0.9577 0.0055
vn -0.9514 -0.2914 0.0993
vn -0.8676 0.4957 0.0398
vn -0.5815 0.7909 0.1907
vn -0.5694 0.7864 0.2395
vn -0.5628 0.7729 0.2931
vn -0.7814 0.5755 0.2414
vn -0.9141 0.3308 -0.2344
vn -0.9234 0.3834 0.0193
vn -0.8581 0.5089 -0.0690
vn 0.8145 -0.0407 0.5787
vn 0.8397 -0.3942 0.3734
vn 0.9313 -0.1637 0.3255
vn 0.8378 -0.5123 0.1889
vn 0.9482 -0.2381 0.2103
vn 0.7270 -0.5874 0.3556
vn 0.7111 -0.5580 0.4276
vn 0.9651 -0.2040 0.1641
vn 0.1871 -0.7424 0.6433
vn 0.6737 -0.6299 0.3865
vn -0.9292 -0.2971 0.2198
vn -0.9022 -0.2175 0.3725
vn -0.9857 0.0830 0.1467
vn -0.8277 -0.2393 0.5075
vn -0.7210 -0.4834 0.4965
vn -0.9911 0.0526 0.1219
vn -0.7379 0.4753 0.4792
vn -0.9506 0.2309 0.2076
vn -0.5341 0.8295 -0.1632
vn 0.3973 0.3349 -0.8544
vn -0.8308 0.1569 -0.5340
vn -0.2981 0.0688 -0.9520
vn -0.6776 0.3699 -0.6357
vn -0.1133 0.9217 -0.3711
vn 0.1540 0.6795 -0.7173
vn -0.2519 0.8790 -0.4048
vn -0.1978 0.8744 -0.4430
vn -0.3806 0.8971 -0.2244
vn -0.8166 0.4722 -0.3318
vn -0.7749 0.4802 -0.4110
vn -0.8119 0.3447 -0.4711
vn -0.8414 0.3635 -0.4000
vn -0.7656 0.3182 -0.5591
vn -0.6953 0.7111 0.1043
vn -0.8063 0.5814 -0.1087
vn -0.8967 0.4427 -0.0042
vn -0.7644 0.6424 0.0550
vn -0.6658 0.7206 0.1937
vn 0.5765 0.8055 0.1373
vn 0.5116 0.8524 0.1082
vn 0.3873 0.8999 -0.2004
vn 0.2055 0.9786 -0.0045
vn 0.3540 0.9177 -0.1804
vn 0.6842 0.7204 -0.1139
vn 0.6672 0.6578 -0.3495
vn -0.8015 -0.0191 -0.5977
vn -0.9618 -0.0814 -0.2614
vn 0.1552 -0.8433 -0.5146
vn 0.1729 -0.8245 -0.5388
vn 0.2417 -0.7383 -0.6297
vn -0.8603 0.4799 0.1718
vn -0.7987 0.5300 0.2849
vn -0.9043 0.3608 0.2282
vn -0.6904 0.6804 0.2459
vn -0.8620 0.5055 0.0386
vn -0.6289 0.7768 -0.0317
vn -0.7995 0.5861 0.1312
vn -0.7520 0.6197 0.2246
vn -0.8396 0.5002 0.2120
vn -0.8419 0.4850 0.2366
vn -0.7554 0.5889 0.2874
vn -0.7997 0.4076 -0.4409
vn -0.6613 0.7025 0.2632
vn -0.7303 0.4652 0.5003
vn -0.7559 0.2875 0.5882
vn -0.7981 0.5883 -0.1298
vn -0.8598 0.5093 0.0373
vn -0.6700 0.6957 0.2591
vn -0.8933 0.3805 -0.2391
vn -0.9027 0.3878 -0.1864
vn -0.7063 0.6667 -0.2379
vn -0.7748 0.5740 0.2651
vn -0.7639 0.6419 -0.0658
vn -0.2310 0.9659 0.1165
vn -0.5718 0.7723 0.2768
vn -0.6319 0.7663 0.1167
vn -0.8327 0.5504 -0.0610
vn -0.9775 0.0404 0.2070
vn -0.0958 -0.9440 0.3158
vn -0.0294 -0.9557 0.2928
vn -0.0257 -0.8431 0.5371
vn 0.0077 -0.8911 0.4538
vn -0.0716 -0.9009 0.4280
vn -0.8123 0.5267 0.2505
vn -0.8753 0.3765 0.3034
vn -0.7737 0.6147 0.1536
vn -0.8773 0.3675 0.3086
vn -0.7222 0.6679 0.1799
vn -0.8806 0.4021 0.2508
vn -0.8905 0.4445 0.0969
vn -0.9434 0.3313 0.0135
vn -0.8243 0.5658 0.0197
vn -0.9324 0.3433 0.1130
vn -0.8454 0.5250 0.0984
vn -0.7508 0.6359 0.1789
vn -0.8978 0.4235 0.1211
vn -0.9673 0.2212 0.1240
vn -0.8912 0.4429 0.0980
vn -0.8574 0.5079 0.0831
vn -0.9836 0.1530 0.0958
vn -0.4083 0.9020 0.1402
vn -0.7771 0.5647 0.2780
vn -0.8147 0.4957 0.3009
vn -0.8098 0.5500 0.2042
vn -0.8344 0.4924 0.2475
vn -0.8876 0.2950 0.3539
vn -0.5496 -0.7874 0.2791
vn -0.7460 -0.6199 0.2434
vn -0.7620 -0.4306 0.4836
vn -0.9163 0.3590 -0.1774
vn -0.9912 0.1019 -0.0842
vn -0.9720 0.2348 -0.0067
vn -0.9680 -0.2507 0.0134
vn -0.8625 -0.5050 0.0322
vn -0.8395 0.4687 0.2749
vn -0.2503 0.9664 -0.0585
vn -0.9112 -0.2487 -0.3285
vn -0.9448 -0.1125 -0.3078
vn -0.8759 -0.3977 0.2730
vn -0.6325 -0.3952 0.6661
vn -0.7337 0.6416 0.2237
vn -0.7868 0.5920 0.1745
vn -0.6143 0.7823 -0.1030
vn -0.6911 0.7109 0.1305
vn -0.8853 -0.1964 -0.4216
vn -0.9555 -0.2578 -0.1434
vn -0.9339 -0.2790 -0.2237
vn -0.6857 0.6750 0.2724
vn 0.8560 0.5032 0.1190
vn 0.7981 0.5995 0.0609
vn 0.9032 0.3593 -0.2347
vn -0.7326 0.6364 0.2416
vn -0.8045 0.5619 0.1923
vn -0.7706 0.5815 0.2608
vn -0.8362 0.5052 0.2134
vn -0.9010 -0.1476 -0.4079
vn -0.8659 -0.3658 -0.3412
vn -0.8680 -0.3349 -0.3666
vn -0.8292 -0.3433 -0.4411
vn -0.9321 -0.0863 -0.3518
vn -0.8163 -0.3258 -0.4769
vn -1.0000 -0.0046 -0.0032
vn -0.6693 0.7427 0.0201
vn -0.7046 0.6397 0.3071
vn -0.7016 0.6362 0.3210
vn -0.7494 0.6602 0.0496
vn -0.7997 0.6004 0.0038
vn -0.5733 0.8161 -0.0725
vn -0.5340 0.7969 -0.2826
vn -0.7324 0.6671 0.1361
vn -0.6216 0.7740 0.1204
vn -0.4972 0.8635 0.0838
vn -0.5289 0.8024 0.2765
vn -0.5800 0.7553 0.3052
vn -0.2311 0.9449 0.2319
vn -0.3290 0.6462 -0.6886
vn -0.8290 0.5543 -0.0749
vn -0.8198 0.5340 0.2067
vn -0.8665 0.4289 -0.2554
vn -0.8985 0.4016 -0.1772
vn -0.6577 0.5752 0.4864
vn -0.8619 0.2874 0.4179
vn -0.7715 0.2921 0.5652
vn -0.7217 0.5604 0.4062
vn -0.9047 0.4221 -0.0578
vn -0.8412 0.5344 -0.0825
vn -0.8672 0.1842 0.4626
vn -0.8109 -0.1458 0.5667
vn -0.7537 0.3552 0.5530
vn -0.9660 0.1295 0.2237
vn -0.6898 -0.6957 0.2005
vn -0.7838 -0.6164 0.0750
vn -0.9551 -0.1309 0.2656
vn -0.8508 -0.1218 0.5111
vn 0.6034 0.4612 -0.6505
vn 0.8508 0.2455 -0.4646
vn 0.6686 -0.1610 -0.7260
vn 0.3657 -0.3941 -0.8432
vn 0.5175 -0.3092 -0.7979
vn 0.7118 -0.0762 -0.6983
vn 0.5496 0.3077 -0.7767
vn -0.9044 -0.0770 -0.4196
vn -0.6999 0.6155 0.3625
vn -0.7420 0.6535 0.1496
vn -0.7385 0.6552 0.1592
vn -0.7249 0.6864 0.0584
vn -0.1823 -0.9228 0.3395
vn -0.3837 -0.8716 0.3053
vn -0.0783 -0.9553 0.2849
vn -0.3418 -0.8778 0.3355
vn -0.4587 -0.6142 0.6422
vn -0.4584 -0.7798 0.4263
vn -0.6256 0.7799 0.0194
vn -0.0900 0.9934 -0.0711
vn -0.7166 0.6975 0.0020
vn -0.8360 0.5142 0.1915
vn -0.7880 0.5416 0.2928
vn -0.5465 0.7443 0.3837
vn -0.6949 0.7123 0.0990
vn 0.7193 0.3592 -0.5947
vn 0.6150 -0.1813 -0.7674
vn 0.7753 0.4143 -0.4767
vn -0.6678 0.7292 0.1493
vn -0.6740 0.7290 0.1194
vn -0.5406 0.8411 -0.0178
vn -0.8634 0.4902 0.1197
vn -0.9028 0.4225 0.0803
vn -0.7551 0.6503 -0.0833
vn -0.7750 0.6244 0.0975
vn -0.7812 0.5963 0.1848
vn -0.8338 0.5308 0.1516
vn -0.7536 0.6350 0.1699
vn -0.3978 -0.8041 0.4417
vn -0.4360 -0.7632 0.4769
vn -0.3464 -0.8071 0.4782
vn -0.4330 -0.7105 0.5547
vn -0.7135 0.6677 0.2124
vn -0.7398 0.6160 0.2705
vn -0.8230 0.5646 0.0629
vn -0.9182 0.3909 -0.0637
vn -0.8608 0.4860 -0.1513
vn -0.7298 0.6663 0.1531
vn -0.7925 0.6015 -0.1007
vn -0.8315 0.5543 0.0359
vn -0.8720 0.4892 0.0140
vn -0.9394 0.2529 0.2313
vn -0.9167 0.2963 0.2681
vn -0.5928 0.7947 0.1304
vn -0.8373 0.5094 0.1988
vn -0.7862 0.5811 0.2102
vn 0.4598 0.5365 -0.7076
vn 0.5125 0.6693 -0.5379
vn -0.6401 0.7497 -0.1676
vn -0.2639 0.9507 -0.1627
vn -0.6887 0.7206 -0.0801
vn -0.4760 0.8677 -0.1432
vn -0.7949 0.5878 0.1507
vn -0.5858 0.7615 -0.2774
vn -0.4277 0.7683 -0.4762
vn -0.7561 0.5758 -0.3110
vn -0.7877 0.5451 -0.2870
vn -0.7430 0.6263 -0.2360
vn -0.6038 0.7202 -0.3416
vn -0.8130 0.4776 -0.3330
vn -0.6982 0.6280 -0.3438
vn -0.7678 0.6158 -0.1769
vn -0.0482 -0.9803 -0.1917
vn 0.1909 -0.9745 -0.1181
vn 0.3063 -0.9517 -0.0223
vn 0.3633 -0.9316 -0.0095
vn -0.1252 -0.9785 -0.1639
vn -0.0755 -0.9867 -0.1437
vn 0.1076 -0.9882 -0.1089
vn 0.0204 -0.9789 -0.2032
vn 0.1474 -0.9205 0.3620
vn -0.1139 -0.9771 -0.1800
vn -0.8587 0.5125 -0.0056
vn -0.9719 0.1959 -0.1305
vn -0.8065 0.5510 0.2145
vn -0.7226 0.4977 -0.4798
vn -0.5716 0.6050 -0.5543
vn -0.5855 0.6109 -0.5329
vn -0.4171 0.5174 -0.7472
vn -0.8296 0.3990 -0.3905
vn -0.8404 0.4563 -0.2924
vn -0.7989 0.4751 -0.3688
vn -0.5166 -0.7602 0.3941
vn -0.9254 -0.3620 0.1124
vn -0.9351 -0.2333 0.2667
vn -0.9864 0.0177 0.1632
vn -0.9822 0.0469 0.1817
vn -0.8525 -0.2965 0.4304
vn -0.8141 -0.4989 0.2973
vn -0.3980 0.8892 0.2258
vn -0.6383 0.7658 0.0779
vn -0.8474 0.5062 0.1604
vn -0.2662 0.9588 0.0996
vn -0.5014 0.8190 0.2790
vn -0.8263 0.4765 0.3003
vn -0.5947 -0.1424 0.7912
vn -0.7474 0.6595 -0.0803
vn -0.8045 0.5676 -0.1749
vn -0.7468 0.6553 -0.1136
vn -0.5573 0.8303 0.0069
vn 0.1745 -0.9738 0.1459
vn 0.2964 -0.9301 0.2170
vn 0.3011 -0.8925 0.3357
vn 0.1307 -0.9895 0.0615
vn 0.0900 -0.9721 -0.2167
vn 0.1400 -0.9901 0.0107
vn 0.1034 -0.9859 -0.1312
vn -0.5719 -0.4799 0.6653
vn -0.7822 -0.2592 0.5665
vn -0.7846 -0.3310 0.5243
vn -0.7470 0.6641 0.0311
vn -0.5252 0.8305 -0.1856
vn -0.9610 0.2766 -0.0012
vn -0.7170 0.6332 0.2916
vn -0.0881 0.8416 0.5329
vn -0.4105 0.7672 0.4929
vn -0.8869 0.4556 -0.0761
vn -0.8547 0.5187 0.0200
vn -0.8779 0.4759 0.0535
vn -0.9605 -0.0385 0.2755
vn -0.7085 -0.6630 0.2418
vn -0.6591 0.7320 0.1725
vn -0.5163 0.8473 0.1242
vn -0.7218 0.6848 0.1005
vn -0.4701 0.8758 0.1093
vn -0.9370 0.2720 -0.2191
vn -0.8795 0.3460 0.3267
vn -0.9836 -0.0214 0.1793
vn -0.8790 -0.4385 0.1872
vn -0.9363 0.1589 0.3131
vn -0.9269 0.1075 0.3595
vn -0.8969 -0.4363 0.0726
vn -0.6555 -0.5118 0.5554
vn -0.5260 -0.7089 0.4698
vn -0.6714 -0.6213 0.4040
vn -0.6385 -0.7367 0.2227
vn 0.2181 -0.8674 -0.4472
vn -0.4188 -0.7385 -0.5284
vn -0.9675 -0.2360 -0.0911
vn -0.6761 0.6849 -0.2716
vn -0.9755 0.2084 0.0704
vn -0.5186 0.7971 -0.3095
vn -0.3002 0.8705 -0.3901
vn -0.7613 0.5824 0.2850
vn -0.6429 0.7629 0.0684
vn -0.6236 0.7815 -0.0186
vn -0.7413 0.6620 0.1105
vn -0.8977 0.4358 0.0657
vn -0.7503 0.6490 0.1262
vn -0.8916 0.4514 0.0368
vn -0.8796 0.4638 0.1055
vn -0.8232 0.5674 -0.0196
vn -0.8097 0.5570 0.1846
vn -0.8348 0.4200 0.3560
vn -0.7615 0.5855 0.2779
vn -0.8995 0.3257 0.2912
vn -0.6821 0.7198 0.1292
vn -0.8792 0.4295 0.2065
vn -0.3725 -0.5850 0.7204
vn -0.7208 -0.2834 0.6325
vn -0.6574 -0.3611 0.6614
vn -0.2427 -0.4754 0.8456
vn -0.3212 -0.4948 0.8074
vn -0.6341 0.7637 0.1208
vn -0.8692 0.4945 0.0012
vn -0.9588 -0.0974 0.2669
vn -0.8364 0.3353 0.4336
vn -0.8551 0.5181 0.0202
vn -0.8244 0.4571 -0.3337
vn -0.7957 0.2358 -0.5580
vn -0.6615 0.4679 -0.5861
vn -0.6335 0.7382 -0.2318
vn -0.9551 0.2406 0.1729
vn -0.8228 0.5641 0.0692
vn -0.9697 0.1640 0.1813
vn -0.9823 0.1790 -0.0545
vn -0.8953 -0.3878 0.2194
vn -0.9601 0.0803 -0.2677
vn -0.6629 -0.7202 0.2044
vn -0.9831 0.1109 0.1455
vn -0.9956 -0.0791 0.0505
vn -0.9259 -0.3675 0.0869
vn -0.6816 0.7247 0.1011
vn -0.8429 0.5041 0.1879
vn -0.4859 0.8587 0.1631
vn -0.1537 0.9833 -0.0979
vn -0.0943 0.9899 0.1056
vn -0.0599 0.9796 0.1920
vn 0.0484 0.9352 -0.3509
vn -0.0312 0.9983 0.0498
vn 0.5684 0.7940 -0.2158
vn 0.0848 0.9953 -0.0459
vn 0.8279 0.5489 -0.1154
vn 0.9634 0.2185 -0.1556
vn 0.8850 0.2577 -0.3878
vn 0.2825 0.4054 -0.8694
vn 0.7349 0.3813 -0.5608
vn 0.8513 0.5237 -0.0324
vn 0.3883 0.7257 -0.5680
vn 0.4239 0.6038 -0.6750
vn -0.2997 0.8970 -0.3250
vn -0.3537 0.5092 -0.7846
vn -0.7048 0.6916 -0.1579
vn -0.8202 0.5022 -0.2741
vn -0.7428 0.5531 -0.3772
vn 0.7964 -0.5643 0.2175
vn 0.9487 -0.2302 0.2168
vn 0.8500 -0.5081 0.1394
vn 0.9915 -0.0297 0.1267
vn 0.8870 -0.4182 0.1959
vn 0.8102 -0.4911 0.3201
vn 0.9078 -0.2511 0.3359
vn 0.6678 -0.7193 0.1916
vn 0.6416 -0.7335 0.2245
vn -0.5119 0.6209 -0.5937
vn -0.9643 -0.0155 0.2642
vn -0.9297 0.3563 -0.0928
vn 0.6652 0.7276 -0.1679
vn 0.8039 0.4791 0.3523
vn 0.9378 0.1730 0.3010
vn 0.8923 0.4286 0.1416
vn 0.9021 0.0758 0.4249
vn 0.7643 -0.0338 0.6440
vn 0.8371 0.3301 0.4362
vn 0.6897 0.1819 0.7009
vn 0.6872 0.3308 0.6467
vn 0.4918 -0.0094 0.8706
vn 0.4497 0.0960 0.8880
vn 0.8422 0.3097 0.4413
vn 0.7611 0.0763 0.6441
vn 0.6093 -0.1024 0.7863
vn 0.8987 0.0124 0.4383
vn 0.7782 0.2268 0.5856
vn 0.5452 0.2689 0.7940
vn -0.8681 -0.1887 -0.4591
vn -0.9800 0.0017 0.1990
vn -0.9721 0.0203 0.2338
vn -0.9955 0.0912 0.0257
vn -0.7976 -0.5676 -0.2040
vn -0.8903 -0.2639 -0.3712
vn -0.9496 -0.2519 -0.1868
vn -0.9384 0.0348 -0.3439
vn 0.5735 0.6734 -0.4664
vn 0.5538 0.7596 -0.3411
vn 0.6177 0.6840 -0.3880
vn 0.5130 0.8485 -0.1300
vn 0.4925 0.8387 -0.2325
vn 0.6376 0.5994 -0.4839
vn 0.6827 0.6762 -0.2771
vn 0.7200 0.6892 -0.0814
vn 0.1339 0.9329 -0.3343
vn -0.6232 0.7732 -0.1175
vn -0.8251 0.4984 -0.2662
vn -0.8557 0.3713 -0.3605
vn -0.8540 -0.4159 -0.3126
vn 0.2775 -0.6825 -0.6762
vn 0.1711 -0.9505 -0.2594
vn 0.2744 -0.7406 -0.6133
vn 0.1073 -0.9750 -0.1948
vn 0.2941 -0.9500 -0.1050
vn -0.0893 -0.9958 -0.0192
vn -0.0618 -0.9903 -0.1244
vn 0.1393 -0.9881 -0.0651
vn -0.0031 -0.9942 -0.1077
vn -0.0860 -0.9962 0.0110
vn 0.2649 -0.9638 0.0297
vn 0.3777 -0.9159 0.1363
vn 0.1284 -0.9772 0.1692
vn 0.4014 -0.9146 0.0490
vn -0.0181 -0.9985 -0.0523
vn -0.6943 -0.4025 0.5965
vn -0.6265 -0.5094 0.5899
vn -0.4423 0.7280 -0.5238
vn -0.7266 0.6471 -0.2310
vn -0.5380 0.6689 -0.5129
vn -0.8153 0.5455 -0.1940
vn -0.9075 -0.3773 0.1844
vn -0.9986 -0.0255 0.0465
vn -0.9953 0.0812 0.0527
vn -0.1822 -0.9183 0.3515
vn -0.5478 -0.7665 0.3351
vn -0.4812 -0.8763 0.0222
vn -0.2301 -0.9573 0.1748
vn -0.9584 -0.1671 -0.2315
vn -0.9682 0.1368 -0.2096
vn -0.7697 -0.4643 -0.4382
vn -0.3018 0.9522 -0.0474
vn -0.1804 0.9829 -0.0378
vn -0.1098 0.6993 0.7064
vn -0.2094 0.9778 -0.0113
vn -0.0978 0.9937 -0.0551
vn 0.0582 0.9873 -0.1481
vn -0.1285 0.9797 -0.1539
vn -0.4006 0.9120 -0.0879
vn -0.5050 0.8265 0.2488
vn -0.6265 0.7161 0.3076
vn -0.6029 0.5670 0.5613
vn -0.6277 0.6462 0.4341
vn -0.7001 0.6916 -0.1777
vn -0.8232 0.4775 0.3072
vn -0.8619 0.4607 0.2118
vn -0.5785 0.7989 0.1647
vn -0.0315 0.8623 0.5055
vn -0.6627 0.7353 0.1420
vn -0.6066 0.7830 0.1376
vn -0.6231 0.7679 0.1484
vn -0.6304 0.7763 0.0002
vn -0.5728 0.8197 0.0025
vn -0.2060 -0.9721 0.1122
vn 0.2093 -0.9768 0.0450
vn 0.1528 -0.9881 0.0150
vn -0.3208 -0.9463 -0.0387
vn -0.1932 -0.9578 0.2129
vn 0.0052 -0.9655 0.2604
vn 0.1164 -0.9517 0.2841
vn 0.1879 -0.9820 0.0185
vn 0.1485 -0.9656 0.2133
vn 0.1748 -0.9200 0.3509
vn -0.5824 0.8078 -0.0913
vn -0.7031 0.6915 0.1658
vn -0.5429 0.8362 -0.0777
vn -0.6992 0.7150 0.0016
vn -0.7210 0.6796 -0.1350
vn -0.2608 0.9620 0.0814
vn -0.8485 -0.2655 -0.4578
vn -0.9400 0.0589 -0.3361
vn -0.7841 0.2659 0.5608
vn -0.5437 0.7675 -0.3397
vn -0.9394 0.1103 0.3245
vn -0.8825 0.4011 -0.2457
vn -0.8238 0.4414 0.3556
vn -0.8414 0.5335 -0.0858
vn -0.5130 0.6498 -0.5608
vn -0.6814 0.7312 -0.0329
vn -0.1579 0.9869 -0.0342
vn 0.0806 0.9954 -0.0524
vn -0.7403 0.6701 0.0544
vn -0.6946 0.6938 0.1900
vn -0.8967 -0.4055 -0.1777
vn -0.6954 0.7130 -0.0896
vn -0.9212 0.2862 0.2636
vn -0.8721 0.4880 -0.0349
vn 0.1826 0.9805 0.0730
vn 0.3224 0.9409 -0.1038
vn 0.2868 0.9565 -0.0537
vn 0.3973 0.8752 -0.2759
vn 0.3363 0.9270 -0.1661
vn 0.5547 0.7841 -0.2785
vn 0.3589 0.8572 -0.3693
vn 0.4330 0.9008 -0.0325
vn 0.4312 0.8690 -0.2427
vn 0.1563 -0.9748 -0.1592
vn 0.1091 -0.9872 -0.1159
vn 0.2650 -0.9636 -0.0345
vn 0.2849 -0.9582 -0.0273
vn -0.7433 0.4115 0.5275
vn 0.8820 0.4506 0.1383
vn 0.6633 0.7433 -0.0866
vn 0.4889 0.6171 0.6166
vn 0.8054 0.4629 -0.3703
vn 0.7718 0.5543 -0.3117
vn -0.0319 -0.1538 0.9876
vn 0.5388 0.2042 0.8174
vn 0.1688 -0.2271 0.9591
vn 0.0437 -0.3114 0.9493
vn 0.5367 0.8195 0.2009
vn 0.5844 0.8079 -0.0757
vn 0.4163 0.7358 0.5342
vn 0.2195 0.4017 0.8891
vn 0.2394 0.5473 0.8019
vn 0.1572 -0.3876 0.9083
vn 0.2675 0.1757 0.9474
vn 0.2910 0.3740 0.8806
vn 0.0013 -0.2274 0.9738
vn 0.0227 -0.2946 0.9553
vn 0.8196 -0.1738 -0.5459
vn 0.9253 0.1348 -0.3545
vn 0.8720 -0.1874 -0.4522
vn 0.8710 -0.2510 -0.4224
vn 0.8089 -0.4004 -0.4306
vn 0.4866 -0.8207 -0.2995
vn -0.7436 0.6329 0.2156
vn -0.3875 0.8913 -0.2354
vn -0.8942 0.4245 -0.1424
vn -0.8952 0.4438 0.0417
vn -0.6382 0.6405 -0.4272
vn -0.7520 0.6588 -0.0226
vn -0.8491 -0.3005 0.4345
vn 0.2579 0.6978 0.6682
vn 0.2023 0.5157 0.8325
vn 0.5875 0.6119 0.5295
vn 0.5218 0.7576 0.3923
vn 0.8747 0.1862 0.4474
vn 0.7242 0.0465 0.6880
vn 0.8082 0.2126 0.5493
vn 0.1524 0.5131 0.8447
vn 0.8205 0.4224 0.3851
vn 0.6175 0.6330 0.4669
vn 0.8655 0.2808 0.4149
vn 0.7599 -0.6263 0.1740
vn 0.2843 -0.9512 -0.1200
vn 0.5683 -0.8021 -0.1838
vn -0.8020 0.5782 0.1502
vn -0.7660 0.5979 0.2363
vn -0.7491 0.5526 0.3653
vn 0.0798 -0.9968 -0.0109
vn -0.0731 -0.9967 0.0356
vn -0.0811 -0.9815 -0.1736
vn 0.0115 -0.9979 0.0636
vn 0.2480 -0.9422 0.2254
vn -0.1509 -0.9688 0.1964
vn 0.0909 -0.9957 0.0176
vn -0.0376 -0.9896 0.1391
vn -0.3455 -0.8775 0.3327
vn 0.0009 -0.9903 0.1391
vn -0.5496 -0.8307 0.0893
vn -0.7261 0.6768 -0.1213
vn -0.6735 0.7360 -0.0689
vn -0.7701 0.6319 0.0880
vn -0.5950 0.7688 -0.2344
vn -0.7356 0.6380 -0.2276
vn -0.4630 0.8368 -0.2922
vn -0.7706 0.6297 0.0982
vn -0.8807 0.4471 0.1566
vn -0.7682 0.5191 0.3747
vn -0.9154 0.3451 0.2071
vn -0.8997 -0.4246 0.1009
vn -0.8777 -0.4217 -0.2274
vn 0.8724 0.0892 -0.4805
vn 0.9843 -0.0093 -0.1762
vn 0.9076 -0.2168 -0.3596
vn 0.9680 -0.0431 -0.2471
vn 0.8707 -0.0825 -0.4848
vn 0.9979 0.0296 0.0583
vn 0.9598 -0.0616 -0.2738
vn 0.9095 0.1291 -0.3951
vn 0.9276 -0.0860 -0.3636
vn 0.9686 -0.0302 -0.2466
vn 0.9911 0.0398 -0.1272
vn 0.9814 -0.1897 -0.0290
vn 0.9029 -0.3178 0.2894
vn 0.9952 -0.0837 0.0499
vn 0.9748 -0.0468 -0.2182
vn 0.9740 0.0230 0.2253
vn 0.9930 -0.0217 0.1165
vn -0.5966 0.8026 -0.0005
vn -0.8978 0.2606 0.3551
vn 0.2453 -0.9613 -0.1255
vn 0.1912 -0.9794 -0.0656
vn 0.2025 -0.9791 0.0200
vn -0.0330 -0.9995 0.0030
vn 0.0680 -0.9904 -0.1202
vn -0.1597 -0.9826 0.0946
vn 0.2593 -0.9645 -0.0500
vn 0.0370 -0.9926 0.1152
vn 0.2629 -0.9643 0.0331
vn -0.0808 -0.8858 0.4569
vn 0.1223 -0.9907 -0.0595
vn -0.2766 -0.7280 0.6273
vn -0.1456 -0.6772 0.7213
vn -0.2133 -0.7197 0.6606
vn -0.1565 -0.9116 0.3801
vn -0.3630 -0.6142 0.7007
vn 0.3124 -0.7579 -0.5727
vn 0.2644 -0.7360 -0.6232
vn -0.2665 -0.1000 0.9586
vn -0.2225 -0.4425 0.8687
vn -0.2240 0.0932 0.9701
vn -0.1577 0.3860 0.9089
vn -0.1319 0.3220 0.9375
vn -0.1261 0.2210 0.9671
vn -0.2940 -0.6549 0.6962
vn -0.2908 -0.6061 0.7403
vn -0.2377 -0.3126 0.9197
vn -0.2098 0.1059 0.9720
vn -0.8596 0.4999 -0.1056
vn 0.7246 0.6712 0.1565
vn 0.8062 0.5458 0.2282
vn 0.7438 0.5624 0.3612
vn 0.8119 0.5046 0.2936
vn 0.8624 0.3854 -0.3283
vn 0.8063 0.5418 0.2372
vn 0.7354 0.6269 0.2572
vn 0.8581 0.4745 0.1962
vn 0.7689 0.6389 0.0229
vn 0.9111 0.2531 0.3253
vn 0.6689 0.7113 0.2159
vn 0.6139 0.7891 -0.0196
vn 0.5372 0.8427 0.0370
vn 0.1721 -0.9840 0.0463
vn 0.1362 -0.9895 -0.0480
vn 0.2286 -0.9732 0.0260
vn 0.1413 -0.9874 -0.0719
vn 0.1046 -0.9920 0.0705
vn 0.1401 -0.9827 -0.1210
vn -0.9736 -0.0918 0.2091
vn -0.7285 0.6741 -0.1222
vn -0.7469 0.6459 0.1581
vn -0.1014 0.9784 -0.1801
vn -0.4298 0.8913 0.1445
vn 0.1542 -0.9632 0.2202
vn 0.0669 -0.9686 0.2393
vn 0.2581 -0.9474 0.1892
vn 0.2163 -0.9524 0.2149
vn 0.2166 -0.9593 0.1812
vn 0.1597 -0.9837 0.0826
vn -0.6174 0.6460 0.4490
vn -0.4059 0.8748 0.2647
vn -0.4585 0.8796 -0.1265
vn -0.3808 0.9151 -0.1329
vn -0.6511 0.7586 -0.0229
vn -0.3743 0.9243 -0.0748
vn 0.9512 -0.3017 0.0640
vn 0.9742 -0.2236 -0.0314
vn 0.9835 0.0138 -0.1804
vn 0.9994 0.0228 0.0248
vn 0.9770 0.1755 -0.1210
vn 0.9946 -0.0886 -0.0535
vn 0.9817 -0.1484 0.1197
vn -0.7677 0.4791 0.4255
vn 0.3651 -0.5597 -0.7439
vn 0.0877 -0.9944 0.0593
vn 0.0954 -0.9556 0.2787
vn -0.2357 -0.9694 0.0683
vn 0.1044 -0.9907 0.0871
vn -0.0490 -0.9929 -0.1080
vn 0.0026 -0.9900 0.1414
vn 0.1126 -0.9846 0.1334
vn -0.1169 -0.9931 -0.0042
vn -0.7014 0.6912 -0.1741
vn -0.8186 0.5577 -0.1370
vn -0.6998 0.6893 -0.1875
vn -0.4537 0.3309 -0.8274
vn -0.3743 0.5768 -0.7260
vn -0.9293 0.3636 0.0646
vn -0.5951 0.7898 -0.1485
vn -0.8219 0.5166 -0.2400
vn -0.6254 0.7102 -0.3232
vn -0.5799 0.6491 -0.4923
vn -0.6223 0.6803 -0.3871
vn 0.5809 0.7367 -0.3462
vn 0.5917 0.7212 -0.3603
vn 0.6068 0.7738 -0.1814
vn 0.6593 0.6616 -0.3574
vn -0.5841 0.8059 -0.0964
vn 0.0234 -0.8826 -0.4696
vn 0.5730 -0.7843 -0.2377
vn 0.4420 -0.8020 -0.4017
vn 0.5091 -0.7964 -0.3265
vn 0.1186 -0.9929 -0.0010
vn 0.3443 0.9258 -0.1559
vn 0.4671 0.8829 0.0481
vn -0.0647 0.8841 0.4628
vn 0.0650 0.9467 -0.3154
vn 0.6344 0.6965 -0.3352
vn 0.5778 0.7734 -0.2606
vn 0.5868 0.7252 -0.3601
vn 0.6606 0.6798 -0.3187
vn 0.7521 0.5818 0.3097
vn 0.1729 0.9685 0.1795
vn 0.6988 0.6828 -0.2132
vn 0.7223 0.5514 -0.4174
vn 0.6563 0.6898 -0.3057
vn 0.6478 0.6886 -0.3258
vn 0.8082 0.5139 -0.2875
vn 0.6901 0.6556 -0.3067
vn 0.7725 0.6003 -0.2069
vn 0.5952 0.7469 -0.2964
vn 0.9151 0.3592 0.1833
vn 0.9135 0.3410 -0.2220
vn 0.6522 0.2663 -0.7098
vn 0.6887 0.3253 -0.6480
vn 0.6662 0.4840 -0.5674
vn 0.5780 0.2935 -0.7614
vn -0.1395 0.6575 -0.7404
vn 0.6551 0.4541 -0.6039
vn 0.7633 0.2439 -0.5982
vn 0.6161 0.5977 -0.5130
vn 0.6048 0.4391 -0.6644
vn 0.6837 0.3634 -0.6328
vn 0.6536 0.4126 -0.6345
vn 0.7611 0.2122 -0.6130
vn -0.6310 -0.7116 0.3090
vn -0.7807 -0.4961 0.3800
vn -0.5015 -0.7343 0.4575
vn -0.4438 -0.7071 0.5505
vn -0.5969 -0.6924 0.4053
vn -0.1931 -0.8081 0.5565
vn -0.2314 -0.7712 0.5930
vn -0.1879 -0.9542 0.2327
vn -0.0139 -0.7989 0.6013
vn -0.1215 -0.7690 0.6276
vn -0.8528 -0.3943 0.3425
vn -0.9226 0.3604 0.1377
vn -0.8890 -0.4137 0.1963
vn -0.8953 -0.3987 0.1984
vn 0.3179 0.4154 -0.8523
vn 0.3527 0.2776 -0.8936
vn 0.3301 -0.2261 -0.9165
vn 0.0902 -0.0032 -0.9959
vn 0.3021 -0.6160 -0.7275
vn -0.4838 -0.8735 0.0547
vn -0.4947 -0.8663 -0.0690
vn -0.4210 -0.8955 0.1441
vn -0.4654 -0.8671 -0.1777
vn -0.2524 -0.9653 -0.0676
vn -0.2888 -0.9313 -0.2219
vn -0.2941 -0.9314 -0.2144
vn 0.1835 -0.9829 -0.0136
vn 0.4862 0.7540 0.4417
vn 0.6071 0.7731 0.1836
vn 0.5709 0.7755 0.2695
vn 0.2969 0.6641 0.6861
vn 0.3273 0.7418 0.5853
vn 0.4634 0.6493 0.6031
vn 0.3955 0.7101 0.5826
vn 0.1546 0.4686 0.8698
vn -0.0782 0.1411 0.9869
vn -0.1491 -0.3228 0.9346
vn 0.0122 0.5078 0.8614
vn -0.1750 0.2578 0.9502
vn -0.0910 0.4313 0.8976
vn -0.2571 0.2781 0.9255
vn 0.0102 -0.9065 -0.4220
vn 0.2532 -0.7602 -0.5983
vn 0.1477 -0.8237 -0.5475
vn 0.2938 -0.9300 -0.2208
vn 0.2861 -0.9580 -0.0218
vn 0.1743 -0.9648 0.1970
vn 0.2249 -0.9010 0.3710
vn 0.1168 -0.9931 0.0041
vn 0.1899 -0.9713 0.1429
vn 0.1999 -0.9690 0.1452
vn 0.2825 -0.8211 0.4959
vn 0.1248 -0.9478 0.2933
vn -0.2151 -0.9466 0.2403
vn -0.0825 -0.9558 0.2823
vn -0.0382 -0.9125 0.4074
vn -0.3296 -0.6315 0.7018
vn -0.1677 -0.8774 0.4495
vn 0.0506 -0.6522 0.7564
vn -0.8899 -0.1825 -0.4180
vn -0.6463 -0.7549 -0.1112
vn 0.5029 0.7764 -0.3798
vn 0.4650 0.8467 -0.2585
vn 0.5955 0.7055 -0.3843
vn 0.3000 0.9137 -0.2741
vn 0.6946 0.6835 -0.2243
vn 0.6955 0.6996 -0.1638
vn 0.5234 0.8439 -0.1181
vn 0.6746 0.7022 -0.2276
vn 0.5462 0.7817 -0.3010
vn 0.4717 0.8796 -0.0618
vn 0.6428 0.7518 0.1468
vn 0.6342 0.7706 0.0630
vn 0.7590 0.6130 0.2195
vn 0.5108 0.8582 -0.0501
vn 0.4289 0.8807 -0.2011
vn -0.4808 -0.8767 0.0134
vn -0.5421 -0.8402 -0.0148
vn 0.5929 0.7712 0.2317
vn 0.6296 0.7534 0.1896
vn 0.5943 0.6742 0.4385
vn 0.7196 0.6591 0.2187
vn 0.5640 0.7146 0.4139
vn 0.6031 0.5679 0.5601
vn 0.5452 0.5579 0.6257
vn 0.4508 0.8248 0.3413
vn 0.6180 0.7223 0.3105
vn 0.3946 0.8314 0.3913
vn 0.5274 0.7576 0.3845
vn 0.3315 0.6776 0.6564
vn 0.4061 0.7549 0.5149
vn 0.2615 0.8045 0.5333
vn 0.5634 0.7346 0.3781
vn 0.3912 0.8214 0.4150
vn 0.6685 0.5208 0.5310
vn 0.6743 0.5729 0.4659
vn 0.5850 0.5046 0.6349
vn 0.6149 0.3187 0.7214
vn 0.8419 0.1835 0.5075
vn 0.8128 -0.2564 0.5231
vn 0.7264 0.3651 0.5823
vn 0.6641 0.2853 0.6911
vn 0.5304 0.6180 0.5803
vn 0.8422 -0.3254 0.4299
vn 0.8151 -0.0156 0.5790
vn 0.8117 0.3245 0.4856
vn 0.6070 0.6832 0.4059
vn 0.6924 0.5824 0.4259
vn 0.7126 0.5635 0.4180
vn 0.8501 -0.2644 0.4554
vn 0.8271 -0.4492 0.3378
vn 0.8653 -0.3617 0.3471
vn 0.7198 -0.5829 0.3770
vn 0.7590 -0.4096 0.5062
vn 0.2929 -0.8368 0.4626
vn -0.3482 -0.8671 0.3563
vn -0.6348 -0.7260 0.2644
vn 0.4172 0.3586 0.8351
vn 0.6810 0.5736 0.4552
vn 0.6174 0.5794 0.5321
vn -0.1489 -0.1774 0.9728
vn 0.6384 0.3796 0.6696
vn 0.7597 0.6497 -0.0271
vn 0.0440 -0.0955 0.9945
vn -0.2242 -0.3330 0.9159
vn -0.5805 -0.4127 0.7019
vn -0.5296 -0.5366 0.6569
vn -0.4340 -0.5582 0.7071
vn -0.5995 -0.4651 0.6514
vn 0.6462 0.7621 -0.0413
vn 0.6921 0.7145 0.1020
vn 0.5658 0.8037 0.1843
vn 0.8245 0.5610 0.0740
vn 0.6630 0.7478 -0.0358
vn -0.2309 -0.8972 -0.3765
vn -0.8250 -0.5586 -0.0861
vn -0.7486 -0.6232 -0.2264
vn -0.1192 -0.9847 0.1268
vn 0.1810 -0.9459 -0.2693
vn -0.2929 -0.8619 -0.4139
vn -0.7608 -0.6223 -0.1843
vn -0.8218 -0.5454 -0.1649
vn -0.9430 -0.2850 -0.1716
vn -0.8929 -0.4501 -0.0134
vn -0.6182 -0.7399 -0.2652
vn 0.5477 0.7424 -0.3857
vn 0.8185 0.5149 -0.2548
vn 0.8188 0.5174 -0.2487
vn 0.6189 0.7110 -0.3338
vn 0.7558 0.6332 -0.1668
vn 0.5908 0.7260 -0.3520
vn 0.2562 0.5862 0.7686
vn 0.0946 0.3601 0.9281
vn 0.0769 0.5103 0.8566
vn -0.2721 0.1771 0.9458
vn 0.2894 0.9452 0.1512
vn -0.0546 0.1091 0.9925
vn -0.3016 0.0239 0.9531
vn 0.9041 0.4260 0.0337
vn 0.9646 0.1869 -0.1863
vn 0.8940 0.4430 -0.0670
vn 0.6908 0.6600 0.2952
vn 0.7220 0.6210 0.3052
vn 0.7554 0.6066 0.2478
vn 0.8444 0.4398 0.3059
vn 0.7631 0.6269 0.1571
vn 0.6064 0.7362 0.3005
vn 0.8413 0.3488 0.4129
vn 0.9115 0.0186 0.4108
vn 0.8964 0.3710 0.2424
vn 0.8923 0.4401 0.1004
vn 0.7574 0.6205 0.2032
vn 0.7004 0.6279 0.3392
vn 0.9365 0.2317 0.2631
vn 0.9492 0.1928 0.2486
vn 0.9027 0.3392 0.2648
vn 0.8884 0.4087 0.2090
vn 0.6815 0.6172 0.3932
vn 0.9508 -0.1205 0.2855
vn 0.9326 0.1663 0.3202
vn 0.9135 -0.0764 0.3997
vn 0.9770 0.0496 0.2074
vn 0.9377 -0.2077 0.2785
vn 0.9815 -0.0865 0.1709
vn 0.8761 -0.3976 0.2728
vn 0.1443 0.2902 -0.9460
vn 0.2736 0.3030 -0.9129
vn 0.3709 0.3012 -0.8785
vn 0.4281 0.1255 -0.8950
vn 0.8338 -0.5353 0.1354
vn 0.9654 -0.1572 0.2080
vn 0.8561 -0.5136 0.0570
vn 0.8617 0.0718 0.5024
vn 0.7647 -0.6151 0.1920
vn 0.7955 -0.6051 0.0310
vn 0.8337 -0.4712 0.2879
vn 0.9218 -0.2688 0.2793
vn 0.8536 -0.5045 -0.1298
vn 0.8537 -0.4134 0.3166
vn 0.8032 -0.5941 0.0448
vn 0.7591 -0.6342 0.1470
vn -0.7074 -0.3585 0.6092
vn -0.7366 -0.5841 0.3408
vn -0.7889 -0.4170 0.4515
vn -0.7665 -0.3195 0.5571
vn -0.8739 -0.2872 0.3921
vn -0.8216 -0.5039 0.2664
vn -0.8132 -0.3183 0.4872
vn -0.7666 -0.4486 0.4594
vn 0.2461 0.9643 -0.0977
vn -0.0337 -0.6386 0.7688
vn -0.1637 -0.4638 0.8707
vn -0.3674 -0.7662 0.5271
vn 0.0661 -0.7722 0.6319
vn 0.1444 -0.7281 0.6701
vn 0.0919 -0.4969 0.8629
vn 0.0457 -0.2971 0.9537
vn -0.0238 -0.7411 0.6710
vn 0.7456 0.4475 -0.4938
vn 0.7565 0.0447 -0.6525
vn 0.7171 0.3122 -0.6232
vn 0.5509 -0.0520 -0.8329
vn 0.7996 0.1211 -0.5882
vn 0.7495 0.3105 -0.5847
vn 0.7122 0.0258 -0.7015
vn 0.7052 0.4603 -0.5394
vn 0.8398 0.4764 -0.2602
vn 0.8378 0.4283 -0.3385
vn 0.7366 0.5417 -0.4049
vn -0.1096 0.5743 -0.8113
vn -0.2155 0.1305 -0.9677
vn -0.6817 0.3751 -0.6281
vn 0.6386 0.7644 -0.0890
vn 0.7957 0.6042 -0.0426
vn 0.8816 0.3948 -0.2586
vn 0.6988 0.6784 -0.2268
vn 0.4739 0.8585 -0.1957
vn -0.0516 0.9503 -0.3069
vn 0.5371 0.8107 -0.2330
vn 0.2680 0.7426 -0.6137
vn 0.3324 0.9098 -0.2487
vn -0.1690 0.9639 -0.2056
vn -0.3813 0.8933 -0.2379
vn 0.4759 0.8352 -0.2757
vn 0.6935 0.6703 -0.2641
vn -0.1909 -0.1986 0.9613
vn -0.2346 -0.2226 0.9463
vn -0.1737 -0.3595 0.9168
vn -0.3060 -0.5732 0.7601
vn -0.3789 -0.6314 0.6766
vn 0.8115 0.5757 -0.1001
vn 0.8301 0.5407 0.1362
vn 0.8214 0.5661 -0.0692
vn 0.7992 0.5974 -0.0666
vn 0.6187 0.7842 0.0471
vn 0.8109 0.5684 -0.1387
vn 0.7431 0.6682 -0.0360
vn 0.8453 0.5242 -0.1036
vn 0.6759 0.7335 -0.0709
vn 0.9636 -0.0555 0.2616
vn 0.9596 -0.0263 0.2802
vn 0.9194 -0.2735 0.2826
vn 0.8472 -0.4023 0.3470
vn 0.5255 -0.8114 0.2560
vn 0.6265 -0.6984 0.3460
vn 0.8356 -0.3249 0.4429
vn 0.9447 -0.1366 0.2980
vn 0.0912 -0.9802 0.1758
vn 0.0880 -0.9851 0.1477
vn 0.9383 -0.1249 0.3224
vn 0.8205 -0.4466 0.3569
vn 0.9184 0.2354 0.3180
vn 0.4625 -0.8198 0.3377
vn 0.7503 -0.4551 0.4794
vn -0.1033 -0.9926 -0.0641
vn 0.1558 -0.9853 0.0697
vn 0.3222 -0.9465 0.0169
vn -0.1965 -0.9426 0.2699
vn -0.1181 -0.9924 -0.0340
vn -0.1650 -0.9855 0.0382
vn 0.0675 -0.9936 0.0900
vn 0.0169 -0.9943 0.1050
vn -0.0147 -0.9962 -0.0860
vn 0.1471 -0.9491 -0.2787
vn 0.2624 -0.9618 0.0780
vn 0.2579 -0.9652 -0.0441
vn -0.2657 -0.9013 0.3421
vn -0.1418 -0.9718 0.1886
vn 0.0708 -0.9958 -0.0573
vn 0.3327 -0.9385 -0.0928
vn 0.2748 -0.8088 -0.5199
vn 0.2085 -0.7998 -0.5628
vn 0.1784 -0.8319 -0.5254
vn 0.1809 -0.8460 -0.5016
vn 0.3184 -0.8281 -0.4614
vn 0.2054 -0.7606 -0.6159
vn 0.3978 -0.7156 -0.5742
vn 0.0191 -0.9531 -0.3021
vn 0.2790 -0.8049 -0.5236
vn -0.0478 -0.9580 -0.2827
vn 0.0866 -0.9851 -0.1485
vn 0.1982 -0.9548 0.2214
vn 0.1462 0.9657 -0.2147
vn 0.1007 -0.9880 -0.1172
vn -0.0007 -0.9999 -0.0100
vn -0.0437 -0.9971 -0.0629
vn -0.2868 -0.8734 0.3936
vn -0.0435 -0.9880 0.1480
vn -0.3302 -0.9277 0.1740
vn -0.1615 -0.9704 0.1798
vn -0.0570 -0.9945 0.0878
vn -0.5073 -0.8402 0.1918
vn -0.6316 -0.7722 -0.0694
vn -0.5506 -0.6767 0.4888
vn -0.7062 -0.5050 0.4963
vn -0.3464 -0.8351 0.4274
vn -0.6563 -0.4672 0.5924
vn -0.7267 -0.4695 0.5015
vn -0.7909 -0.5564 0.2548
vn -0.7427 -0.6456 0.1778
vn -0.8031 -0.3465 0.4848
vn 0.5418 0.8394 -0.0429
vn 0.4513 0.8904 -0.0584
vn 0.4518 0.8822 0.1330
vn 0.4292 0.9019 -0.0478
vn 0.3591 0.9267 0.1113
vn 0.5039 0.8197 0.2722
vn 0.3508 0.8850 0.3063
vn 0.5464 0.8361 0.0497
vn 0.6392 0.7690 0.0084
vn 0.6563 0.2424 -0.7145
vn 0.7226 0.2265 -0.6531
vn 0.7953 0.5672 -0.2138
vn 0.6831 0.7297 0.0290
vn 0.3320 0.5732 -0.7491
vn 0.4267 0.9006 0.0826
vn 0.4774 0.8721 -0.1070
vn 0.4787 0.8669 -0.1392
vn 0.8111 0.5503 -0.1981
vn 0.7465 0.6495 0.1447
vn 0.7535 0.6546 -0.0612
vn 0.4658 0.7053 0.5344
vn 0.5049 0.8327 0.2274
vn 0.8584 0.4879 0.1585
vn 0.7422 0.6666 -0.0692
vn 0.6249 0.7610 0.1744
vn 0.5495 0.8347 0.0366
vn 0.6247 0.7561 0.1952
vn 0.7430 0.6650 0.0755
vn 0.1509 -0.9852 0.0819
vn 0.1792 -0.9836 -0.0204
vn 0.2156 -0.9764 -0.0113
vn -0.0817 -0.9966 0.0132
vn 0.0394 -0.9847 -0.1700
vn -0.0640 -0.9947 0.0800
vn -0.0144 -0.9998 -0.0138
vn 0.1438 -0.9807 -0.1326
vn -0.2981 -0.6892 -0.6604
vn 0.1089 -0.9875 -0.1140
vn 0.7108 -0.1860 -0.6783
vn 0.6727 0.4357 -0.5980
vn 0.5652 -0.1805 -0.8050
vn 0.2112 -0.6214 -0.7545
vn 0.2523 -0.6729 -0.6954
vn 0.3928 0.5858 -0.7089
vn -0.3913 0.2479 -0.8862
vn -0.7534 0.4667 -0.4631
vn -0.8862 0.0076 -0.4633
vn -0.3225 -0.4530 -0.8312
vn -0.5854 -0.3844 -0.7138
vn -0.1234 -0.9766 0.1763
vn -0.1002 -0.9840 -0.1471
vn -0.1832 -0.9668 -0.1781
vn -0.0722 -0.9534 -0.2928
vn -0.0123 -0.9992 0.0387
vn 0.2240 -0.9740 -0.0336
vn -0.0847 -0.9696 -0.2294
vn -0.0812 -0.9946 -0.0648
vn 0.0903 -0.9929 -0.0776
vn -0.0606 -0.9067 -0.4175
vn 0.6826 0.6854 -0.2537
vn 0.5757 0.8088 -0.1203
vn 0.6412 0.7448 -0.1848
vn 0.6387 0.7665 -0.0677
vn 0.5417 0.8389 -0.0535
vn 0.6779 0.6923 -0.2472
vn 0.6113 0.7676 -0.1926
vn 0.6374 0.7364 -0.2268
vn 0.6187 0.7577 -0.2075
vn 0.6377 0.7400 -0.2140
vn 0.6736 0.6812 -0.2866
vn 0.5869 0.7642 -0.2675
vn 0.6726 0.7024 -0.2331
vn 0.6647 0.6837 -0.3013
vn 0.6627 0.7082 -0.2436
vn 0.6086 0.7513 -0.2553
vn 0.6323 0.7192 -0.2881
vn 0.4974 0.7208 -0.4828
vn 0.2983 0.8610 -0.4120
vn 0.8071 0.5453 -0.2266
vn 0.6478 0.7185 -0.2531
vn 0.4913 0.7414 -0.4571
vn 0.5987 0.6786 -0.4255
vn 0.2559 0.9606 -0.1084
vn 0.6261 0.7497 -0.2141
vn 0.3585 0.9264 -0.1148
vn 0.6260 0.7770 0.0664
vn 0.5557 0.8018 0.2198
vn 0.7813 0.5266 0.3350
vn 0.6317 0.7186 0.2908
vn 0.6437 0.7039 0.3004
vn 0.4907 0.8249 0.2805
vn 0.5243 0.8125 0.2547
vn 0.6163 0.7684 0.1722
vn 0.4730 0.8794 0.0543
vn 0.6870 0.7266 0.0001
vn 0.8032 0.5946 -0.0375
vn 0.6957 0.7180 0.0232
vn 0.7719 0.5994 -0.2120
vn 0.5876 0.7289 -0.3513
vn 0.6716 0.5895 -0.4488
vn 0.6099 0.7653 -0.2057
vn 0.6394 0.7231 -0.2611
vn 0.6635 0.5670 -0.4881
vn 0.6704 0.6637 -0.3317
vn 0.6495 0.7339 -0.1987
vn 0.6654 0.7150 -0.2145
vn -0.6808 -0.6627 0.3121
vn -0.8444 -0.3081 0.4382
vn -0.5270 -0.5237 0.6693
vn 0.5851 0.7507 -0.3067
vn 0.5483 0.7640 -0.3401
vn 0.6230 0.7359 -0.2651
vn 0.0792 0.6764 -0.7322
vn 0.5858 0.7492 -0.3089
vn 0.4809 0.8053 -0.3467
vn 0.5490 0.7690 -0.3274
vn 0.4541 0.8158 -0.3581
vn 0.4335 0.8747 -0.2168
vn 0.4794 0.8644 -0.1517
vn 0.5408 0.8055 -0.2424
vn 0.6077 0.7433 -0.2796
vn 0.5268 0.8391 -0.1360
vn 0.4254 0.9021 -0.0721
vn 0.4975 0.8512 -0.1670
vn 0.4378 0.8942 -0.0937
vn 0.8563 0.4034 -0.3225
vn 0.4148 0.9039 -0.1045
vn 0.9748 -0.1524 -0.1629
vn 0.9700 -0.1792 0.1640
vn 0.9789 -0.1382 -0.1503
vn 0.9401 -0.3403 -0.0218
vn 0.9851 -0.1636 -0.0526
vn 0.9390 -0.3224 0.1196
vn 0.9511 -0.2782 0.1345
vn 0.8727 -0.4453 0.2004
vn 0.7200 -0.6500 0.2431
vn 0.9841 -0.1480 0.0982
vn 0.9721 0.0398 0.2311
vn 0.9913 -0.1319 -0.0029
vn 0.9855 -0.1510 0.0778
vn 0.9954 0.0772 0.0561
vn 0.8094 -0.5861 0.0371
vn 0.8475 -0.4967 0.1871
vn -0.1700 -0.9819 0.0830
vn 0.9459 -0.2400 0.2185
vn 0.3168 -0.8512 0.4185
vn -0.2293 -0.8647 0.4469
vn -0.4843 -0.8459 0.2235
vn 0.7828 0.5958 0.1796
vn 0.8338 0.4811 -0.2707
vn 0.7813 0.5483 0.2984
vn 0.7780 0.5663 0.2719
vn 0.7306 0.6815 0.0435
vn 0.7374 0.5738 0.3564
vn 0.5740 0.3630 0.7340
vn 0.5930 0.5980 0.5392
vn 0.6488 0.7322 0.2071
vn 0.4897 0.5386 0.6856
vn 0.3522 0.6742 0.6492
vn 0.6599 0.7510 -0.0236
vn 0.4738 0.8791 -0.0510
vn 0.5585 0.8009 -0.2160
vn 0.5837 0.7829 -0.2153
vn 0.4702 0.8714 -0.1400
vn 0.6014 0.7518 -0.2702
vn 0.4950 0.7444 -0.4482
vn 0.5659 0.7175 -0.4062
vn 0.5600 0.7235 -0.4037
vn 0.6463 0.7470 -0.1559
vn 0.4694 0.8830 -0.0044
vn 0.4853 0.8724 -0.0590
vn 0.4286 0.8259 -0.3663
vn -0.0689 0.9453 -0.3190
vn -0.1450 0.9324 -0.3311
vn 0.7454 0.4296 0.5097
vn 0.8035 0.4735 0.3608
vn 0.8367 0.0873 0.5406
vn 0.9598 0.2540 0.1191
vn 0.8893 0.2269 0.3970
vn 0.8897 0.4382 0.1283
vn 0.8581 0.2708 0.4364
vn 0.9162 0.3035 0.2617
vn 0.6901 0.5586 0.4602
vn 0.6871 0.2488 0.6826
vn 0.8618 0.3382 0.3780
vn 0.8698 0.3808 0.3139
vn 0.6955 0.5135 0.5026
vn 0.8516 0.1063 0.5133
vn 0.9427 0.0696 0.3262
vn 0.7341 0.5037 0.4554
vn 0.6544 0.6117 0.4445
vn 0.7086 0.5486 0.4437
vn 0.7214 0.5316 0.4439
vn 0.8548 -0.2794 0.4373
vn 0.9236 -0.0044 0.3833
vn 0.4929 -0.7922 0.3599
vn 0.9473 -0.2894 0.1372
vn 0.6263 -0.6504 0.4298
vn 0.9204 0.2734 0.2796
vn 0.8723 -0.2784 0.4020
vn 0.8578 0.2067 0.4707
vn 0.9048 0.1832 0.3845
vn 0.5650 0.8169 -0.1164
vn 0.5329 0.7991 -0.2784
vn 0.5699 0.8199 -0.0552
vn 0.6008 0.7983 -0.0427
vn 0.6022 0.7796 -0.1722
vn 0.1115 0.9937 0.0103
vn 0.1846 0.9743 0.1289
vn 0.4554 0.8669 0.2028
vn 0.4839 0.8751 0.0037
vn 0.0132 0.9982 0.0593
vn -0.0031 0.9891 0.1472
vn 0.0471 0.9752 -0.2164
vn 0.5373 0.8411 0.0624
vn 0.6317 0.7752 -0.0087
vn 0.5470 0.8371 -0.0084
vn 0.6246 0.7809 0.0116
vn 0.5656 0.8236 -0.0424
vn 0.6905 0.7174 -0.0925
vn 0.5473 0.8329 0.0817
vn 0.5911 0.7130 0.3771
vn 0.5410 0.8331 0.1152
vn 0.5519 0.7775 0.3016
vn 0.7436 0.6681 -0.0271
vn 0.7394 0.5790 0.3436
vn 0.4755 0.8756 0.0854
vn 0.7637 0.6230 0.1691
vn 0.3725 0.9009 0.2229
vn 0.5789 0.8044 0.1334
vn 0.4395 0.8957 0.0683
vn 0.5077 0.8607 0.0375
vn 0.5383 0.8362 0.1048
vn 0.6057 0.7948 0.0384
vn 0.8266 0.5619 0.0299
vn 0.1685 -0.8312 -0.5299
vn -0.0048 -0.9790 -0.2036
vn -0.0214 -0.9939 0.1080
vn -0.0121 -0.9472 -0.3203
vn -0.3078 -0.9475 0.0862
vn -0.3025 -0.9381 0.1688
vn -0.1058 -0.9480 0.3003
vn -0.1085 -0.9859 -0.1277
vn -0.2332 -0.9723 0.0168
vn -0.3194 -0.9446 0.0752
vn -0.1448 -0.9841 0.1026
vn 0.5301 0.7093 0.4647
vn 0.6015 0.7988 0.0086
vn 0.6145 0.7833 -0.0941
vn 0.5234 0.8114 -0.2601
vn 0.5797 0.8133 0.0497
vn 0.5269 0.8383 -0.1399
vn 0.4587 0.8760 0.1490
vn 0.5027 0.8479 0.1681
vn 0.4046 0.8892 0.2136
vn 0.5258 0.8073 -0.2680
vn 0.6686 0.7130 -0.2112
vn 0.7689 0.6354 -0.0708
vn 0.6500 0.7241 -0.2306
vn 0.6889 0.7096 -0.1480
vn 0.5675 0.8017 -0.1879
vn 0.5259 0.8256 -0.2042
vn 0.4991 0.8663 -0.0192
vn 0.5533 0.8209 -0.1416
vn 0.7661 0.5949 -0.2434
vn 0.7328 0.6756 -0.0815
vn 0.8103 0.5839 -0.0508
vn 0.8210 0.5649 -0.0832
vn 0.7003 0.7072 -0.0978
vn 0.5208 -0.8290 -0.2039
vn -0.2752 -0.9433 -0.1856
vn -0.5035 -0.8639 -0.0126
vn -0.3083 -0.9261 0.2173
vn -0.4430 -0.8923 0.0872
vn 0.2590 0.8031 0.5365
vn 0.3994 0.7218 0.5652
vn 0.7728 0.5625 0.2940
vn 0.7390 0.5693 0.3602
vn 0.5922 0.6957 0.4066
vn 0.7268 0.5827 0.3637
vn 0.2578 0.7206 0.6436
vn 0.1019 0.8101 0.5774
vn 0.4100 0.7950 0.4472
vn 0.4731 0.6663 0.5765
vn 0.6046 0.6922 0.3940
vn 0.7509 0.5633 0.3447
vn 0.7603 0.4549 0.4636
vn 0.7229 0.5748 0.3833
vn 0.6811 0.3564 0.6396
vn -0.0004 0.8868 0.4621
vn 0.4557 0.8826 -0.1159
vn 0.4420 0.8866 -0.1366
vn 0.1122 0.9932 -0.0322
vn 0.4567 0.8679 -0.1952
vn 0.4772 0.8788 -0.0028
vn 0.2984 0.9531 -0.0500
vn 0.0314 -0.9659 -0.2570
vn 0.0462 -0.9868 -0.1550
vn 0.0498 -0.9985 0.0234
vn 0.0528 -0.9941 -0.0945
vn 0.1954 -0.9796 0.0477
vn 0.0380 -0.9895 0.1393
vn 0.0292 -0.9994 0.0162
vn -0.0169 -0.9786 0.2050
vn 0.1284 -0.9917 -0.0111
vn 0.2565 -0.9231 -0.2864
vn 0.2337 -0.9643 -0.1248
vn 0.2288 -0.9672 -0.1102
vn 0.0001 -0.9977 0.0680
vn -0.2279 -0.9561 0.1844
vn -0.2629 -0.9575 0.1186
vn 0.1994 0.9558 -0.2159
vn 0.0561 0.9918 0.1145
vn 0.4152 0.9089 -0.0399
vn 0.3117 0.9350 0.1692
vn 0.2827 0.9440 0.1704
vn 0.0262 0.9976 -0.0640
vn 0.1747 0.9591 0.2228
vn 0.1198 0.9909 -0.0620
vn 0.2841 0.9452 0.1606
vn 0.3805 0.8631 0.3321
vn 0.0803 0.9575 0.2769
vn 0.2711 0.9185 0.2878
vn 0.3480 0.9153 0.2029
vn 0.2972 0.8951 0.3325
vn 0.2822 0.9589 0.0293
vn 0.1855 0.9604 0.2079
vn 0.2215 0.9682 0.1164
vn 0.9294 -0.2882 -0.2304
vn 0.9703 -0.1818 -0.1596
vn 0.9783 0.2036 -0.0375
vn 0.9572 -0.1701 -0.2341
vn 0.7299 -0.5866 -0.3509
vn 0.2655 -0.8937 -0.3616
vn -0.1638 -0.9800 -0.1128
vn 0.5915 -0.7674 -0.2474
vn 0.6019 0.7973 -0.0454
vn 0.5931 0.8038 -0.0467
vn 0.8022 0.5719 0.1714
vn 0.6711 0.7363 0.0872
vn 0.7824 0.6227 0.0108
vn 0.5878 0.7623 -0.2710
vn 0.5916 0.7726 -0.2307
vn 0.4218 0.9052 -0.0512
vn 0.7614 0.6299 -0.1531
vn 0.5420 0.8353 -0.0921
vn 0.6467 0.7557 0.1037
vn 0.3919 0.9082 0.1465
vn 0.5762 0.8173 -0.0006
vn 0.3843 0.9231 0.0104
vn 0.2836 0.9505 -0.1267
vn 0.4374 0.8941 0.0957
vn 0.1583 0.9813 -0.1094
vn 0.3823 0.8486 0.3656
vn 0.3978 0.8921 0.2145
vn 0.4263 0.9039 -0.0359
vn 0.5953 0.8034 -0.0073
vn 0.6432 0.7644 -0.0434
vn -0.3759 -0.9036 -0.2055
vn -0.2033 -0.9785 -0.0336
vn -0.5562 -0.8308 0.0208
vn -0.2764 -0.9595 -0.0553
vn -0.3017 -0.8884 -0.3460
vn -0.3269 -0.9234 -0.2012
vn -0.2380 -0.8970 0.3726
vn -0.2829 -0.8831 0.3743
vn -0.5346 -0.7423 -0.4039
vn -0.3822 -0.9157 -0.1243
vn -0.4864 -0.7863 -0.3810
vn -0.5097 -0.8045 -0.3050
vn -0.4813 -0.8729 -0.0797
vn 0.4426 0.8269 -0.3470
vn 0.4243 0.8583 -0.2886
vn 0.3035 0.7985 -0.5199
vn -0.0104 -0.9969 -0.0781
vn 0.0166 -0.9968 0.0783
vn 0.4957 0.4288 0.7552
vn 0.4273 0.5000 0.7533
vn 0.4245 0.3048 0.8526
vn 0.3539 0.4715 0.8077
vn 0.1671 0.3637 0.9164
vn -0.0581 0.3268 0.9433
vn -0.1925 0.2851 0.9390
vn 0.7212 0.6906 0.0547
vn 0.7640 0.6374 -0.1006
vn 0.6865 0.6728 -0.2756
vn 0.7056 0.6288 -0.3268
vn 0.7730 0.6338 0.0278
vn -0.0363 -0.9921 0.1205
vn -0.2627 -0.9640 -0.0416
vn -0.0899 -0.9347 0.3438
vn -0.3772 -0.9199 -0.1069
vn -0.2119 -0.9762 0.0453
vn -0.3963 -0.9049 0.1555
vn 0.6030 0.6945 -0.3925
vn 0.6565 0.7079 -0.2607
vn 0.6887 0.6848 -0.2380
vn 0.6350 0.7058 -0.3141
vn 0.7204 0.6710 -0.1758
vn 0.6010 0.6926 -0.3989
vn 0.7301 0.6565 -0.1898
vn 0.7168 0.6377 -0.2820
vn 0.6749 0.6866 0.2704
vn 0.4595 0.8578 -0.2301
vn 0.4057 0.9124 0.0539
vn 0.5704 0.8110 0.1301
vn 0.6380 0.7589 -0.1309
vn 0.3272 0.9448 0.0188
vn 0.6920 0.6209 -0.3682
vn 0.5264 0.8501 0.0116
vn 0.2395 -0.9709 -0.0000
vn 0.3448 -0.9266 -0.1504
vn 0.1539 -0.9864 -0.0568
vn 0.2753 -0.9612 0.0180
vn -0.0483 -0.9945 -0.0927
vn -0.6460 -0.6894 -0.3278
vn -0.5318 -0.8459 -0.0402
vn -0.5578 -0.8297 0.0217
vn -0.5109 -0.7894 -0.3402
vn -0.5046 -0.8485 -0.1596
vn -0.3962 -0.9035 -0.1635
vn -0.5747 -0.8184 -0.0072
vn -0.6108 -0.7903 -0.0496
vn -0.2994 -0.9540 0.0137
vn -0.0576 -0.9929 0.1039
vn -0.4534 -0.8749 0.1702
vn -0.1010 -0.9693 0.2242
vn -0.6933 -0.7194 0.0413
vn -0.2347 0.9073 0.3488
vn -0.2027 0.8390 0.5050
vn 0.4112 0.8925 -0.1852
vn 0.6659 0.7244 -0.1784
vn 0.5779 0.8082 -0.1133
vn 0.4596 0.8470 -0.2672
vn 0.4002 0.8489 -0.3452
vn 0.3275 0.9436 -0.0489
vn 0.5731 0.7243 -0.3833
vn 0.5915 0.7606 -0.2676
vn 0.4466 0.8551 -0.2634
vn 0.5356 0.7813 -0.3206
vn 0.2808 0.9347 -0.2178
vn 0.3633 0.9064 -0.2156
vn 0.3722 0.9206 -0.1182
vn 0.2385 0.9707 0.0304
vn 0.3100 0.9107 -0.2731
vn 0.2052 0.9204 -0.3328
vn 0.6203 0.6934 -0.3667
vn 0.4879 0.8077 -0.3311
vn 0.2855 0.9538 -0.0935
vn 0.6273 0.7646 -0.1480
vn 0.5558 0.7165 -0.4216
vn 0.6227 0.6845 -0.3792
vn 0.8052 0.3728 -0.4612
vn 0.6954 0.4344 -0.5725
vn 0.5667 0.7388 -0.3647
vn 0.5857 0.7950 -0.1580
vn 0.5917 0.7664 -0.2503
vn 0.6554 0.6102 -0.4451
vn 0.4776 0.8154 -0.3271
vn 0.3289 0.8708 -0.3653
vn -0.1236 0.9919 -0.0280
vn -0.1203 0.9910 0.0594
vn -0.2109 0.9287 0.3051
vn -0.2339 0.9722 0.0047
vn -0.2868 0.8552 0.4316
vn -0.5463 0.7609 0.3502
vn -0.0068 0.7363 0.6767
vn -0.0534 0.6736 0.7371
vn -0.1713 -0.9850 0.0218
vn -0.2102 -0.9760 0.0566
vn -0.1423 -0.9826 0.1193
vn -0.1364 -0.9905 0.0186
vn -0.1092 -0.9890 0.0998
vn -0.0333 -0.9948 -0.0965
vn -0.1272 -0.9890 -0.0756
vn -0.1216 -0.9791 -0.1632
vn -0.1391 -0.9902 -0.0143
vn -0.0832 -0.9819 0.1701
vn -0.1319 -0.9778 -0.1625
vn -0.1398 -0.9899 0.0240
vn -0.1015 -0.9945 0.0249
vn -0.1236 -0.9893 -0.0777
vn -0.0448 -0.9990 -0.0074
vn -0.3728 -0.9188 0.1298
vn -0.0310 -0.9992 -0.0248
vn -0.1043 -0.9938 -0.0385
vn -0.2549 -0.9601 0.1154
vn 0.0957 -0.9878 -0.1227
vn 0.0809 -0.9958 -0.0423
vn 0.2786 -0.9565 -0.0866
vn -0.3126 -0.9460 0.0863
vn -0.0994 -0.9944 -0.0344
vn 0.1639 -0.9733 -0.1608
vn 0.2098 -0.9549 -0.2102
vn 0.6200 0.7662 -0.1690
vn 0.4505 0.5336 -0.7158
vn 0.6177 0.5162 -0.5933
vn 0.3812 0.6806 -0.6257
vn 0.4330 0.6100 -0.6636
vn 0.4579 0.5489 -0.6993
vn 0.5912 0.4600 -0.6625
vn 0.4727 0.6092 -0.6367
vn 0.4995 0.6053 -0.6197
vn 0.3558 0.4164 -0.8367
vn 0.3619 0.3865 -0.8483
vn 0.3725 0.4731 -0.7984
vn 0.3510 0.3509 -0.8681
vn -0.0590 0.5990 -0.7986
vn 0.3064 0.5436 -0.7814
vn 0.5104 0.7887 -0.3426
vn 0.6047 0.7118 -0.3572
vn 0.7211 0.6105 -0.3275
vn 0.5981 0.6636 -0.4493
vn 0.5726 0.8047 -0.1570
vn 0.8084 0.5855 -0.0602
vn 0.7995 0.5505 0.2401
vn 0.8449 0.3759 0.3806
vn 0.6643 0.7447 -0.0648
vn 0.8078 0.5830 0.0867
vn 0.7686 0.5459 0.3335
vn 0.5964 0.5542 -0.5807
vn -0.5123 0.8217 -0.2497
vn 0.5254 0.8110 -0.2575
vn 0.4715 0.8575 -0.2060
vn 0.4288 0.8948 -0.1244
vn 0.5069 0.8580 -0.0830
vn 0.5998 0.7782 -0.1862
vn 0.6724 0.7001 -0.2402
vn 0.5985 0.8002 -0.0389
vn 0.5703 0.8210 -0.0258
vn 0.6142 0.7515 -0.2408
vn 0.6607 0.7477 0.0662
vn 0.8282 0.4840 -0.2824
vn 0.8046 0.5902 -0.0653
vn 0.4173 0.9038 0.0950
vn 0.6415 0.7534 -0.1444
vn 0.5655 0.8222 -0.0653
vn 0.1385 0.9785 0.1527
vn 0.1726 0.9755 0.1362
vn 0.1169 0.9890 0.0910
vn 0.3535 0.9338 0.0553
vn 0.0719 0.9927 -0.0965
vn 0.1848 0.9342 0.3051
vn 0.2921 0.8728 -0.3910
vn 0.4808 0.5850 -0.6532
vn 0.5736 0.7284 -0.3747
vn 0.5487 0.5749 -0.6070
vn 0.5443 0.7718 -0.3288
vn 0.3537 0.8881 -0.2936
vn 0.4353 0.6666 -0.6051
vn -0.8679 -0.3103 -0.3879
vn 0.4790 0.8041 -0.3522
vn 0.5777 0.8143 0.0569
vn 0.5319 0.8468 0.0093
vn 0.6613 0.6140 -0.4309
vn 0.4546 0.8770 0.1559
vn 0.5400 0.8406 0.0419
vn 0.3686 0.9282 -0.0503
vn 0.5710 0.8197 0.0459
vn 0.5360 0.8440 -0.0168
vn 0.6042 0.7351 -0.3077
vn 0.6318 0.6454 -0.4292
vn 0.5633 0.7891 -0.2449
vn 0.5394 0.7606 -0.3613
vn 0.5838 0.5648 0.5832
vn 0.4696 0.8184 0.3310
vn 0.6002 0.7811 0.1724
vn 0.5091 0.8283 0.2339
vn 0.4612 0.7237 0.5133
vn 0.4926 0.7571 0.4291
vn 0.5963 0.4573 0.6598
vn 0.3821 0.6662 0.6404
vn 0.3216 0.6310 0.7060
vn 0.1436 0.8635 0.4834
vn 0.3580 0.7231 0.5908
vn 0.5600 0.7192 0.4113
vn 0.8313 0.5556 -0.0184
vn 0.6436 0.2251 -0.7315
vn 0.6099 0.5385 -0.5815
vn 0.7173 0.2252 -0.6594
vn 0.5372 0.6727 -0.5089
vn -0.1202 0.9927 -0.0066
vn 0.4250 0.8672 -0.2596
vn -0.1367 0.9032 0.4069
vn -0.0374 0.9456 0.3232
vn 0.6758 0.6768 -0.2920
vn -0.0012 0.9913 0.1314
vn 0.6761 0.7163 -0.1727
vn 0.2395 0.9702 -0.0359
vn 0.2580 0.9337 -0.2484
vn 0.8244 0.5249 -0.2116
vn 0.9492 0.3147 -0.0018
vn 0.7879 0.6137 -0.0510
vn 0.9947 0.1015 -0.0146
vn 0.6575 0.7488 -0.0837
vn 0.9760 0.1671 0.1394
vn 0.9652 -0.2610 -0.0152
vn 0.8702 0.3579 0.3386
vn 0.6957 0.7033 0.1462
vn 0.9662 -0.2111 0.1482
vn 0.9697 -0.2414 -0.0374
vn 0.9962 0.0758 0.0432
vn 0.9766 -0.0209 0.2140
vn -0.5162 -0.8540 -0.0646
vn -0.5934 -0.7985 -0.1015
vn -0.3381 -0.9366 -0.0916
vn -0.5157 -0.8555 -0.0454
vn -0.3962 -0.9180 -0.0143
vn -0.2227 -0.9694 -0.1033
vn -0.1696 -0.9843 0.0495
vn -0.5898 -0.6306 0.5044
vn -0.0540 -0.9825 -0.1781
vn -0.5911 -0.7381 0.3252
vn -0.3733 -0.8842 0.2806
vn -0.6964 -0.6284 0.3466
vn -0.0368 -0.9991 -0.0191
vn -0.4957 -0.7934 0.3533
vn -0.1854 -0.9760 -0.1142
vn -0.4231 -0.9029 -0.0754
vn -0.0285 -0.9622 -0.2707
vn 0.4541 0.7493 0.4820
vn 0.4686 0.8296 0.3037
vn 0.3018 0.7607 0.5747
vn 0.2316 0.6186 0.7508
vn 0.5457 0.6736 0.4984
vn 0.8092 0.5826 -0.0761
vn 0.7506 0.6597 -0.0386
vn 0.8149 0.5562 -0.1629
vn 0.6946 0.7063 0.1364
vn 0.5823 0.7710 0.2578
vn 0.7631 0.5198 -0.3841
vn 0.7197 0.6929 -0.0426
vn 0.8181 0.5495 -0.1694
vn 0.7101 0.7034 0.0323
vn 0.6380 0.7680 -0.0553
vn 0.4738 0.8717 -0.1247
vn 0.4822 0.8010 0.3547
vn 0.3270 0.9287 0.1749
vn 0.2252 0.9607 -0.1624
vn 0.5324 0.8409 -0.0974
vn 0.4797 0.8649 -0.1475
vn 0.6395 0.7687 0.0122
vn 0.9171 0.3854 0.1021
vn 0.2498 0.9514 0.1802
vn 0.1871 0.9738 -0.1294
vn -0.4596 0.8791 0.1264
vn 0.0548 0.9984 0.0146
vn 0.1515 0.9554 0.2533
vn 0.2040 0.9470 0.2482
vn -0.1398 0.9895 0.0370
vn 0.8108 0.5781 -0.0920
vn 0.6354 0.7716 0.0304
vn 0.7552 0.6313 -0.1764
vn 0.9018 0.3007 -0.3105
vn 0.6955 0.6991 -0.1659
vn 0.6776 0.7228 -0.1358
vn 0.5935 0.7667 -0.2447
vn 0.8580 0.5037 0.1009
vn 0.6015 0.7935 -0.0920
vn 0.6186 0.7853 -0.0271
vn 0.7394 0.6662 0.0972
vn 0.8884 0.4286 -0.1642
vn 0.7941 0.4766 -0.3773
vn 0.7908 0.6013 0.1143
vn -0.3807 -0.9140 0.1403
vn -0.2616 -0.9579 0.1184
vn -0.4170 -0.8727 0.2541
vn -0.4458 -0.8951 0.0094
vn -0.6987 -0.6957 0.1669
vn -0.6019 -0.7883 0.1277
vn 0.5236 0.8310 0.1880
vn 0.5548 0.6574 0.5100
vn 0.6365 0.7701 0.0416
vn -0.0123 -0.9475 0.3195
vn 0.1101 -0.9367 0.3323
vn 0.0391 -0.9168 0.3975
vn 0.3886 0.9156 -0.1029
vn 0.4490 0.8936 0.0005
vn 0.3133 0.9261 -0.2102
vn 0.4277 0.8999 -0.0855
vn 0.0088 -0.9717 -0.2360
vn 0.1584 -0.9551 -0.2503
vn 0.2658 -0.9261 -0.2677
vn 0.1377 -0.9818 -0.1308
vn -0.0469 -0.9909 0.1260
vn 0.1455 -0.9496 0.2777
vn -0.2769 -0.8892 0.3641
vn -0.2439 -0.8570 0.4539
vn -0.4354 -0.7065 0.5579
vn -0.2749 -0.9601 0.0517
vn -0.4287 -0.6733 0.6024
vn -0.3438 -0.8412 0.4174
vn -0.0620 -0.8066 0.5878
vn 0.7165 0.6695 -0.1960
vn 0.7025 0.6709 -0.2373
vn 0.7828 0.6211 -0.0389
vn 0.5848 0.7578 -0.2894
vn 0.7218 0.6863 -0.0895
vn 0.6728 0.5734 -0.4675
vn 0.8027 0.5559 -0.2162
vn 0.8015 0.5978 -0.0113
vn 0.8433 0.4733 -0.2546
vn 0.1261 -0.9615 0.2442
vn -0.0554 -0.9791 0.1956
vn -0.2159 -0.8424 0.4938
vn -0.0730 -0.9379 0.3391
vn 0.1452 -0.8101 0.5680
vn -0.1293 -0.7784 0.6143
vn 0.0173 -0.7536 0.6571
vn 0.0867 -0.7262 0.6820
vn -0.1353 -0.7334 0.6662
vn 0.0243 -0.9332 0.3586
vn -0.0028 -0.9717 0.2363
vn 0.0998 -0.9482 0.3015
vn -0.2123 -0.8253 0.5233
vn -0.5443 -0.7552 0.3653
vn -0.3994 -0.6933 0.5998
vn -0.4684 -0.7734 0.4270
vn -0.3778 -0.7774 0.5029
vn -0.3863 -0.6068 0.6946
vn -0.4166 -0.7736 0.4775
vn -0.3723 -0.7992 0.4720
vn -0.3944 -0.8047 0.4438
vn -0.3203 -0.8566 0.4045
vn -0.4299 -0.7354 0.5238
vn -0.7837 -0.3219 0.5312
vn 0.2663 -0.9609 0.0754
vn -0.0094 -0.9999 0.0122
vn -0.0023 -0.9692 0.2461
vn -0.0858 -0.9953 0.0437
vn -0.1783 -0.9743 0.1380
vn 0.0226 -0.9767 0.2136
vn 0.0473 -0.9930 0.1079
vn -0.1241 -0.9654 0.2292
vn 0.1784 -0.9715 0.1558
vn 0.1172 -0.9651 0.2343
vn -0.0872 -0.9932 -0.0767
vn -0.2113 -0.9089 0.3596
vn 0.1319 -0.9910 0.0228
vn -0.0213 -0.9554 0.2944
vn 0.1276 -0.8997 0.4174
vn 0.7287 -0.6560 0.1966
vn 0.0367 -0.9938 0.1052
vn 0.3564 -0.9342 0.0151
vn 0.3984 -0.7817 0.4798
vn -0.0205 -0.9996 -0.0216
vn 0.2446 -0.9653 0.0913
vn 0.1233 -0.9844 0.1254
vn 0.4564 -0.8885 0.0472
vn 0.3698 -0.9279 0.0469
vn 0.6868 0.6479 0.3295
vn 0.7588 0.5875 0.2812
vn -0.2727 -0.9200 -0.2816
vn 0.3063 -0.9480 0.0863
vn 0.1222 -0.9866 0.1076
vn -0.0097 -0.9998 0.0169
vn 0.1670 -0.9528 0.2537
vn 0.1640 -0.9140 0.3710
vn 0.0057 -0.9699 0.2436
vn 0.1567 0.9810 0.1144
vn 0.1804 0.9372 0.2986
vn 0.1301 0.9678 0.2154
vn -0.0272 0.9386 0.3440
vn 0.2175 0.9273 0.3047
vn 0.5011 0.8141 0.2934
vn 0.4121 0.9087 0.0666
vn 0.5422 0.8046 0.2423
vn 0.7592 0.3437 0.5527
vn 0.7953 0.4901 0.3568
vn 0.5087 0.4208 0.7511
vn 0.8919 0.2957 0.3421
vn 0.6339 0.4518 0.6277
vn 0.6843 0.3604 0.6339
vn 0.7649 0.5345 0.3595
vn 0.7100 0.5662 0.4186
vn 0.7862 0.6094 0.1026
vn 0.8529 0.4916 0.1758
vn 0.8275 0.3964 0.3976
vn 0.8309 0.4783 0.2843
vn 0.9114 0.1699 0.3748
vn 0.4074 0.9103 0.0730
vn 0.6489 0.7487 -0.1354
vn 0.5551 0.8229 -0.1210
vn 0.2304 0.9533 0.1952
vn 0.5630 0.8250 0.0485
vn 0.3706 0.9191 0.1335
vn 0.6625 0.7364 -0.1373
vn 0.9037 0.4226 -0.0694
vn 0.8563 0.4907 0.1612
vn 0.8046 0.5765 0.1424
vn 0.8069 0.5906 0.0007
vn 0.1438 0.9314 0.3344
vn 0.0665 0.8980 0.4348
vn 0.0828 -0.9952 -0.0524
vn 0.2051 -0.9761 -0.0721
vn 0.0584 -0.9422 -0.3298
vn 0.6593 -0.2549 -0.7073
vn -0.0831 -0.9964 -0.0188
vn 0.2243 -0.9709 -0.0835
vn 0.2745 -0.9613 -0.0256
vn -0.1425 -0.9746 0.1726
vn -0.1593 -0.8308 0.5333
vn 0.1137 -0.9834 -0.1414
vn 0.1574 -0.9311 -0.3292
vn 0.0051 -0.9982 -0.0594
vn -0.4475 -0.8900 0.0876
vn -0.0189 -0.9409 -0.3380
vn -0.4905 -0.8519 -0.1837
vn 0.0486 -0.9786 -0.1999
vn -0.1264 -0.9871 -0.0981
vn -0.0695 -0.9955 -0.0641
vn -0.0677 -0.9941 -0.0850
vn 0.1263 -0.9903 0.0585
vn 0.0666 -0.8670 -0.4938
vn -0.3037 -0.9361 0.1776
vn -0.1704 -0.9852 0.0204
vn 0.0924 -0.9956 -0.0179
vn -0.1848 -0.9741 0.1305
vn 0.2009 -0.8641 -0.4616
vn -0.1666 -0.9860 -0.0066
vn 0.0505 -0.9986 0.0172
vn 0.0749 -0.9776 -0.1965
vn 0.6798 0.7271 -0.0958
vn 0.5466 0.8234 -0.1526
vn 0.6799 0.7076 0.1926
vn -0.8549 0.5166 -0.0485
vn -0.7625 0.5499 0.3409
vn -0.1752 -0.9838 0.0382
vn 0.0166 -0.9980 0.0607
vn -0.0099 -0.9997 -0.0207
vn -0.0135 -0.9994 0.0309
vn -0.0406 -0.9904 0.1321
vn -0.0362 -0.9949 0.0941
vn 0.0196 -0.9891 0.1460
vn 0.1487 -0.9730 0.1766
vn -0.7004 -0.6311 0.3335
vn -0.7865 -0.6086 0.1048
vn -0.7368 -0.5620 0.3759
vn -0.7867 -0.6145 -0.0582
vn -0.9066 -0.2874 0.3090
vn -0.8584 -0.4181 0.2971
vn -0.9243 -0.3442 0.1647
vn -0.8200 -0.3473 0.4550
vn -0.8793 -0.3870 0.2777
vn -0.8738 -0.3516 0.3360
vn -0.6861 -0.5543 0.4712
vn -0.8571 -0.4191 0.2994
vn -0.9151 -0.3177 0.2482
vn -0.9541 -0.2792 0.1084
vn -0.8538 -0.4238 0.3025
vn 0.4261 0.6814 -0.5951
vn 0.4704 0.6723 -0.5715
vn 0.5139 0.6750 -0.5294
vn 0.2863 0.7248 -0.6266
vn 0.7085 0.3613 -0.6062
vn 0.7885 0.3207 -0.5249
vn 0.8617 0.1884 -0.4711
vn 0.8239 0.4140 -0.3869
vn 0.6519 0.6207 -0.4357
vn 0.4865 0.7441 -0.4579
vn 0.5281 0.4920 -0.6921
vn 0.5613 0.5226 -0.6418
vn 0.0612 -0.9838 -0.1685
vn 0.1977 -0.9527 0.2310
vn 0.1086 -0.9862 0.1252
vn 0.0237 -0.9881 -0.1518
vn 0.0652 -0.9905 0.1213
vn 0.0824 -0.9867 -0.1402
vn 0.0540 -0.9936 0.0996
vn 0.6477 0.3739 -0.6638
vn 0.7626 0.2779 -0.5841
vn 0.6926 0.4296 -0.5795
vn 0.8650 0.3474 -0.3621
vn 0.8093 0.2883 -0.5118
vn -0.0346 -0.9101 0.4129
vn 0.0429 -0.8110 0.5834
vn -0.2327 -0.7166 0.6575
vn -0.0765 -0.9348 0.3468
vn -0.4058 -0.9114 0.0688
vn -0.7747 -0.6074 0.1758
vn -0.7929 -0.5717 0.2110
vn -0.7820 -0.6207 0.0564
vn -0.9071 -0.4144 0.0742
vn -0.8621 -0.3896 -0.3242
vn -0.9693 -0.1857 -0.1612
vn 0.4664 0.2908 0.8354
vn 0.4449 0.6140 0.6520
vn 0.5345 0.8002 0.2721
vn 0.6265 0.7080 0.3261
vn 0.6334 0.6204 0.4625
vn 0.3284 0.6055 0.7249
vn 0.4091 0.4592 0.7885
vn 0.5751 0.7261 0.3770
vn 0.5878 0.6226 0.5166
vn 0.5236 0.5225 0.6729
vn 0.9505 0.2064 0.2322
vn 0.9985 0.0392 0.0390
vn 0.9886 0.1371 -0.0626
vn 0.9631 -0.1384 0.2308
vn 0.9577 0.2836 0.0491
vn 0.9499 -0.1327 0.2829
vn 0.9785 0.0669 0.1952
vn 0.9879 -0.0492 0.1468
vn 0.9838 0.0838 0.1583
vn 0.9504 -0.0226 0.3103
vn 0.3617 -0.9303 -0.0608
vn 0.3994 -0.9137 -0.0750
vn 0.3431 -0.9346 -0.0940
vn 0.4326 -0.8926 -0.1267
vn 0.5273 -0.8482 -0.0507
vn 0.1889 -0.9717 -0.1416
vn -0.5806 -0.7890 -0.2011
vn -0.4164 -0.9007 -0.1241
vn -0.1313 -0.8744 0.4672
vn -0.2560 -0.9663 -0.0285
vn -0.3378 -0.9387 -0.0688
vn -0.3356 -0.9407 -0.0502
vn -0.2880 -0.9550 0.0712
vn 0.1311 -0.9878 0.0844
vn -0.1391 -0.9176 0.3725
vn 0.5936 0.8039 0.0375
vn 0.8918 0.3825 0.2417
vn 0.9450 0.1478 0.2919
vn 0.9441 0.3020 0.1324
vn 0.9784 0.0914 0.1852
vn 0.9962 0.0283 0.0825
vn 0.9214 0.0809 0.3802
vn -0.6453 -0.2369 0.7263
vn -0.4780 0.0242 0.8780
vn -0.5024 0.2783 0.8186
vn -0.1774 0.3281 0.9278
vn -0.5360 -0.4364 0.7227
vn -0.4242 -0.4779 0.7692
vn -0.7440 0.2707 0.6109
vn -0.5026 -0.6516 0.5682
vn 0.0800 -0.9015 -0.4253
vn -0.1195 -0.9890 -0.0878
vn -0.3752 -0.9067 0.1925
vn -0.3428 -0.9017 0.2633
vn -0.6512 -0.6418 0.4052
vn -0.4021 -0.8433 0.3565
vn 0.6893 0.6249 -0.3665
vn 0.7416 0.6101 -0.2789
vn 0.6396 0.5656 -0.5206
vn 0.5966 0.6383 -0.4865
vn 0.7009 0.6088 -0.3715
vn 0.7769 0.5553 -0.2967
vn 0.5326 0.5984 -0.5985
vn 0.3447 -0.9060 0.2457
vn 0.3052 -0.9319 0.1958
vn 0.3704 -0.8912 0.2618
vn 0.0931 -0.9856 -0.1410
vn 0.2178 -0.9558 0.1977
vn -0.5940 -0.7200 0.3587
vn -0.8052 -0.4970 0.3235
vn -0.2952 -0.8572 0.4220
vn -0.5986 -0.7788 0.1875
vn -0.6863 -0.6376 0.3499
vn -0.6958 -0.6031 0.3901
vn -0.7214 -0.6495 0.2404
vn -0.4961 -0.8672 0.0419
vn -0.4129 -0.8792 0.2378
vn -0.2970 -0.8765 0.3788
vn -0.4631 -0.8044 0.3721
vn -0.3538 -0.9217 0.1592
vn 0.0486 -0.9328 0.3570
vn -0.1254 -0.8715 0.4740
vn -0.1061 -0.8801 0.4628
vn -0.0433 -0.8947 0.4445
vn 0.0549 -0.9491 0.3101
vn 0.8420 -0.2425 0.4819
vn 0.8696 -0.2672 0.4152
vn 0.8132 -0.4230 0.3998
vn 0.8770 -0.0989 0.4701
vn 0.8249 -0.3913 0.4080
vn 0.8548 -0.2829 0.4352
vn 0.6699 -0.6920 0.2690
vn 0.7216 -0.4068 0.5602
vn 0.7086 -0.5443 0.4490
vn 0.5376 -0.8353 0.1154
vn 0.4638 -0.8808 0.0957
vn 0.4306 -0.7750 0.4625
vn 0.2972 -0.9482 0.1126
vn 0.2177 -0.9659 0.1401
vn 0.5357 -0.7204 0.4404
vn 0.6034 -0.7799 0.1666
vn 0.3999 0.3229 -0.8578
vn 0.3563 0.4017 -0.8436
vn 0.4482 0.5996 -0.6630
vn 0.3970 0.4391 -0.8060
vn 0.4026 0.3402 -0.8498
vn 0.2051 0.9003 0.3840
vn -0.1976 0.9652 0.1712
vn -0.3254 0.9452 0.0282
vn -0.1148 -0.9870 0.1123
vn 0.0539 -0.9880 0.1449
vn -0.0586 -0.9692 0.2393
vn -0.1553 -0.9875 0.0281
vn -0.0658 -0.9770 0.2029
vn -0.0422 -0.9972 0.0610
vn -0.1325 -0.9907 -0.0321
vn -0.0193 -0.9884 0.1506
vn 0.1106 -0.9594 0.2594
vn 0.1061 -0.9663 0.2344
vn -0.1222 -0.8240 0.5532
vn -0.2151 -0.9425 0.2556
vn -0.2855 -0.7406 0.6082
vn 0.0521 -0.9406 0.3354
vn 0.1307 -0.9720 0.1951
vn -0.1807 -0.9596 0.2158
vn -0.6161 -0.7743 0.1445
vn -0.3625 -0.6958 0.6200
vn -0.4765 -0.5479 0.6875
vn -0.4115 -0.7130 0.5676
vn -0.9561 0.1809 0.2304
vn -0.9818 -0.0757 0.1744
vn -0.0863 -0.9922 0.0894
vn -0.1140 -0.9905 0.0770
vn 0.0903 -0.9084 0.4081
vn 0.0001 -0.9798 0.1999
vn 0.2228 -0.9488 0.2237
vn 0.1687 -0.7637 0.6231
vn 0.0364 -0.6261 0.7789
vn 0.3703 -0.4193 0.8289
vn 0.0907 -0.9689 0.2303
vn 0.1160 -0.9920 0.0491
vn 0.2147 -0.4796 0.8509
vn 0.1635 -0.6302 0.7590
vn 0.3109 -0.6805 0.6636
vn 0.2659 0.6315 -0.7283
vn -0.3828 0.4800 -0.7893
vn 0.2470 0.5808 -0.7757
vn -0.3150 0.6915 -0.6501
vn -0.6691 0.5146 -0.5363
vn -0.3676 0.6651 -0.6500
vn -0.5811 0.4870 -0.6521
vn -0.5620 0.7544 -0.3391
vn 0.4443 -0.6720 0.5924
vn 0.9366 -0.0321 0.3489
vn 0.9477 0.0771 0.3096
vn 0.8025 -0.3794 0.4606
vn 0.4172 -0.8609 0.2911
vn 0.1851 -0.8648 0.4668
vn 0.0287 -0.9483 0.3159
vn 0.2150 -0.7055 0.6753
vn -0.1473 -0.7734 0.6166
vn -0.5642 -0.8238 0.0554
vn -0.4550 -0.8554 0.2475
vn 0.5947 0.7409 0.3120
vn 0.4710 0.3157 0.8237
vn 0.0526 0.7394 0.6712
vn 0.0672 0.7278 0.6825
vn 0.5711 0.2862 0.7694
vn 0.5500 0.3556 0.7557
vn 0.3663 0.5231 0.7695
vn -0.3370 -0.8278 0.4485
vn -0.4163 -0.7568 0.5040
vn -0.6095 -0.6734 0.4185
vn -0.3031 -0.9078 0.2898
vn -0.6489 -0.5455 0.5305
vn -0.2635 -0.9413 0.2112
vn -0.0001 -0.9744 0.2248
vn -0.1027 -0.9258 0.3638
vn -0.1782 -0.9783 0.1061
vn -0.1919 -0.9750 0.1117
vn -0.3051 -0.9475 0.0958
vn -0.2223 -0.9261 0.3047
vn -0.0657 -0.9066 0.4168
vn 0.5282 0.5137 -0.6761
vn 0.7189 0.6275 -0.2990
vn 0.7921 0.4100 -0.4522
vn 0.7118 0.1794 -0.6791
vn 0.0847 0.7610 -0.6431
vn 0.8683 0.1319 -0.4782
vn 0.8720 -0.0116 -0.4893
vn 0.7045 0.2264 -0.6726
vn 0.7155 0.6615 -0.2248
vn -0.1113 0.9261 -0.3606
vn 0.2677 0.8814 -0.3892
vn 0.1883 0.9456 -0.2655
vn 0.9007 0.2935 -0.3203
vn 0.4897 0.6624 -0.5669
vn 0.7197 0.3832 -0.5790
vn 0.5105 0.7591 -0.4038
vn 0.6516 0.5352 -0.5375
vn 0.7192 0.4464 -0.5324
vn 0.6930 0.5174 -0.5021
vn 0.8156 0.2168 -0.5365
vn 0.9027 0.2258 -0.3663
vn 0.8170 0.1604 -0.5539
vn 0.7210 0.4373 -0.5375
vn -0.7888 -0.6025 0.1217
vn -0.6871 -0.6644 0.2939
vn -0.8229 -0.5523 0.1333
vn -0.9939 0.0569 0.0947
vn -0.8455 -0.4767 0.2405
vn -0.7188 -0.5253 0.4555
vn -0.5173 -0.6428 0.5650
vn -0.9176 0.3332 -0.2166
vn -0.7875 0.5248 -0.3231
vn -0.6792 0.7021 -0.2139
vn -0.0990 -0.8422 0.5301
vn -0.1177 -0.8458 0.5204
vn -0.2688 -0.8080 0.5242
vn -0.1573 -0.7293 0.6658
vn -0.3337 -0.6893 0.6431
vn -0.1464 -0.8707 0.4696
vn -0.1896 -0.8176 0.5437
vn -0.4882 -0.6496 0.5829
vn -0.4919 -0.7637 0.4182
vn -0.5822 0.8129 -0.0123
vn -0.1361 -0.9900 -0.0374
vn 0.1631 -0.8372 -0.5220
vn -0.1842 -0.8342 -0.5198
vn 0.0865 -0.7331 -0.6746
vn 0.2004 -0.8667 -0.4567
vn -0.6168 -0.6646 -0.4217
vn -0.3920 -0.8564 -0.3361
vn 0.1006 -0.9947 0.0228
vn -0.4044 -0.9106 -0.0853
vn -0.6609 -0.7491 0.0458
vn -0.4990 -0.8646 0.0597
vn 0.5381 0.3491 -0.7672
vn 0.1809 -0.1508 -0.9719
vn 0.2525 -0.4891 -0.8349
vn 0.2487 -0.7309 -0.6356
vn -0.0099 -0.9998 -0.0179
vn -0.2957 -0.6891 0.6617
vn 0.1715 -0.9126 0.3711
vn -0.2640 -0.8025 0.5351
vn -0.4870 -0.7845 0.3839
vn -0.4535 -0.7673 0.4535
vn -0.5098 -0.5434 0.6670
vn -0.4463 -0.5370 0.7159
vn -0.4462 -0.6274 0.6381
vn -0.8027 -0.4681 0.3696
vn -0.7336 -0.5155 0.4428
vn -0.9366 -0.3123 0.1589
vn -0.7470 -0.6067 0.2719
vn 0.9501 -0.3111 0.0224
vn 0.7480 -0.6622 0.0448
vn 0.7340 -0.6467 0.2076
vn 0.4295 -0.8746 0.2250
vn 0.3668 -0.8566 0.3629
vn 0.4639 -0.8300 0.3097
vn 0.2431 -0.9457 0.2160
vn 0.2768 -0.9420 0.1897
vn 0.3681 -0.9139 0.1710
vn 0.2841 -0.9506 0.1252
vn 0.4932 -0.8665 0.0772
vn 0.3157 -0.9002 0.3000
vn 0.3374 -0.9390 -0.0672
vn 0.0395 -0.2845 -0.9578
vn 0.2311 -0.7606 -0.6067
vn 0.2502 -0.7651 -0.5933
vn 0.2466 -0.7481 -0.6161
vn 0.1559 -0.3662 -0.9174
vn 0.8416 0.3569 0.4053
vn 0.9534 -0.0379 0.2993
vn 0.8908 -0.3362 0.3058
vn 0.8808 0.1246 0.4567
vn 0.9069 0.0389 0.4195
vn 0.9007 0.2156 0.3771
vn 0.8416 0.4636 0.2769
vn 0.9503 0.3100 0.0290
vn 0.9499 0.1544 0.2717
vn 0.9360 -0.1576 0.3147
vn 0.9251 0.0567 0.3754
vn 0.9208 -0.1484 0.3607
vn 0.9683 0.0288 0.2480
vn 0.1979 -0.9656 -0.1684
vn 0.2029 -0.9731 -0.1089
vn -0.1931 -0.9706 -0.1437
vn 0.1305 -0.9586 -0.2531
vn 0.2817 -0.8329 -0.4764
vn -0.7661 -0.5746 0.2878
vn -0.7605 -0.5276 0.3785
vn -0.3776 -0.8925 0.2466
vn -0.8407 -0.4480 0.3040
vn -0.7558 -0.5677 0.3263
vn -0.7211 -0.6240 0.3012
vn -0.8080 -0.5609 0.1805
vn -0.3683 -0.8848 0.2855
vn -0.8819 -0.3685 0.2939
vn 0.2872 -0.7640 -0.5778
vn 0.2592 -0.7600 -0.5961
vn 0.2240 -0.7956 -0.5629
vn 0.8076 0.3629 -0.4649
vn 0.8334 0.1878 -0.5197
vn 0.8772 0.3318 -0.3470
vn 0.8217 0.3549 -0.4460
vn -0.4711 -0.5846 0.6606
vn -0.3418 -0.4880 0.8031
vn -0.5892 -0.4737 0.6545
vn -0.5633 -0.7907 0.2399
vn -0.6231 0.6800 0.3865
vn -0.5885 0.5125 0.6253
vn -0.3976 0.6129 0.6828
vn -0.4246 0.1897 0.8853
vn -0.5084 0.2169 0.8334
vn -0.6649 0.6031 0.4407
vn -0.3517 0.2797 0.8933
vn -0.5867 0.3744 0.7181
vn -0.1836 0.4370 0.8805
vn -0.5414 0.4298 0.7226
vn -0.7111 0.6072 0.3545
vn -0.4234 0.7630 0.4885
vn -0.0813 -0.9949 -0.0599
vn -0.5532 -0.8290 0.0815
vn -0.8073 -0.5890 0.0363
vn -0.8294 -0.5469 0.1142
vn -0.7259 -0.6543 0.2119
vn 0.2410 -0.8852 -0.3980
vn 0.1605 -0.8579 -0.4881
vn 0.4086 -0.9120 0.0355
vn 0.4475 -0.8017 0.3962
vn 0.3399 -0.8805 -0.3305
vn 0.5919 -0.8049 -0.0430
vn 0.6109 -0.7825 0.1203
vn 0.6466 -0.7606 -0.0574
vn 0.1849 -0.8360 -0.5166
vn 0.3028 -0.9460 -0.1162
vn 0.2831 -0.9461 0.1574
vn 0.7213 -0.4620 -0.5160
vn 0.5157 -0.7510 -0.4123
vn 0.3053 -0.9067 -0.2909
vn 0.9603 -0.2264 -0.1628
vn 0.6937 0.1071 -0.7123
vn 0.9010 -0.3402 -0.2690
vn 0.5589 -0.5752 -0.5974
vn 0.6498 -0.7225 -0.2362
vn 0.6199 -0.7828 0.0543
vn 0.6671 -0.7450 0.0025
vn 0.8479 -0.4746 0.2363
vn 0.6944 -0.6719 0.2577
vn 0.0227 -0.3612 0.9322
vn 0.5554 -0.8242 0.1108
vn 0.3711 -0.9043 0.2111
vn 0.2034 -0.9604 -0.1903
vn -0.1826 -0.9553 -0.2323
vn 0.1613 -0.9710 0.1763
vt 0.594057 0.501979
vt 0.617127 0.501021
vt 0.603169 0.526556
vt 0.417456 0.219772
vt 0.413874 0.204908
vt 0.430893 0.208710
vt 0.171796 0.407421
vt 0.146251 0.415945
vt 0.126042 0.392022
vt 0.132136 0.398285
vt 0.248680 0.641323
vt 0.260212 0.643240
vt 0.243951 0.649651
vt 0.025123 0.100917
vt 0.032005 0.118915
vt 0.025377 0.116989
vt 0.104333 0.180751
vt 0.089607 0.178608
vt 0.107583 0.168882
vt 0.624462 0.435623
vt 0.632097 0.416032
vt 0.648752 0.422633
vt 0.649347 0.029221
vt 0.632690 0.020741
vt 0.646036 0.020460
vt 0.177396 0.184203
vt 0.190606 0.192181
vt 0.181063 0.194800
vt 0.747767 0.169208
vt 0.735410 0.167592
vt 0.737716 0.154180
vt 0.221561 0.404808
vt 0.233752 0.393942
vt 0.236942 0.404579
vt 0.714992 0.206701
vt 0.713872 0.192998
vt 0.727539 0.201021
vt 0.669061 0.122444
vt 0.667178 0.102700
vt 0.686720 0.113890
vt 0.704001 0.208948
vt 0.703696 0.195816
vt 0.254456 0.070663
vt 0.248658 0.081962
vt 0.236082 0.084497
vt 0.590389 0.517786
vt 0.588520 0.511459
vt 0.596198 0.515453
vt 0.583941 0.521792
vt 0.823486 0.547375
vt 0.825800 0.558136
vt 0.813898 0.545887
vt 0.816082 0.531734
vt 0.467492 0.336366
vt 0.459518 0.344828
vt 0.458514 0.327565
vt 0.105927 0.156620
vt 0.115393 0.154512
vt 0.128791 0.162583
vt 0.135993 0.178892
vt 0.216191 0.662522
vt 0.198755 0.665621
vt 0.211337 0.654820
vt 0.659947 0.080505
vt 0.668908 0.075478
vt 0.668804 0.081856
vt 0.657529 0.085611
vt 0.583824 0.835224
vt 0.587558 0.815293
vt 0.599134 0.821990
vt 0.816300 0.579901
vt 0.808313 0.570524
vt 0.825073 0.569563
vt 0.818288 0.559410
vt 0.039842 0.523436
vt 0.035562 0.515584
vt 0.052809 0.517631
vt 0.624214 0.041127
vt 0.614622 0.028747
vt 0.605426 0.041381
vt 0.257593 0.696662
vt 0.245496 0.697897
vt 0.248683 0.694147
vt 0.244645 0.706230
vt 0.267051 0.704867
vt 0.631049 0.896559
vt 0.638589 0.902373
vt 0.635753 0.910002
vt 0.620460 0.897623
vt 0.624870 0.921903
vt 0.645980 0.906217
vt 0.637233 0.920617
vt 0.578892 0.097475
vt 0.591841 0.103834
vt 0.581414 0.110323
vt 0.612794 0.824788
vt 0.620930 0.832678
vt 0.608752 0.839599
vt 0.610664 0.818354
vt 0.496322 0.321728
vt 0.486635 0.329525
vt 0.472641 0.321808
vt 0.861170 0.707792
vt 0.865450 0.719275
vt 0.856471 0.719369
vt 0.866215 0.710508
vt 0.660554 0.226213
vt 0.651686 0.227846
vt 0.660150 0.216917
vt 0.352048 0.376451
vt 0.348748 0.358531
vt 0.358001 0.354226
vt 0.336077 0.372787
vt 0.633028 0.100926
vt 0.644822 0.081974
vt 0.650940 0.100932
vt 0.654942 0.092103
vt 0.626157 0.091931
vt 0.691071 0.205135
vt 0.697265 0.219241
vt 0.683575 0.209009
vt 0.802653 0.058277
vt 0.773201 0.061605
vt 0.789223 0.047456
vt 0.772231 0.046894
vt 0.535830 0.302993
vt 0.520147 0.316602
vt 0.517028 0.303433
vt 0.220137 0.068016
vt 0.233099 0.066727
vt 0.228903 0.077498
vt 0.509318 0.340560
vt 0.311045 0.141468
vt 0.316562 0.144852
vt 0.301525 0.150773
vt 0.304584 0.125276
vt 0.312778 0.134012
vt 0.301419 0.146626
vt 0.288512 0.143455
vt 0.299573 0.163322
vt 0.731076 0.015454
vt 0.745902 0.002186
vt 0.749989 0.005361
vt 0.880923 0.388768
vt 0.892448 0.391480
vt 0.888189 0.392281
vt 0.717827 0.021781
vt 0.725190 0.012408
vt 0.726295 0.028527
vt 0.195532 0.062320
vt 0.201886 0.052881
vt 0.203259 0.063381
vt 0.203478 0.040463
vt 0.196567 0.053953
vt 0.211410 0.043129
vt 0.208126 0.055787
vt 0.044992 0.124152
vt 0.041175 0.134590
vt 0.030298 0.128029
vt 0.038977 0.111075
vt 0.039061 0.099798
vt 0.052406 0.111891
vt 0.618690 0.101608
vt 0.625847 0.110474
vt 0.697033 0.039511
vt 0.701443 0.027399
vt 0.713363 0.036110
vt 0.240433 0.362666
vt 0.250080 0.358445
vt 0.244429 0.381808
vt 0.519144 0.280953
vt 0.507684 0.299616
vt 0.501556 0.289066
vt 0.826349 0.609020
vt 0.823479 0.623102
vt 0.814920 0.626154
vt 0.925130 0.306307
vt 0.922214 0.316739
vt 0.920649 0.304627
vt 0.438104 0.868316
vt 0.447134 0.878320
vt 0.430123 0.876224
vt 0.445072 0.892961
vt 0.434037 0.891056
vt 0.437450 0.901660
vt 0.424421 0.901182
vt 0.422887 0.890037
vt 0.414571 0.883001
vt 0.794046 0.640080
vt 0.800685 0.632742
vt 0.807113 0.646132
vt 0.788327 0.651640
vt 0.803342 0.657515
vt 0.480826 0.302282
vt 0.461275 0.194442
vt 0.470928 0.188713
vt 0.466421 0.196767
vt 0.500609 0.040229
vt 0.497567 0.061840
vt 0.490208 0.049091
vt 0.490586 0.039405
vt 0.499660 0.027835
vt 0.231669 0.522247
vt 0.224664 0.528898
vt 0.218894 0.521226
vt 0.233706 0.544755
vt 0.092857 0.434826
vt 0.112713 0.425214
vt 0.096403 0.451159
vt 0.119391 0.438057
vt 0.824047 0.712410
vt 0.820018 0.729349
vt 0.819142 0.720008
vt 0.830132 0.730376
vt 0.827746 0.741144
vt 0.835733 0.718081
vt 0.841566 0.736588
vt 0.439157 0.840133
vt 0.436186 0.854430
vt 0.430865 0.825785
vt 0.421753 0.841702
vt 0.442098 0.856659
vt 0.418075 0.853599
vt 0.423733 0.860120
vt 0.431487 0.859336
vt 0.061304 0.222820
vt 0.043349 0.205690
vt 0.047981 0.200882
vt 0.072582 0.223297
vt 0.069727 0.230222
vt 0.671207 0.234424
vt 0.676645 0.220491
vt 0.679350 0.237532
vt 0.687548 0.225948
vt 0.779504 0.506369
vt 0.769111 0.505949
vt 0.777318 0.496487
vt 0.778816 0.482289
vt 0.032774 0.090030
vt 0.045830 0.088878
vt 0.060796 0.099433
vt 0.062628 0.115984
vt 0.825474 0.666588
vt 0.833941 0.664359
vt 0.814181 0.695904
vt 0.838243 0.684771
vt 0.264261 0.631021
vt 0.268283 0.642254
vt 0.844335 0.107653
vt 0.832196 0.109859
vt 0.844745 0.095869
vt 0.485124 0.341090
vt 0.473957 0.340119
vt 0.485456 0.348227
vt 0.479320 0.358963
vt 0.799206 0.141505
vt 0.801544 0.161809
vt 0.784145 0.153095
vt 0.773895 0.151097
vt 0.776991 0.143553
vt 0.769696 0.167496
vt 0.613635 0.110149
vt 0.603693 0.101795
vt 0.787940 0.576952
vt 0.778148 0.571256
vt 0.791180 0.558790
vt 0.780220 0.553266
vt 0.776738 0.562064
vt 0.268495 0.181495
vt 0.290060 0.181653
vt 0.286299 0.191068
vt 0.825698 0.751949
vt 0.827100 0.759402
vt 0.813097 0.753259
vt 0.036171 0.452645
vt 0.045281 0.465724
vt 0.030118 0.468995
vt 0.221824 0.386306
vt 0.227143 0.367533
vt 0.178957 0.232785
vt 0.195658 0.237332
vt 0.186862 0.246147
vt 0.195439 0.260133
vt 0.636027 0.605879
vt 0.634295 0.598642
vt 0.636211 0.591427
vt 0.022737 0.122908
vt 0.025398 0.131995
vt 0.038562 0.141536
vt 0.031603 0.139753
vt 0.168474 0.991022
vt 0.164053 0.979938
vt 0.173312 0.981092
vt 0.119346 0.180498
vt 0.105161 0.191122
vt 0.182876 0.620102
vt 0.204143 0.634633
vt 0.184399 0.631077
vt 0.201881 0.619431
vt 0.569388 0.038204
vt 0.580840 0.033038
vt 0.590296 0.043124
vt 0.569609 0.050910
vt 0.271960 0.379306
vt 0.267859 0.359173
vt 0.274107 0.360872
vt 0.277110 0.338783
vt 0.274432 0.331247
vt 0.261180 0.350367
vt 0.080608 0.403323
vt 0.096990 0.403785
vt 0.081958 0.407094
vt 0.803308 0.313154
vt 0.819713 0.315216
vt 0.805071 0.321131
vt 0.816633 0.329084
vt 0.794910 0.324967
vt 0.055198 0.129291
vt 0.075903 0.124880
vt 0.064205 0.133258
vt 0.076372 0.116203
vt 0.843759 0.205573
vt 0.841991 0.224579
vt 0.823865 0.217252
vt 0.832378 0.232467
vt 0.818332 0.226485
vt 0.816795 0.292960
vt 0.829468 0.286926
vt 0.830950 0.301440
vt 0.805542 0.299360
vt 0.577982 0.563209
vt 0.576468 0.558033
vt 0.586108 0.562922
vt 0.446434 0.540310
vt 0.454839 0.546962
vt 0.442147 0.543118
vt 0.582419 0.580910
vt 0.583648 0.569031
vt 0.576242 0.573959
vt 0.463983 0.529494
vt 0.466107 0.553570
vt 0.568435 0.860253
vt 0.558143 0.849238
vt 0.564774 0.853375
vt 0.551698 0.865955
vt 0.547862 0.851498
vt 0.032042 0.896285
vt 0.023112 0.903927
vt 0.025600 0.891356
vt 0.352096 0.405234
vt 0.361654 0.396816
vt 0.362325 0.411251
vt 0.369554 0.383950
vt 0.344252 0.389878
vt 0.758296 0.111909
vt 0.764150 0.126003
vt 0.754524 0.121030
vt 0.775109 0.107869
vt 0.773117 0.128454
vt 0.786056 0.128956
vt 0.314565 0.349112
vt 0.347688 0.349405
vt 0.306171 0.382891
vt 0.306679 0.370815
vt 0.316155 0.363995
vt 0.635575 0.458819
vt 0.630704 0.468572
vt 0.623162 0.456392
vt 0.628707 0.446778
vt 0.641743 0.445853
vt 0.613753 0.438833
vt 0.620955 0.473048
vt 0.875681 0.607633
vt 0.879551 0.628390
vt 0.866709 0.607836
vt 0.871147 0.632903
vt 0.873401 0.641326
vt 0.656380 0.329313
vt 0.662101 0.305285
vt 0.672861 0.324970
vt 0.652351 0.307534
vt 0.657628 0.296824
vt 0.666844 0.023787
vt 0.678583 0.028902
vt 0.667502 0.031808
vt 0.686111 0.036298
vt 0.679613 0.040700
vt 0.664604 0.040629
vt 0.589872 0.225692
vt 0.612306 0.213969
vt 0.612278 0.234906
vt 0.199093 0.418132
vt 0.166388 0.394452
vt 0.175146 0.420657
vt 0.199742 0.429859
vt 0.285205 0.385402
vt 0.272575 0.394107
vt 0.282097 0.381423
vt 0.285058 0.400110
vt 0.458861 0.357167
vt 0.472425 0.370657
vt 0.451637 0.370562
vt 0.444482 0.359233
vt 0.445443 0.341317
vt 0.023011 0.492046
vt 0.040663 0.478427
vt 0.026445 0.503328
vt 0.811256 0.753494
vt 0.794058 0.760753
vt 0.792759 0.752511
vt 0.101600 0.132824
vt 0.100435 0.145375
vt 0.090632 0.132464
vt 0.690684 0.155133
vt 0.692799 0.136151
vt 0.709339 0.143744
vt 0.703911 0.158285
vt 0.683413 0.142946
vt 0.675261 0.158476
vt 0.213489 0.254944
vt 0.218378 0.257425
vt 0.207383 0.266917
vt 0.228788 0.243703
vt 0.407205 0.530439
vt 0.393705 0.537279
vt 0.397346 0.525866
vt 0.383144 0.536892
vt 0.381100 0.526686
vt 0.222126 0.241233
vt 0.379261 0.542172
vt 0.373387 0.539775
vt 0.366736 0.531018
vt 0.385361 0.515522
vt 0.613685 0.894136
vt 0.612299 0.907610
vt 0.606302 0.902734
vt 0.618491 0.900203
vt 0.604617 0.889485
vt 0.602007 0.906801
vt 0.602737 0.914596
vt 0.598718 0.909713
vt 0.610577 0.921200
vt 0.616198 0.917764
vt 0.606104 0.469963
vt 0.604229 0.489980
vt 0.593370 0.487341
vt 0.593263 0.471493
vt 0.584857 0.484433
vt 0.578820 0.476058
vt 0.081371 0.158691
vt 0.090854 0.151558
vt 0.085818 0.167311
vt 0.050847 0.137612
vt 0.047930 0.150124
vt 0.073608 0.137348
vt 0.059604 0.151158
vt 0.367107 0.982503
vt 0.373261 0.990111
vt 0.348337 0.980584
vt 0.364034 0.993278
vt 0.350965 0.994754
vt 0.239533 0.029804
vt 0.258946 0.039429
vt 0.232013 0.033397
vt 0.226689 0.026318
vt 0.591008 0.575433
vt 0.594388 0.555201
vt 0.598831 0.568199
vt 0.593657 0.541868
vt 0.592174 0.549398
vt 0.585576 0.549859
vt 0.601469 0.562774
vt 0.575559 0.547855
vt 0.596387 0.576111
vt 0.611210 0.421829
vt 0.601145 0.418925
vt 0.594424 0.438230
vt 0.581647 0.853014
vt 0.572463 0.847875
vt 0.556045 0.829468
vt 0.556726 0.820982
vt 0.567800 0.829284
vt 0.568251 0.844918
vt 0.572770 0.833209
vt 0.137758 0.201565
vt 0.148493 0.198752
vt 0.139789 0.215400
vt 0.157548 0.193950
vt 0.120686 0.208623
vt 0.653440 0.615729
vt 0.645479 0.620206
vt 0.659551 0.612000
vt 0.648101 0.605518
vt 0.640939 0.617359
vt 0.020683 0.114579
vt 0.632007 0.622491
vt 0.637700 0.630603
vt 0.638349 0.653193
vt 0.018476 0.104966
vt 0.202728 0.158877
vt 0.189756 0.150079
vt 0.185791 0.130680
vt 0.210065 0.137592
vt 0.218592 0.162586
vt 0.191726 0.601261
vt 0.180857 0.590951
vt 0.201484 0.608949
vt 0.087510 0.122337
vt 0.822929 0.236437
vt 0.811550 0.242331
vt 0.856661 0.290258
vt 0.836879 0.276483
vt 0.860715 0.270349
vt 0.847069 0.292995
vt 0.606869 0.791649
vt 0.615782 0.779466
vt 0.618981 0.801247
vt 0.624875 0.796656
vt 0.442368 0.364975
vt 0.443804 0.375197
vt 0.236542 0.697980
vt 0.437001 0.346507
vt 0.222409 0.705369
vt 0.229344 0.699519
vt 0.573531 0.269351
vt 0.586789 0.262389
vt 0.583940 0.284963
vt 0.213497 0.673999
vt 0.222841 0.664059
vt 0.223253 0.685653
vt 0.235299 0.675286
vt 0.232097 0.669778
vt 0.141493 0.535060
vt 0.155341 0.534886
vt 0.154240 0.539981
vt 0.159060 0.526225
vt 0.165268 0.541409
vt 0.164699 0.549201
vt 0.141914 0.551977
vt 0.327500 0.988596
vt 0.323480 0.969890
vt 0.206993 0.019445
vt 0.215536 0.031616
vt 0.241949 0.342144
vt 0.229366 0.336380
vt 0.218287 0.361593
vt 0.218503 0.343409
vt 0.625497 0.494559
vt 0.633892 0.488993
vt 0.238781 0.049134
vt 0.375561 0.975971
vt 0.265590 0.029368
vt 0.281261 0.030763
vt 0.252866 0.031090
vt 0.093640 0.909374
vt 0.104255 0.892401
vt 0.107837 0.909550
vt 0.089259 0.891623
vt 0.088698 0.882054
vt 0.077147 0.892620
vt 0.078355 0.907590
vt 0.083891 0.912974
vt 0.483025 0.506557
vt 0.468121 0.519796
vt 0.476227 0.510604
vt 0.486806 0.529066
vt 0.476725 0.525515
vt 0.594610 0.600421
vt 0.587001 0.586763
vt 0.591386 0.587030
vt 0.468749 0.530438
vt 0.619820 0.393049
vt 0.614918 0.400290
vt 0.606090 0.393782
vt 0.616759 0.380321
vt 0.610169 0.407735
vt 0.597090 0.400116
vt 0.194740 0.653319
vt 0.170786 0.654192
vt 0.176778 0.667549
vt 0.178238 0.689845
vt 0.170354 0.681472
vt 0.350602 0.488739
vt 0.339432 0.487809
vt 0.353284 0.482752
vt 0.340021 0.476558
vt 0.324688 0.477451
vt 0.331978 0.468479
vt 0.344355 0.466090
vt 0.250266 0.116937
vt 0.244858 0.132279
vt 0.234710 0.127720
vt 0.241277 0.114643
vt 0.244871 0.105085
vt 0.255678 0.114704
vt 0.262239 0.116686
vt 0.254780 0.133436
vt 0.234716 0.142065
vt 0.242752 0.146059
vt 0.264623 0.563524
vt 0.250195 0.563044
vt 0.254086 0.548689
vt 0.463039 0.315841
vt 0.257748 0.539272
vt 0.448297 0.329385
vt 0.452712 0.320612
vt 0.257537 0.577079
vt 0.266097 0.572982
vt 0.363810 0.480807
vt 0.363926 0.464145
vt 0.375020 0.481115
vt 0.386882 0.466605
vt 0.352975 0.467748
vt 0.358894 0.453677
vt 0.909165 0.330435
vt 0.916969 0.344037
vt 0.894668 0.351300
vt 0.909448 0.354121
vt 0.604827 0.451137
vt 0.595578 0.462124
vt 0.172179 0.216971
vt 0.172266 0.205052
vt 0.183474 0.210804
vt 0.189231 0.204326
vt 0.197093 0.224233
vt 0.182434 0.226363
vt 0.199672 0.215636
vt 0.158483 0.224435
vt 0.161895 0.235676
vt 0.386373 0.496315
vt 0.379614 0.497893
vt 0.380888 0.480395
vt 0.365895 0.499515
vt 0.370984 0.505638
vt 0.248923 0.586011
vt 0.262281 0.588037
vt 0.247364 0.598188
vt 0.258032 0.612330
vt 0.277042 0.600178
vt 0.659924 0.631458
vt 0.652930 0.639515
vt 0.661392 0.621789
vt 0.657753 0.619295
vt 0.648388 0.631291
vt 0.673390 0.627603
vt 0.669696 0.636751
vt 0.666429 0.632788
vt 0.658018 0.648203
vt 0.644105 0.646945
vt 0.657833 0.658210
vt 0.264458 0.136462
vt 0.251680 0.154218
vt 0.279191 0.157870
vt 0.074470 0.146196
vt 0.054290 0.162343
vt 0.069038 0.165340
vt 0.388046 0.321491
vt 0.387967 0.311980
vt 0.400441 0.314892
vt 0.396283 0.303165
vt 0.380362 0.296196
vt 0.393619 0.294022
vt 0.364865 0.304452
vt 0.358109 0.298139
vt 0.374794 0.301199
vt 0.377694 0.280802
vt 0.389528 0.283969
vt 0.099740 0.593436
vt 0.098893 0.615527
vt 0.087822 0.610205
vt 0.105828 0.604559
vt 0.600388 0.597259
vt 0.598981 0.584445
vt 0.604730 0.588392
vt 0.617374 0.931140
vt 0.611790 0.583350
vt 0.054444 0.441959
vt 0.063833 0.434643
vt 0.067937 0.449114
vt 0.088620 0.427450
vt 0.086086 0.412244
vt 0.077996 0.446915
vt 0.746209 0.722394
vt 0.726856 0.719208
vt 0.744897 0.716016
vt 0.732068 0.732656
vt 0.746202 0.735184
vt 0.767977 0.726732
vt 0.731749 0.741451
vt 0.805668 0.551415
vt 0.787695 0.546653
vt 0.804440 0.540035
vt 0.691998 0.662653
vt 0.710417 0.656500
vt 0.719335 0.666031
vt 0.715125 0.676146
vt 0.697450 0.670161
vt 0.702878 0.676628
vt 0.693001 0.682181
vt 0.711368 0.689909
vt 0.701657 0.694079
vt 0.677458 0.674512
vt 0.679603 0.664647
vt 0.404493 0.860889
vt 0.416726 0.866637
vt 0.398504 0.879838
vt 0.407985 0.869906
vt 0.226684 0.050016
vt 0.264871 0.060567
vt 0.247309 0.056840
vt 0.255276 0.709242
vt 0.266069 0.720236
vt 0.239735 0.719148
vt 0.204588 0.584878
vt 0.213784 0.600888
vt 0.214119 0.611152
vt 0.240094 0.571678
vt 0.233198 0.575302
vt 0.233218 0.555526
vt 0.245565 0.558427
vt 0.210525 0.097275
vt 0.216679 0.090892
vt 0.217656 0.109464
vt 0.464413 0.854115
vt 0.473411 0.848822
vt 0.472132 0.862571
vt 0.493026 0.863203
vt 0.458996 0.859833
vt 0.455543 0.846713
vt 0.463309 0.867505
vt 0.471379 0.873268
vt 0.457032 0.871339
vt 0.463201 0.882626
vt 0.106267 0.662896
vt 0.114507 0.664770
vt 0.105805 0.671448
vt 0.450947 0.846528
vt 0.448053 0.855719
vt 0.447032 0.834894
vt 0.459317 0.837531
vt 0.449579 0.865121
vt 0.444390 0.873128
vt 0.775981 0.629516
vt 0.788094 0.627174
vt 0.778383 0.646234
vt 0.797889 0.624406
vt 0.190148 0.681339
vt 0.192183 0.704135
vt 0.198668 0.695065
vt 0.169591 0.698088
vt 0.174167 0.709120
vt 0.221790 0.610879
vt 0.227165 0.620263
vt 0.231018 0.604444
vt 0.243679 0.608969
vt 0.237893 0.622238
vt 0.210533 0.350182
vt 0.212413 0.376117
vt 0.273906 0.208608
vt 0.282601 0.216171
vt 0.258457 0.216752
vt 0.352984 0.908840
vt 0.358031 0.924120
vt 0.339273 0.911720
vt 0.347304 0.920622
vt 0.365206 0.932431
vt 0.330884 0.917997
vt 0.351360 0.935664
vt 0.323654 0.926605
vt 0.344824 0.940542
vt 0.399395 0.519159
vt 0.391614 0.509293
vt 0.375710 0.518261
vt 0.364415 0.519789
vt 0.355759 0.510258
vt 0.872991 0.590437
vt 0.878709 0.568106
vt 0.667604 0.356484
vt 0.654387 0.372169
vt 0.920345 0.330720
vt 0.142991 0.695653
vt 0.155861 0.695659
vt 0.151870 0.707260
vt 0.164805 0.717217
vt 0.254568 0.168051
vt 0.292960 0.174736
vt 0.708676 0.223343
vt 0.727189 0.224767
vt 0.723779 0.233351
vt 0.707552 0.232072
vt 0.703975 0.220600
vt 0.052347 0.630285
vt 0.065283 0.648356
vt 0.052660 0.641042
vt 0.818122 0.110535
vt 0.828327 0.122911
vt 0.811289 0.126903
vt 0.818781 0.137971
vt 0.677824 0.243272
vt 0.328923 0.896845
vt 0.333229 0.895370
vt 0.326652 0.906746
vt 0.667828 0.227116
vt 0.670498 0.211466
vt 0.313821 0.921402
vt 0.486248 0.421896
vt 0.483658 0.404393
vt 0.495490 0.408709
vt 0.463652 0.418411
vt 0.201918 0.674210
vt 0.211680 0.696093
vt 0.263778 0.104231
vt 0.255474 0.107956
vt 0.256161 0.098649
vt 0.277773 0.108492
vt 0.274652 0.115696
vt 0.259404 0.089416
vt 0.158855 0.213040
vt 0.757926 0.322314
vt 0.753082 0.321187
vt 0.760115 0.304107
vt 0.632602 0.508931
vt 0.638508 0.490043
vt 0.626763 0.517951
vt 0.348595 0.443223
vt 0.361158 0.446348
vt 0.337553 0.452470
vt 0.335628 0.435830
vt 0.371938 0.443624
vt 0.369310 0.437239
vt 0.359808 0.435495
vt 0.620480 0.125775
vt 0.612602 0.118852
vt 0.626009 0.117773
vt 0.616924 0.134547
vt 0.604508 0.123006
vt 0.633444 0.130656
vt 0.631407 0.149573
vt 0.607927 0.145189
vt 0.598487 0.132261
vt 0.862208 0.626339
vt 0.858080 0.639106
vt 0.847032 0.622589
vt 0.851066 0.605219
vt 0.103234 0.463652
vt 0.116407 0.471408
vt 0.101982 0.479989
vt 0.112577 0.489075
vt 0.106188 0.494996
vt 0.118767 0.481820
vt 0.113468 0.457350
vt 0.132422 0.458905
vt 0.132101 0.470079
vt 0.746411 0.064167
vt 0.744331 0.074083
vt 0.736003 0.078140
vt 0.723763 0.071756
vt 0.719698 0.089842
vt 0.754200 0.080102
vt 0.821126 0.641459
vt 0.827915 0.633336
vt 0.836131 0.620702
vt 0.841007 0.634160
vt 0.832334 0.638876
vt 0.849043 0.656545
vt 0.831722 0.644629
vt 0.229775 0.113722
vt 0.229290 0.100239
vt 0.227553 0.085257
vt 0.218453 0.132779
vt 0.205487 0.128158
vt 0.766464 0.392557
vt 0.763934 0.409560
vt 0.760128 0.396001
vt 0.354466 0.541374
vt 0.342654 0.538964
vt 0.355797 0.535827
vt 0.751383 0.410457
vt 0.747184 0.412311
vt 0.743990 0.401482
vt 0.760573 0.417170
vt 0.752973 0.426100
vt 0.589017 0.796339
vt 0.596886 0.782591
vt 0.597324 0.807189
vt 0.606161 0.804327
vt 0.617658 0.813488
vt 0.580698 0.797594
vt 0.060091 0.454485
vt 0.068404 0.457503
vt 0.079975 0.465030
vt 0.642965 0.182594
vt 0.661153 0.169794
vt 0.657432 0.186272
vt 0.650871 0.171007
vt 0.630258 0.167706
vt 0.642005 0.155156
vt 0.658902 0.155108
vt 0.662490 0.162961
vt 0.628820 0.157583
vt 0.855515 0.407218
vt 0.840139 0.419625
vt 0.844186 0.409824
vt 0.851186 0.425145
vt 0.841657 0.427005
vt 0.689411 0.024043
vt 0.840724 0.756567
vt 0.048225 0.413308
vt 0.056268 0.418953
vt 0.045154 0.425756
vt 0.640356 0.125113
vt 0.651914 0.112970
vt 0.657721 0.121330
vt 0.639001 0.110865
vt 0.650043 0.146323
vt 0.666577 0.132851
vt 0.249628 0.515821
vt 0.237878 0.515335
vt 0.236870 0.508079
vt 0.245837 0.526130
vt 0.219029 0.506141
vt 0.244367 0.538874
vt 0.629051 0.409659
vt 0.636569 0.407259
vt 0.624371 0.401217
vt 0.631293 0.402152
vt 0.816057 0.715651
vt 0.821155 0.707092
vt 0.830769 0.706639
vt 0.842711 0.713441
vt 0.848005 0.715731
vt 0.042443 0.846522
vt 0.030167 0.847409
vt 0.033879 0.833407
vt 0.034537 0.859094
vt 0.552753 0.846585
vt 0.356059 0.523649
vt 0.348879 0.523899
vt 0.335034 0.524500
vt 0.341332 0.502938
vt 0.336464 0.508820
vt 0.742276 0.143635
vt 0.720029 0.135962
vt 0.724718 0.149364
vt 0.735121 0.130949
vt 0.704857 0.136327
vt 0.712746 0.150586
vt 0.721249 0.124189
vt 0.800548 0.587090
vt 0.781871 0.606100
vt 0.773861 0.589710
vt 0.796756 0.607751
vt 0.090717 0.633069
vt 0.095414 0.625012
vt 0.105009 0.635252
vt 0.216409 0.586668
vt 0.214450 0.579545
vt 0.232533 0.588018
vt 0.809975 0.595583
vt 0.823425 0.593516
vt 0.551495 0.047062
vt 0.556267 0.042298
vt 0.561759 0.057676
vt 0.539075 0.050845
vt 0.891081 0.366827
vt 0.878311 0.370370
vt 0.898796 0.373430
vt 0.912864 0.368997
vt 0.230828 0.206302
vt 0.218914 0.184745
vt 0.240157 0.201374
vt 0.237888 0.186837
vt 0.258930 0.193013
vt 0.017884 0.575200
vt 0.023350 0.574991
vt 0.015348 0.580417
vt 0.020815 0.589277
vt 0.030228 0.570669
vt 0.047509 0.587685
vt 0.039720 0.575368
vt 0.650825 0.448328
vt 0.654837 0.437248
vt 0.832666 0.492895
vt 0.842538 0.492268
vt 0.845346 0.503001
vt 0.840114 0.485538
vt 0.644044 0.459002
vt 0.846939 0.514230
vt 0.838006 0.511367
vt 0.216857 0.420610
vt 0.213882 0.397351
vt 0.234929 0.212774
vt 0.209711 0.201123
vt 0.870528 0.556414
vt 0.863983 0.568381
vt 0.813056 0.657365
vt 0.819510 0.663758
vt 0.830728 0.649264
vt 0.840559 0.701179
vt 0.852021 0.696242
vt 0.853922 0.701970
vt 0.865515 0.691718
vt 0.861488 0.685575
vt 0.871734 0.691144
vt 0.657778 0.248939
vt 0.627755 0.531202
vt 0.618927 0.528977
vt 0.629135 0.525600
vt 0.626761 0.541093
vt 0.609556 0.539333
vt 0.594902 0.536454
vt 0.602814 0.542318
vt 0.583115 0.530327
vt 0.271159 0.626071
vt 0.280615 0.613292
vt 0.276628 0.625770
vt 0.868169 0.130068
vt 0.846774 0.136136
vt 0.855398 0.123374
vt 0.353893 0.499590
vt 0.675043 0.687760
vt 0.662558 0.680469
vt 0.665069 0.684760
vt 0.645857 0.683526
vt 0.663006 0.696705
vt 0.673500 0.696360
vt 0.583895 0.502961
vt 0.576388 0.517626
vt 0.571394 0.516181
vt 0.575423 0.494103
vt 0.564695 0.498680
vt 0.223768 0.725975
vt 0.220580 0.716974
vt 0.860336 0.144980
vt 0.857573 0.155300
vt 0.848178 0.158266
vt 0.082164 0.616572
vt 0.068277 0.626680
vt 0.074778 0.636053
vt 0.637475 0.142697
vt 0.312930 0.358986
vt 0.335171 0.344846
vt 0.327044 0.340492
vt 0.300500 0.363163
vt 0.308198 0.355012
vt 0.306075 0.347099
vt 0.311060 0.337816
vt 0.299664 0.344155
vt 0.298174 0.334175
vt 0.337869 0.335729
vt 0.326632 0.330742
vt 0.306404 0.328179
vt 0.830696 0.576091
vt 0.837256 0.556825
vt 0.831925 0.554459
vt 0.839668 0.579694
vt 0.849444 0.565112
vt 0.856275 0.729366
vt 0.849431 0.747145
vt 0.861777 0.741333
vt 0.853836 0.375077
vt 0.845229 0.388232
vt 0.832401 0.381015
vt 0.830628 0.393580
vt 0.862901 0.377048
vt 0.860487 0.391267
vt 0.831223 0.407857
vt 0.853645 0.400043
vt 0.667032 0.147607
vt 0.860505 0.163246
vt 0.863739 0.156126
vt 0.865504 0.171414
vt 0.880354 0.157154
vt 0.872870 0.173912
vt 0.885615 0.168630
vt 0.873016 0.181296
vt 0.856588 0.189380
vt 0.876813 0.182909
vt 0.865080 0.195880
vt 0.055595 0.622088
vt 0.074306 0.647691
vt 0.792509 0.355520
vt 0.787784 0.363606
vt 0.779974 0.366373
vt 0.809485 0.357286
vt 0.796642 0.374128
vt 0.775668 0.377048
vt 0.785298 0.383412
vt 0.152998 0.941824
vt 0.146068 0.955464
vt 0.147128 0.935189
vt 0.165006 0.941130
vt 0.168985 0.963088
vt 0.135556 0.947465
vt 0.773888 0.544593
vt 0.768538 0.562755
vt 0.760469 0.572141
vt 0.215858 0.647109
vt 0.187837 0.642135
vt 0.683361 0.172231
vt 0.696317 0.172593
vt 0.699456 0.185501
vt 0.711983 0.174162
vt 0.721891 0.185848
vt 0.692819 0.190763
vt 0.080274 0.578335
vt 0.088976 0.588371
vt 0.079857 0.596545
vt 0.092736 0.571528
vt 0.111798 0.600889
vt 0.698590 0.235791
vt 0.696526 0.228274
vt 0.333823 0.440318
vt 0.327138 0.446860
vt 0.320504 0.457387
vt 0.321607 0.443949
vt 0.310773 0.448347
vt 0.314833 0.442637
vt 0.215509 0.621082
vt 0.214328 0.629980
vt 0.226559 0.633966
vt 0.221739 0.639053
vt 0.242082 0.632226
vt 0.853919 0.237954
vt 0.859839 0.249233
vt 0.840210 0.255612
vt 0.854555 0.256678
vt 0.837182 0.264235
vt 0.845133 0.266832
vt 0.871450 0.259683
vt 0.090448 0.474928
vt 0.079366 0.486551
vt 0.079004 0.502875
vt 0.091920 0.497742
vt 0.272048 0.580452
vt 0.281604 0.594627
vt 0.436377 0.334775
vt 0.211597 0.710193
vt 0.211280 0.704825
vt 0.638151 0.519991
vt 0.643544 0.511069
vt 0.643448 0.527027
vt 0.652927 0.534985
vt 0.636060 0.535826
vt 0.843443 0.333785
vt 0.830167 0.345884
vt 0.836286 0.332878
vt 0.860608 0.341372
vt 0.825779 0.362421
vt 0.822827 0.351889
vt 0.858596 0.356180
vt 0.848222 0.364619
vt 0.115215 0.647149
vt 0.123927 0.678722
vt 0.123829 0.656580
vt 0.134280 0.684832
vt 0.140419 0.662476
vt 0.136545 0.648183
vt 0.719668 0.109423
vt 0.700367 0.119517
vt 0.709177 0.098937
vt 0.697800 0.104984
vt 0.738417 0.097255
vt 0.102823 0.409070
vt 0.126639 0.413795
vt 0.875539 0.350997
vt 0.871343 0.379776
vt 0.824678 0.695125
vt 0.833440 0.697842
vt 0.840911 0.689656
vt 0.853144 0.682595
vt 0.846884 0.685104
vt 0.062790 0.493136
vt 0.039321 0.500283
vt 0.069663 0.503923
vt 0.072315 0.472460
vt 0.073665 0.520444
vt 0.868992 0.390835
vt 0.873368 0.398845
vt 0.867272 0.412674
vt 0.709794 0.017064
vt 0.751285 0.924252
vt 0.756325 0.916360
vt 0.761840 0.921870
vt 0.567364 0.813156
vt 0.557655 0.809036
vt 0.114608 0.614700
vt 0.598303 0.845084
vt 0.584743 0.856902
vt 0.877483 0.338774
vt 0.888091 0.338421
vt 0.718601 0.009647
vt 0.827226 0.376815
vt 0.819699 0.370491
vt 0.755578 0.701783
vt 0.762726 0.692368
vt 0.770292 0.703488
vt 0.750564 0.708621
vt 0.762584 0.717787
vt 0.779322 0.709672
vt 0.487273 0.867638
vt 0.477887 0.877789
vt 0.465064 0.892144
vt 0.477612 0.896883
vt 0.062034 0.599832
vt 0.066131 0.616031
vt 0.053007 0.602000
vt 0.075316 0.600848
vt 0.068850 0.584727
vt 0.903212 0.376262
vt 0.186402 0.723610
vt 0.755453 0.003633
vt 0.753774 0.019905
vt 0.190667 0.718895
vt 0.762109 0.026971
vt 0.744860 0.026282
vt 0.179877 0.200954
vt 0.763352 0.329209
vt 0.747866 0.335498
vt 0.760620 0.345191
vt 0.760609 0.335552
vt 0.751619 0.342801
vt 0.736884 0.347322
vt 0.776248 0.619906
vt 0.352387 0.696275
vt 0.364253 0.722334
vt 0.349574 0.723330
vt 0.063924 0.563826
vt 0.082907 0.555686
vt 0.090909 0.542814
vt 0.353881 0.422715
vt 0.373918 0.424889
vt 0.338618 0.426244
vt 0.322238 0.434303
vt 0.327963 0.424034
vt 0.321225 0.424305
vt 0.114602 0.632699
vt 0.204512 0.025871
vt 0.615213 0.155917
vt 0.810450 0.262258
vt 0.807657 0.275045
vt 0.791067 0.270667
vt 0.791289 0.287012
vt 0.140936 0.169314
vt 0.783831 0.285117
vt 0.817873 0.277316
vt 0.779071 0.293521
vt 0.811223 0.391363
vt 0.802680 0.378334
vt 0.797875 0.390053
vt 0.803950 0.399844
vt 0.822503 0.406809
vt 0.797323 0.412468
vt 0.128347 0.809489
vt 0.121765 0.793118
vt 0.135150 0.801461
vt 0.121222 0.809352
vt 0.114644 0.801034
vt 0.742575 0.749019
vt 0.732738 0.754538
vt 0.024250 0.538242
vt 0.031832 0.541278
vt 0.030621 0.566144
vt 0.038357 0.536116
vt 0.037292 0.555540
vt 0.028090 0.523889
vt 0.738041 0.032113
vt 0.717583 0.040866
vt 0.726817 0.042100
vt 0.037741 0.621162
vt 0.035423 0.614005
vt 0.672126 0.176200
vt 0.765346 0.378849
vt 0.774518 0.387355
vt 0.752587 0.394474
vt 0.787710 0.389892
vt 0.778114 0.402517
vt 0.673804 0.550836
vt 0.664630 0.538425
vt 0.655780 0.522112
vt 0.858556 0.326462
vt 0.855311 0.323981
vt 0.879148 0.318723
vt 0.197070 0.712923
vt 0.767245 0.035364
vt 0.756891 0.046015
vt 0.454393 0.889392
vt 0.451687 0.905065
vt 0.468633 0.901921
vt 0.145787 0.480705
vt 0.929645 0.210275
vt 0.929963 0.228362
vt 0.913059 0.217232
vt 0.900615 0.231016
vt 0.902395 0.221474
vt 0.918490 0.231775
vt 0.935573 0.208463
vt 0.927211 0.245087
vt 0.120154 0.595852
vt 0.135525 0.611036
vt 0.777676 0.923836
vt 0.757967 0.933560
vt 0.775724 0.933890
vt 0.752917 0.942908
vt 0.774311 0.941696
vt 0.764924 0.952010
vt 0.753929 0.959100
vt 0.741840 0.951330
vt 0.752892 0.966241
vt 0.740301 0.964619
vt 0.327013 0.942133
vt 0.344053 0.952436
vt 0.339517 0.956040
vt 0.358266 0.956810
vt 0.373339 0.944466
vt 0.322489 0.944516
vt 0.831770 0.413196
vt 0.814889 0.418389
vt 0.821569 0.427225
vt 0.807097 0.723930
vt 0.794170 0.745227
vt 0.803991 0.730966
vt 0.817084 0.740575
vt 0.650214 0.657826
vt 0.889398 0.158246
vt 0.643602 0.675797
vt 0.899871 0.166525
vt 0.902607 0.158668
vt 0.890648 0.180276
vt 0.760217 0.743078
vt 0.771466 0.736979
vt 0.766459 0.753646
vt 0.020713 0.523750
vt 0.776747 0.745381
vt 0.779275 0.753857
vt 0.760396 0.759334
vt 0.751804 0.756822
vt 0.025719 0.512255
vt 0.641120 0.043865
vt 0.656125 0.047447
vt 0.651090 0.051645
vt 0.148199 0.668831
vt 0.151664 0.680435
vt 0.291643 0.893268
vt 0.281363 0.898091
vt 0.285652 0.890792
vt 0.277722 0.887387
vt 0.267839 0.903512
vt 0.281064 0.912108
vt 0.271657 0.924612
vt 0.094340 0.415576
vt 0.101299 0.421533
vt 0.627784 0.348599
vt 0.630438 0.321855
vt 0.642576 0.300548
vt 0.088952 0.648167
vt 0.077717 0.656032
vt 0.095848 0.649169
vt 0.095625 0.655383
vt 0.104210 0.649273
vt 0.098567 0.668486
vt 0.905227 0.298468
vt 0.912717 0.307277
vt 0.901731 0.307812
vt 0.891717 0.319880
vt 0.897666 0.327264
vt 0.706549 0.729935
vt 0.707578 0.745233
vt 0.696133 0.735312
vt 0.709075 0.756029
vt 0.091680 0.660618
vt 0.083531 0.664815
vt 0.089690 0.663773
vt 0.921905 0.276301
vt 0.925911 0.281080
vt 0.916159 0.279780
vt 0.921372 0.287491
vt 0.910607 0.283805
vt 0.915113 0.289216
vt 0.121497 0.641851
vt 0.133995 0.631052
vt 0.051523 0.575401
vt 0.639356 0.056424
vt 0.606839 0.053009
vt 0.767438 0.309504
vt 0.781303 0.305908
vt 0.788631 0.317998
vt 0.133687 0.588459
vt 0.145822 0.604703
vt 0.382741 0.066609
vt 0.377327 0.080652
vt 0.364173 0.069150
vt 0.376220 0.061673
vt 0.367671 0.078763
vt 0.912604 0.251391
vt 0.914780 0.261689
vt 0.902155 0.247432
vt 0.905565 0.266323
vt 0.073783 0.666480
vt 0.917174 0.268185
vt 0.911149 0.273735
vt 0.080801 0.663748
vt 0.109008 0.557538
vt 0.116525 0.584059
vt 0.099713 0.545968
vt 0.115458 0.571399
vt 0.119279 0.556701
vt 0.123770 0.563886
vt 0.629332 0.058130
vt 0.612216 0.066530
vt 0.626248 0.065981
vt 0.590041 0.058565
vt 0.591731 0.075152
vt 0.878494 0.254844
vt 0.885173 0.265472
vt 0.883435 0.244640
vt 0.897010 0.257588
vt 0.897243 0.276645
vt 0.887124 0.272647
vt 0.240959 0.098151
vt 0.250629 0.093922
vt 0.260081 0.081349
vt 0.147442 0.645653
vt 0.155599 0.652868
vt 0.159158 0.666842
vt 0.155848 0.633490
vt 0.163433 0.640166
vt 0.877566 0.242450
vt 0.889667 0.231941
vt 0.776453 0.086000
vt 0.761889 0.058737
vt 0.765329 0.095212
vt 0.753653 0.090499
vt 0.872882 0.222781
vt 0.859089 0.220552
vt 0.873706 0.237858
vt 0.864236 0.240788
vt 0.799448 0.125638
vt 0.811455 0.111075
vt 0.810722 0.148231
vt 0.163171 0.684711
vt 0.122913 0.231364
vt 0.143704 0.230454
vt 0.170658 0.246425
vt 0.871652 0.300118
vt 0.882481 0.307706
vt 0.857986 0.306786
vt 0.889833 0.309354
vt 0.810960 0.085863
vt 0.801488 0.106285
vt 0.794668 0.093467
vt 0.786881 0.108700
vt 0.823720 0.090192
vt 0.793228 0.116550
vt 0.148213 0.622423
vt 0.899048 0.189607
vt 0.896833 0.205268
vt 0.883869 0.203268
vt 0.910960 0.197954
vt 0.920936 0.205544
vt 0.272594 0.506968
vt 0.264642 0.520701
vt 0.255823 0.504112
vt 0.276891 0.498612
vt 0.250598 0.512191
vt 0.265937 0.485271
vt 0.257576 0.488958
vt 0.250167 0.502542
vt 0.248975 0.484138
vt 0.241550 0.477701
vt 0.533223 0.042297
vt 0.066037 0.416659
vt 0.123275 0.578382
vt 0.855072 0.209290
vt 0.038064 0.593938
vt 0.021929 0.605346
vt 0.704203 0.070508
vt 0.694154 0.067894
vt 0.702944 0.062409
vt 0.691480 0.076289
vt 0.701152 0.050804
vt 0.709423 0.050488
vt 0.695513 0.080188
vt 0.707575 0.077404
vt 0.714795 0.069204
vt 0.683901 0.073159
vt 0.704770 0.089747
vt 0.698765 0.086585
vt 0.685405 0.065672
vt 0.685865 0.091580
vt 0.848909 0.588492
vt 0.854302 0.570739
vt 0.858451 0.577679
vt 0.860998 0.591271
vt 0.867532 0.585894
vt 0.860617 0.560480
vt 0.841497 0.606227
vt 0.248932 0.654815
vt 0.835591 0.088697
vt 0.821650 0.254485
vt 0.794351 0.259433
vt 0.829394 0.254859
vt 0.825921 0.264442
vt 0.148340 0.173514
vt 0.797930 0.306859
vt 0.370299 0.097972
vt 0.354037 0.096208
vt 0.361567 0.084508
vt 0.360609 0.100560
vt 0.364308 0.108324
vt 0.348870 0.107077
vt 0.752624 0.361810
vt 0.744799 0.358425
vt 0.767172 0.354833
vt 0.759924 0.370250
vt 0.746263 0.378500
vt 0.738306 0.374761
vt 0.756931 0.382760
vt 0.542510 0.808335
vt 0.544691 0.816956
vt 0.549210 0.796247
vt 0.328648 0.536465
vt 0.326602 0.512358
vt 0.327115 0.526602
vt 0.316174 0.520062
vt 0.887287 0.281478
vt 0.884943 0.293270
vt 0.880551 0.287681
vt 0.894832 0.295849
vt 0.847061 0.222993
vt 0.840393 0.237417
vt 0.842783 0.244977
vt 0.335002 0.119597
vt 0.328127 0.128708
vt 0.324033 0.121532
vt 0.314965 0.125481
vt 0.877394 0.197578
vt 0.870315 0.213618
vt 0.878003 0.230190
vt 0.782051 0.407183
vt 0.781612 0.417311
vt 0.767662 0.427105
vt 0.791349 0.416101
vt 0.781501 0.428479
vt 0.792037 0.430913
vt 0.780488 0.439597
vt 0.783735 0.441445
vt 0.867938 0.275078
vt 0.870778 0.282921
vt 0.869278 0.289125
vt 0.768440 0.635723
vt 0.760059 0.625621
vt 0.285565 0.419319
vt 0.299184 0.412723
vt 0.294606 0.430202
vt 0.294719 0.405860
vt 0.275932 0.418105
vt 0.268488 0.419556
vt 0.272867 0.406101
vt 0.046667 0.539188
vt 0.055402 0.542173
vt 0.062053 0.524482
vt 0.066073 0.523931
vt 0.059757 0.551362
vt 0.069060 0.542926
vt 0.073386 0.533839
vt 0.523106 0.530321
vt 0.517234 0.523968
vt 0.526276 0.517897
vt 0.517263 0.507538
vt 0.420912 0.604310
vt 0.427908 0.611104
vt 0.409001 0.605523
vt 0.415862 0.623868
vt 0.434128 0.619338
vt 0.438075 0.623659
vt 0.431546 0.637561
vt 0.581717 0.063363
vt 0.580348 0.071688
vt 0.830691 0.244798
vt 0.699812 0.721956
vt 0.697073 0.707204
vt 0.715256 0.714125
vt 0.693351 0.713049
vt 0.679218 0.715075
vt 0.686577 0.729021
vt 0.667778 0.723137
vt 0.125082 0.513591
vt 0.124346 0.498807
vt 0.131026 0.520378
vt 0.139317 0.505852
vt 0.138932 0.517425
vt 0.151937 0.510442
vt 0.153493 0.488951
vt 0.774574 0.334071
vt 0.783230 0.331050
vt 0.788110 0.343930
vt 0.768438 0.345167
vt 0.776374 0.344014
vt 0.808471 0.342018
vt 0.800539 0.341972
vt 0.085130 0.528217
vt 0.089647 0.512126
vt 0.094368 0.525105
vt 0.093604 0.532324
vt 0.723367 0.287750
vt 0.717623 0.272915
vt 0.728069 0.284243
vt 0.720518 0.292116
vt 0.704412 0.309165
vt 0.700617 0.291465
vt 0.708835 0.287691
vt 0.747384 0.101778
vt 0.746656 0.112666
vt 0.733673 0.114740
vt 0.749498 0.039954
vt 0.737314 0.044805
vt 0.742110 0.055095
vt 0.728579 0.055063
vt 0.377697 0.547299
vt 0.728884 0.376424
vt 0.730385 0.388269
vt 0.740943 0.395885
vt 0.734341 0.394667
vt 0.360333 0.539492
vt 0.103441 0.512403
vt 0.103713 0.526541
vt 0.112324 0.525719
vt 0.118306 0.525782
vt 0.120470 0.508207
vt 0.329490 0.498973
vt 0.314420 0.500196
vt 0.313431 0.482689
vt 0.309583 0.511143
vt 0.077617 0.550601
vt 0.614067 0.075584
vt 0.625434 0.073499
vt 0.607424 0.087296
vt 0.596526 0.080909
vt 0.615876 0.080549
vt 0.632773 0.081164
vt 0.717820 0.159375
vt 0.732119 0.184368
vt 0.725130 0.164802
vt 0.720148 0.168433
vt 0.226172 0.732984
vt 0.240371 0.737087
vt 0.225618 0.739412
vt 0.286443 0.528648
vt 0.274993 0.524441
vt 0.276087 0.515092
vt 0.268656 0.531750
vt 0.259385 0.523491
vt 0.263705 0.538234
vt 0.716573 0.031050
vt 0.718450 0.050719
vt 0.693134 0.048997
vt 0.789969 0.399882
vt 0.788841 0.395288
vt 0.793721 0.403243
vt 0.805989 0.418549
vt 0.831348 0.318121
vt 0.838842 0.324835
vt 0.826718 0.335925
vt 0.817784 0.336954
vt 0.818411 0.347180
vt 0.851428 0.301667
vt 0.865015 0.300278
vt 0.848151 0.311688
vt 0.744902 0.177017
vt 0.754002 0.145873
vt 0.760041 0.159861
vt 0.754737 0.168129
vt 0.759857 0.180559
vt 0.762993 0.435626
vt 0.312711 0.545338
vt 0.302372 0.543163
vt 0.316139 0.535253
vt 0.299077 0.526973
vt 0.301664 0.552574
vt 0.296971 0.543168
vt 0.293907 0.549266
vt 0.281737 0.544159
vt 0.013338 0.619454
vt 0.025435 0.621970
vt 0.018749 0.624567
vt 0.931683 0.187783
vt 0.925339 0.198611
vt 0.940727 0.201969
vt 0.038748 0.629829
vt 0.838849 0.309926
vt 0.109034 0.539651
vt 0.119994 0.542374
vt 0.576798 0.077927
vt 0.595243 0.089446
vt 0.575933 0.085227
vt 0.586215 0.091199
vt 0.640751 0.065565
vt 0.661464 0.058302
vt 0.656253 0.069583
vt 0.801158 0.438162
vt 0.791442 0.447631
vt 0.786201 0.447407
vt 0.792253 0.453086
vt 0.810173 0.439967
vt 0.803489 0.450554
vt 0.813587 0.448696
vt 0.804568 0.458833
vt 0.245160 0.853766
vt 0.239330 0.861528
vt 0.235449 0.847023
vt 0.675186 0.640585
vt 0.671423 0.646833
vt 0.685713 0.631594
vt 0.697862 0.626314
vt 0.697057 0.634320
vt 0.699572 0.645246
vt 0.707342 0.638790
vt 0.697207 0.617660
vt 0.684101 0.648688
vt 0.698236 0.654073
vt 0.908494 0.162175
vt 0.907095 0.169767
vt 0.918860 0.165454
vt 0.915402 0.179710
vt 0.930938 0.176216
vt 0.926309 0.185727
vt 0.931773 0.181612
vt 0.109157 0.791374
vt 0.124512 0.788172
vt 0.106767 0.803175
vt 0.113061 0.812692
vt 0.091828 0.797794
vt 0.099647 0.787074
vt 0.098392 0.798381
vt 0.086199 0.790010
vt 0.093869 0.780477
vt 0.060275 0.471047
vt 0.685256 0.055267
vt 0.669117 0.050311
vt 0.919737 0.271847
vt 0.322177 0.323502
vt 0.323180 0.314998
vt 0.337387 0.314570
vt 0.344329 0.316469
vt 0.335562 0.308387
vt 0.342159 0.295980
vt 0.349470 0.306734
vt 0.327294 0.301066
vt 0.319722 0.305689
vt 0.328702 0.296156
vt 0.311732 0.301433
vt 0.356861 0.310570
vt 0.347013 0.293798
vt 0.347702 0.288357
vt 0.352951 0.286282
vt 0.333765 0.287834
vt 0.318360 0.290633
vt 0.795777 0.076997
vt 0.817987 0.071921
vt 0.826879 0.439913
vt 0.663530 0.192749
vt 0.681942 0.194806
vt 0.664505 0.198018
vt 0.312630 0.941175
vt 0.201179 0.088227
vt 0.209940 0.079640
vt 0.216602 0.075604
vt 0.209158 0.071239
vt 0.662408 0.830267
vt 0.682086 0.810576
vt 0.674643 0.827422
vt 0.683933 0.815800
vt 0.685426 0.831234
vt 0.654990 0.808691
vt 0.665909 0.809218
vt 0.689642 0.819638
vt 0.700321 0.835363
vt 0.180463 0.136800
vt 0.182420 0.119271
vt 0.195350 0.123184
vt 0.193420 0.112037
vt 0.585986 0.415448
vt 0.571037 0.422116
vt 0.575726 0.408283
vt 0.882475 0.139014
vt 0.869455 0.145258
vt 0.453534 0.631634
vt 0.464103 0.643452
vt 0.455839 0.646993
vt 0.448682 0.645456
vt 0.471430 0.652508
vt 0.467313 0.664023
vt 0.441959 0.663353
vt 0.553608 0.485259
vt 0.541977 0.493061
vt 0.549478 0.517274
vt 0.535666 0.502145
vt 0.543282 0.526359
vt 0.751966 0.138318
vt 0.789073 0.138793
vt 0.690283 0.694166
vt 0.660468 0.703288
vt 0.675151 0.703793
vt 0.662958 0.708230
vt 0.126924 0.538118
vt 0.129582 0.547528
vt 0.133615 0.562687
vt 0.492305 0.829613
vt 0.498571 0.818635
vt 0.508219 0.835399
vt 0.499599 0.843176
vt 0.247979 0.622661
vt 0.249949 0.635751
vt 0.257592 0.629275
vt 0.292799 0.353232
vt 0.289084 0.348535
vt 0.286954 0.337232
vt 0.297500 0.369088
vt 0.290775 0.368686
vt 0.285137 0.353886
vt 0.283703 0.366666
vt 0.278146 0.368540
vt 0.278854 0.352260
vt 0.259599 0.477526
vt 0.253755 0.479920
vt 0.253862 0.470901
vt 0.254383 0.460533
vt 0.261282 0.459024
vt 0.247767 0.454963
vt 0.243127 0.462632
vt 0.524542 0.051089
vt 0.293622 0.503306
vt 0.302538 0.499933
vt 0.290761 0.509837
vt 0.300690 0.473701
vt 0.291999 0.473834
vt 0.372212 0.844148
vt 0.356701 0.865224
vt 0.359227 0.847188
vt 0.370157 0.860038
vt 0.375823 0.852135
vt 0.379379 0.850741
vt 0.382106 0.855757
vt 0.388949 0.872140
vt 0.372904 0.872197
vt 0.393986 0.868165
vt 0.384940 0.885259
vt 0.303158 0.429507
vt 0.301494 0.458393
vt 0.284014 0.438222
vt 0.282526 0.462006
vt 0.288734 0.553184
vt 0.278938 0.555201
vt 0.271395 0.543350
vt 0.267107 0.549206
vt 0.793277 0.464970
vt 0.600761 0.026311
vt 0.593197 0.027448
vt 0.589013 0.028988
vt 0.838091 0.145122
vt 0.237182 0.433522
vt 0.245228 0.412334
vt 0.252192 0.425130
vt 0.232535 0.425201
vt 0.233613 0.438320
vt 0.246397 0.406484
vt 0.229029 0.419698
vt 0.223972 0.416429
vt 0.224982 0.429967
vt 0.197245 0.201511
vt 0.203779 0.188652
vt 0.195027 0.187570
vt 0.561600 0.064875
vt 0.545436 0.063145
vt 0.557839 0.069258
vt 0.549215 0.071455
vt 0.565182 0.071236
vt 0.564421 0.076209
vt 0.221954 0.873180
vt 0.231622 0.886768
vt 0.211470 0.882708
vt 0.223935 0.897950
vt 0.204983 0.890360
vt 0.210920 0.908680
vt 0.233164 0.908082
vt 0.244490 0.894956
vt 0.252663 0.907973
vt 0.459924 0.439525
vt 0.461997 0.460604
vt 0.446603 0.448965
vt 0.323397 0.696251
vt 0.317669 0.676794
vt 0.334860 0.678984
vt 0.721031 0.063507
vt 0.405858 0.212400
vt 0.393830 0.223958
vt 0.380028 0.212224
vt 0.410231 0.223805
vt 0.406139 0.231468
vt 0.414961 0.199769
vt 0.395509 0.204177
vt 0.373451 0.198882
vt 0.388653 0.198308
vt 0.365943 0.231905
vt 0.382448 0.241953
vt 0.359963 0.223299
vt 0.368825 0.210693
vt 0.360628 0.215239
vt 0.457526 0.125172
vt 0.456864 0.137247
vt 0.450102 0.130261
vt 0.450416 0.146149
vt 0.358314 0.208239
vt 0.345093 0.216292
vt 0.456687 0.140203
vt 0.435042 0.151103
vt 0.438256 0.141954
vt 0.650237 0.919382
vt 0.657072 0.903815
vt 0.630258 0.929888
vt 0.640508 0.929772
vt 0.628901 0.938736
vt 0.650460 0.935682
vt 0.640143 0.942909
vt 0.496989 0.517945
vt 0.306315 0.461334
vt 0.328559 0.409122
vt 0.320848 0.411172
vt 0.312741 0.423700
vt 0.310106 0.434198
vt 0.307765 0.409821
vt 0.676683 0.190090
vt 0.185630 0.991388
vt 0.178444 0.996142
vt 0.428189 0.340929
vt 0.417591 0.338476
vt 0.420048 0.323991
vt 0.392738 0.342342
vt 0.410541 0.350611
vt 0.395910 0.351096
vt 0.424480 0.346610
vt 0.406738 0.337709
vt 0.408106 0.320837
vt 0.397666 0.328403
vt 0.628584 0.384532
vt 0.623947 0.370131
vt 0.639182 0.375021
vt 0.172812 0.126613
vt 0.177364 0.105656
vt 0.184087 0.094428
vt 0.285044 0.479660
vt 0.276284 0.482042
vt 0.281511 0.490233
vt 0.555566 0.732847
vt 0.549124 0.751240
vt 0.541392 0.733405
vt 0.539189 0.744525
vt 0.560232 0.753361
vt 0.561046 0.762900
vt 0.541479 0.753709
vt 0.546019 0.759912
vt 0.553265 0.770174
vt 0.500519 0.800800
vt 0.502499 0.805721
vt 0.496753 0.809918
vt 0.507427 0.811020
vt 0.514967 0.824711
vt 0.521694 0.823214
vt 0.258945 0.406421
vt 0.254914 0.404821
vt 0.265571 0.385350
vt 0.252773 0.384475
vt 0.247114 0.393877
vt 0.254985 0.371027
vt 0.271492 0.463868
vt 0.275354 0.449655
vt 0.264939 0.466932
vt 0.266859 0.450055
vt 0.592706 0.122609
vt 0.585165 0.119665
vt 0.590740 0.129399
vt 0.201134 0.073681
vt 0.193162 0.081385
vt 0.592582 0.133291
vt 0.678303 0.882221
vt 0.703339 0.888827
vt 0.691276 0.892505
vt 0.697089 0.898753
vt 0.676335 0.891434
vt 0.714087 0.891834
vt 0.676440 0.908522
vt 0.670294 0.899317
vt 0.681555 0.902010
vt 0.666156 0.917636
vt 0.677318 0.917768
vt 0.698865 0.907064
vt 0.708603 0.909626
vt 0.698713 0.915583
vt 0.688097 0.919388
vt 0.706933 0.918347
vt 0.702102 0.925593
vt 0.199433 0.138796
vt 0.226155 0.143186
vt 0.483526 0.650851
vt 0.486035 0.670864
vt 0.498665 0.687803
vt 0.476890 0.681865
vt 0.462216 0.672623
vt 0.469749 0.700080
vt 0.509897 0.690570
vt 0.504109 0.699678
vt 0.768898 0.235741
vt 0.774898 0.216768
vt 0.797112 0.218525
vt 0.764353 0.212750
vt 0.778916 0.199379
vt 0.776273 0.191157
vt 0.787488 0.203748
vt 0.776845 0.178065
vt 0.604090 0.278683
vt 0.621253 0.241090
vt 0.378982 0.170740
vt 0.401498 0.153040
vt 0.398770 0.171333
vt 0.386161 0.179514
vt 0.389224 0.183071
vt 0.370500 0.193289
vt 0.377122 0.145953
vt 0.363323 0.156728
vt 0.365454 0.171773
vt 0.361749 0.185367
vt 0.235749 0.164240
vt 0.078119 0.239900
vt 0.088396 0.231504
vt 0.103376 0.230229
vt 0.100971 0.240426
vt 0.102446 0.249541
vt 0.113767 0.241505
vt 0.104433 0.253558
vt 0.132535 0.241976
vt 0.124646 0.255257
vt 0.091291 0.252499
vt 0.104850 0.261447
vt 0.119238 0.267577
vt 0.110513 0.270932
vt 0.543831 0.375366
vt 0.516253 0.395424
vt 0.519919 0.372990
vt 0.495434 0.371563
vt 0.515356 0.356861
vt 0.505532 0.398113
vt 0.312428 0.402121
vt 0.306338 0.394823
vt 0.318812 0.394941
vt 0.300148 0.393490
vt 0.295148 0.388488
vt 0.553947 0.342101
vt 0.560630 0.334512
vt 0.568395 0.349613
vt 0.565053 0.358911
vt 0.552910 0.355028
vt 0.531843 0.350130
vt 0.537422 0.064263
vt 0.529899 0.062150
vt 0.520313 0.052435
vt 0.174162 0.168065
vt 0.176819 0.155821
vt 0.189760 0.174762
vt 0.174191 0.138812
vt 0.170694 0.157376
vt 0.189191 0.160846
vt 0.199072 0.171585
vt 0.640460 0.473533
vt 0.725275 0.897080
vt 0.727272 0.907952
vt 0.724088 0.914932
vt 0.714113 0.924875
vt 0.740305 0.917130
vt 0.732449 0.928928
vt 0.742644 0.926059
vt 0.315156 0.379257
vt 0.651740 0.248962
vt 0.530913 0.701247
vt 0.510877 0.714662
vt 0.536331 0.712764
vt 0.500377 0.717015
vt 0.525730 0.739866
vt 0.521484 0.720381
vt 0.510984 0.741754
vt 0.535485 0.741720
vt 0.255369 0.451849
vt 0.247086 0.444427
vt 0.239808 0.447604
vt 0.243485 0.439222
vt 0.245734 0.433285
vt 0.170417 0.198024
vt 0.177657 0.199188
vt 0.170075 0.195149
vt 0.185203 0.197384
vt 0.224798 0.441055
vt 0.269133 0.436403
vt 0.261358 0.445304
vt 0.262998 0.438341
vt 0.263483 0.428742
vt 0.256261 0.434034
vt 0.263876 0.415369
vt 0.641837 0.812568
vt 0.655403 0.787259
vt 0.664855 0.796729
vt 0.637087 0.793626
vt 0.205331 0.170320
vt 0.572234 0.467218
vt 0.589830 0.452252
vt 0.586316 0.458566
vt 0.582959 0.445964
vt 0.556003 0.464320
vt 0.336865 0.393566
vt 0.329927 0.378917
vt 0.321911 0.373988
vt 0.328267 0.396420
vt 0.703069 0.597539
vt 0.692095 0.599889
vt 0.686395 0.585444
vt 0.701424 0.585652
vt 0.690090 0.615460
vt 0.690386 0.606402
vt 0.707700 0.605829
vt 0.682094 0.603631
vt 0.715877 0.584582
vt 0.678056 0.571271
vt 0.702424 0.567980
vt 0.673911 0.557048
vt 0.686285 0.552800
vt 0.674427 0.589545
vt 0.686075 0.612930
vt 0.676311 0.614795
vt 0.600281 0.875336
vt 0.610839 0.882014
vt 0.610781 0.859116
vt 0.598661 0.862580
vt 0.591742 0.872999
vt 0.591478 0.863933
vt 0.610350 0.871145
vt 0.789569 0.507315
vt 0.773306 0.520184
vt 0.786530 0.535083
vt 0.779293 0.531436
vt 0.794354 0.526042
vt 0.800776 0.533975
vt 0.408890 0.029251
vt 0.418031 0.043913
vt 0.403221 0.035649
vt 0.398730 0.041336
vt 0.412417 0.050432
vt 0.385083 0.055078
vt 0.384210 0.044237
vt 0.392791 0.062447
vt 0.366336 0.055513
vt 0.375373 0.050348
vt 0.310458 0.950282
vt 0.304866 0.939263
vt 0.320047 0.955936
vt 0.327928 0.953794
vt 0.335768 0.966021
vt 0.346575 0.969209
vt 0.698199 0.749099
vt 0.846359 0.668210
vt 0.854112 0.665930
vt 0.867689 0.670642
vt 0.866747 0.681870
vt 0.661660 0.260557
vt 0.662312 0.251287
vt 0.652426 0.267183
vt 0.499671 0.877010
vt 0.489038 0.886306
vt 0.503601 0.862747
vt 0.508647 0.887393
vt 0.487299 0.893691
vt 0.500812 0.899902
vt 0.497544 0.910307
vt 0.484768 0.908016
vt 0.344825 0.233390
vt 0.350947 0.249803
vt 0.329846 0.257949
vt 0.305558 0.256938
vt 0.315263 0.249012
vt 0.340739 0.229422
vt 0.332086 0.235620
vt 0.440479 0.155659
vt 0.326653 0.226610
vt 0.318137 0.220175
vt 0.421690 0.163815
vt 0.422253 0.153527
vt 0.309361 0.237939
vt 0.307413 0.228021
vt 0.294170 0.245307
vt 0.290439 0.235365
vt 0.294834 0.223287
vt 0.275612 0.715053
vt 0.271592 0.728300
vt 0.253277 0.735244
vt 0.798583 0.233940
vt 0.785935 0.237761
vt 0.385396 0.897882
vt 0.375783 0.886569
vt 0.395425 0.906391
vt 0.382075 0.908235
vt 0.372301 0.905152
vt 0.403767 0.912476
vt 0.394531 0.917171
vt 0.378106 0.922330
vt 0.363672 0.905214
vt 0.388940 0.922252
vt 0.390773 0.938468
vt 0.372330 0.931770
vt 0.406646 0.925355
vt 0.838595 0.166451
vt 0.827817 0.156159
vt 0.825009 0.166583
vt 0.605753 0.779920
vt 0.770687 0.450406
vt 0.748068 0.453486
vt 0.764455 0.442797
vt 0.768871 0.472199
vt 0.745536 0.438773
vt 0.758124 0.437378
vt 0.764107 0.491164
vt 0.757547 0.481152
vt 0.732460 0.460219
vt 0.744867 0.481169
vt 0.731384 0.447252
vt 0.083303 0.213257
vt 0.106984 0.219386
vt 0.093495 0.220239
vt 0.090217 0.191892
vt 0.103163 0.202542
vt 0.091786 0.201998
vt 0.510637 0.852658
vt 0.516854 0.861880
vt 0.091167 0.989699
vt 0.082262 0.989015
vt 0.088597 0.977716
vt 0.078587 0.974262
vt 0.092978 0.994499
vt 0.097924 0.984754
vt 0.450035 0.270161
vt 0.450182 0.261240
vt 0.458501 0.268216
vt 0.449143 0.246676
vt 0.456412 0.250211
vt 0.460166 0.236581
vt 0.443570 0.231816
vt 0.450835 0.221967
vt 0.436475 0.278264
vt 0.428752 0.265449
vt 0.444764 0.241135
vt 0.429242 0.256786
vt 0.432337 0.246072
vt 0.076151 0.925702
vt 0.074597 0.944547
vt 0.064646 0.937985
vt 0.059752 0.933292
vt 0.065172 0.919012
vt 0.057396 0.918476
vt 0.064620 0.949824
vt 0.059686 0.942209
vt 0.072513 0.955243
vt 0.049484 0.923173
vt 0.049655 0.932883
vt 0.052209 0.943044
vt 0.085693 0.952039
vt 0.085539 0.959594
vt 0.070908 0.963568
vt 0.041346 0.933054
vt 0.033412 0.924774
vt 0.037440 0.915952
vt 0.022887 0.920374
vt 0.030743 0.935910
vt 0.020751 0.933185
vt 0.288318 0.125242
vt 0.278001 0.133842
vt 0.489026 0.072090
vt 0.494035 0.077237
vt 0.449620 0.204220
vt 0.439311 0.203508
vt 0.485029 0.082713
vt 0.477683 0.071778
vt 0.424374 0.201108
vt 0.427832 0.228363
vt 0.478071 0.087618
vt 0.471040 0.090888
vt 0.485516 0.065019
vt 0.484460 0.056714
vt 0.469117 0.059812
vt 0.466954 0.041315
vt 0.457916 0.080114
vt 0.458198 0.060359
vt 0.174140 0.843545
vt 0.172823 0.833732
vt 0.187206 0.842305
vt 0.158101 0.839797
vt 0.158372 0.870008
vt 0.155099 0.422990
vt 0.132999 0.423994
vt 0.145360 0.427609
vt 0.165250 0.423130
vt 0.170925 0.431492
vt 0.157760 0.429708
vt 0.128140 0.433526
vt 0.135339 0.442477
vt 0.114430 0.446783
vt 0.156644 0.445902
vt 0.162355 0.437667
vt 0.664921 0.579158
vt 0.672958 0.605490
vt 0.656908 0.596322
vt 0.649568 0.584843
vt 0.667612 0.597459
vt 0.663551 0.587265
vt 0.295222 0.260933
vt 0.268985 0.261996
vt 0.260478 0.272370
vt 0.242741 0.273451
vt 0.282563 0.248090
vt 0.269899 0.252231
vt 0.277261 0.237561
vt 0.400508 0.179676
vt 0.247107 0.260330
vt 0.257991 0.247831
vt 0.176002 0.778070
vt 0.181464 0.768813
vt 0.195051 0.768283
vt 0.166049 0.801049
vt 0.170847 0.812962
vt 0.164699 0.820830
vt 0.157780 0.798890
vt 0.176799 0.796099
vt 0.179660 0.822155
vt 0.147479 0.812464
vt 0.143450 0.799544
vt 0.132909 0.877228
vt 0.142709 0.861418
vt 0.145037 0.880486
vt 0.130359 0.895803
vt 0.120502 0.862660
vt 0.114632 0.872131
vt 0.120361 0.884404
vt 0.116572 0.892024
vt 0.119101 0.900606
vt 0.098731 0.856968
vt 0.118608 0.854097
vt 0.097577 0.842427
vt 0.099042 0.874342
vt 0.091074 0.868857
vt 0.095405 0.884446
vt 0.080364 0.875557
vt 0.802803 0.694076
vt 0.803093 0.687853
vt 0.789590 0.704620
vt 0.798402 0.723724
vt 0.072782 0.885183
vt 0.068232 0.903121
vt 0.061090 0.895662
vt 0.069793 0.914635
vt 0.063601 0.875057
vt 0.051105 0.887734
vt 0.053536 0.906556
vt 0.044452 0.914736
vt 0.043302 0.895990
vt 0.044083 0.905855
vt 0.037713 0.901967
vt 0.049754 0.873134
vt 0.035339 0.875406
vt 0.163096 0.517238
vt 0.168253 0.504994
vt 0.178177 0.513493
vt 0.171114 0.523902
vt 0.180873 0.526286
vt 0.175242 0.544630
vt 0.188155 0.534047
vt 0.185498 0.541359
vt 0.199000 0.872379
vt 0.468909 0.114356
vt 0.463823 0.113751
vt 0.448363 0.107710
vt 0.456947 0.103771
vt 0.438708 0.076698
vt 0.429855 0.092750
vt 0.432929 0.106335
vt 0.440446 0.128002
vt 0.434241 0.133617
vt 0.422532 0.117560
vt 0.834605 0.522576
vt 0.847599 0.526258
vt 0.839738 0.530731
vt 0.850349 0.543427
vt 0.849856 0.556105
vt 0.842828 0.537895
vt 0.841926 0.549013
vt 0.829998 0.533516
vt 0.828792 0.515296
vt 0.818936 0.513812
vt 0.816891 0.524026
vt 0.776651 0.724608
vt 0.794561 0.733183
vt 0.786715 0.735563
vt 0.719166 0.859759
vt 0.720944 0.871011
vt 0.703833 0.881181
vt 0.691544 0.866530
vt 0.698547 0.852531
vt 0.681381 0.847792
vt 0.687379 0.854821
vt 0.672158 0.854947
vt 0.717682 0.842202
vt 0.699307 0.842558
vt 0.682763 0.840960
vt 0.726665 0.831885
vt 0.704852 0.820922
vt 0.422087 0.143282
vt 0.411421 0.140778
vt 0.422524 0.132946
vt 0.400574 0.140259
vt 0.399789 0.130184
vt 0.140111 0.252367
vt 0.140366 0.242961
vt 0.155463 0.251273
vt 0.145530 0.263207
vt 0.132621 0.281324
vt 0.161660 0.272756
vt 0.147069 0.272086
vt 0.173831 0.256418
vt 0.154413 0.287802
vt 0.136683 0.739987
vt 0.135144 0.755945
vt 0.123051 0.750832
vt 0.129659 0.732150
vt 0.121027 0.734908
vt 0.115515 0.755495
vt 0.117114 0.766003
vt 0.128089 0.767134
vt 0.110836 0.733791
vt 0.099114 0.748957
vt 0.133894 0.776255
vt 0.111969 0.785503
vt 0.114130 0.777654
vt 0.105930 0.768138
vt 0.103602 0.780446
vt 0.552516 0.656810
vt 0.554440 0.675719
vt 0.544798 0.671745
vt 0.088883 0.763732
vt 0.080497 0.771934
vt 0.506441 0.644873
vt 0.503475 0.638796
vt 0.511259 0.640462
vt 0.502073 0.649350
vt 0.514602 0.658480
vt 0.496238 0.641944
vt 0.490045 0.648926
vt 0.492513 0.655604
vt 0.512643 0.671893
vt 0.527754 0.650067
vt 0.536163 0.658358
vt 0.536259 0.673270
vt 0.530617 0.683246
vt 0.605247 0.309223
vt 0.628242 0.306503
vt 0.607741 0.332249
vt 0.587694 0.320874
vt 0.587800 0.306784
vt 0.603840 0.327775
vt 0.601984 0.294145
vt 0.571367 0.317402
vt 0.592103 0.294659
vt 0.573927 0.298767
vt 0.571634 0.329821
vt 0.575644 0.346064
vt 0.337341 0.408031
vt 0.481628 0.382115
vt 0.485877 0.362173
vt 0.457789 0.381595
vt 0.566708 0.925928
vt 0.580527 0.930249
vt 0.553180 0.936540
vt 0.442019 0.006133
vt 0.475611 0.004367
vt 0.455258 0.013978
vt 0.471854 0.013438
vt 0.443244 0.016995
vt 0.433535 0.015890
vt 0.457708 0.029909
vt 0.445945 0.033570
vt 0.473013 0.026873
vt 0.453369 0.047718
vt 0.431815 0.037647
vt 0.424742 0.035457
vt 0.418209 0.022450
vt 0.429793 0.045994
vt 0.093739 0.288793
vt 0.103785 0.289990
vt 0.117434 0.285296
vt 0.083615 0.308749
vt 0.096056 0.317564
vt 0.110314 0.306607
vt 0.108936 0.321752
vt 0.124532 0.301617
vt 0.121472 0.323272
vt 0.127686 0.315402
vt 0.131965 0.317274
vt 0.134629 0.332809
vt 0.140531 0.322318
vt 0.133461 0.307604
vt 0.149191 0.310344
vt 0.137103 0.294607
vt 0.126895 0.341185
vt 0.176500 0.278893
vt 0.195176 0.284863
vt 0.176360 0.302527
vt 0.428036 0.522038
vt 0.413650 0.523189
vt 0.417076 0.513039
vt 0.439675 0.519852
vt 0.452162 0.523290
vt 0.436642 0.503656
vt 0.427222 0.514121
vt 0.420849 0.502597
vt 0.405923 0.512543
vt 0.459189 0.515619
vt 0.536095 0.478865
vt 0.547973 0.472125
vt 0.518608 0.487503
vt 0.521646 0.466158
vt 0.507029 0.473932
vt 0.539752 0.452018
vt 0.522155 0.439819
vt 0.499409 0.490096
vt 0.486261 0.482983
vt 0.485939 0.463162
vt 0.598911 0.895016
vt 0.595653 0.879474
vt 0.592530 0.884717
vt 0.626374 0.582838
vt 0.629611 0.577318
vt 0.614856 0.569950
vt 0.627184 0.569125
vt 0.613375 0.577432
vt 0.589191 0.876425
vt 0.628565 0.554609
vt 0.622453 0.558913
vt 0.626343 0.549719
vt 0.618133 0.550121
vt 0.606547 0.549027
vt 0.614715 0.543204
vt 0.612119 0.562947
vt 0.553061 0.318437
vt 0.554828 0.305219
vt 0.570978 0.292355
vt 0.558177 0.295965
vt 0.562994 0.275837
vt 0.543049 0.302808
vt 0.546735 0.293195
vt 0.546622 0.326454
vt 0.537556 0.318553
vt 0.551071 0.284748
vt 0.710345 0.493070
vt 0.692457 0.499898
vt 0.704218 0.471314
vt 0.688668 0.485678
vt 0.686938 0.493378
vt 0.726077 0.493074
vt 0.734394 0.485128
vt 0.737789 0.500415
vt 0.753401 0.506237
vt 0.740867 0.518192
vt 0.714703 0.469861
vt 0.724902 0.460702
vt 0.728610 0.522489
vt 0.716440 0.504075
vt 0.713902 0.526675
vt 0.702333 0.511480
vt 0.676404 0.798747
vt 0.687663 0.801039
vt 0.699696 0.799984
vt 0.696804 0.813792
vt 0.712522 0.815231
vt 0.684843 0.781412
vt 0.671081 0.785529
vt 0.696498 0.775150
vt 0.708999 0.794596
vt 0.712780 0.777172
vt 0.167368 0.308316
vt 0.148238 0.337089
vt 0.138712 0.353080
vt 0.161194 0.317276
vt 0.144673 0.351765
vt 0.301786 0.870707
vt 0.316408 0.872363
vt 0.308233 0.878513
vt 0.317149 0.886006
vt 0.161764 0.330498
vt 0.301639 0.889946
vt 0.289818 0.877052
vt 0.170364 0.320731
vt 0.311261 0.905326
vt 0.449008 0.499808
vt 0.456578 0.499772
vt 0.439663 0.498903
vt 0.325264 0.900623
vt 0.462072 0.504679
vt 0.765639 0.522907
vt 0.759781 0.549055
vt 0.756415 0.514036
vt 0.750536 0.527875
vt 0.756256 0.563019
vt 0.742327 0.549053
vt 0.740488 0.527858
vt 0.724069 0.536659
vt 0.389078 0.959400
vt 0.373116 0.958078
vt 0.391739 0.950385
vt 0.246072 0.946204
vt 0.254368 0.927124
vt 0.265767 0.944992
vt 0.253910 0.919947
vt 0.245042 0.919156
vt 0.234875 0.933587
vt 0.215827 0.941610
vt 0.230601 0.948080
vt 0.224905 0.967581
vt 0.213033 0.963433
vt 0.244364 0.959010
vt 0.277566 0.945705
vt 0.266839 0.967496
vt 0.254414 0.973678
vt 0.234091 0.983000
vt 0.219538 0.984679
vt 0.245758 0.978719
vt 0.259975 0.980917
vt 0.716458 0.932444
vt 0.703205 0.934463
vt 0.686139 0.930242
vt 0.714583 0.943312
vt 0.692395 0.939592
vt 0.710137 0.949446
vt 0.728741 0.953036
vt 0.739429 0.938722
vt 0.747314 0.937616
vt 0.689901 0.954284
vt 0.697365 0.959343
vt 0.708437 0.956474
vt 0.719844 0.961399
vt 0.712530 0.966105
vt 0.694005 0.968071
vt 0.534269 0.550178
vt 0.538437 0.560511
vt 0.533678 0.564084
vt 0.702809 0.970335
vt 0.723377 0.967848
vt 0.721650 0.973070
vt 0.542309 0.578784
vt 0.539274 0.596469
vt 0.528904 0.576643
vt 0.545964 0.593182
vt 0.362877 0.278226
vt 0.398624 0.274646
vt 0.379806 0.275381
vt 0.385104 0.270661
vt 0.375370 0.260005
vt 0.341938 0.270927
vt 0.311065 0.287064
vt 0.317173 0.272891
vt 0.334361 0.262981
vt 0.305450 0.272328
vt 0.297650 0.264342
vt 0.384468 0.258633
vt 0.398012 0.450191
vt 0.378259 0.453642
vt 0.382917 0.437461
vt 0.395057 0.435588
vt 0.394468 0.422961
vt 0.382806 0.427201
vt 0.382698 0.417218
vt 0.395935 0.409771
vt 0.422100 0.444149
vt 0.437325 0.460403
vt 0.426373 0.465081
vt 0.403757 0.464486
vt 0.409033 0.436092
vt 0.412264 0.422488
vt 0.248922 0.986376
vt 0.403921 0.404716
vt 0.668489 0.655429
vt 0.659025 0.672191
vt 0.640376 0.684525
vt 0.054754 0.955354
vt 0.060749 0.962339
vt 0.044614 0.947937
vt 0.046203 0.958840
vt 0.042270 0.964936
vt 0.066200 0.970646
vt 0.054122 0.981964
vt 0.052892 0.975490
vt 0.062108 0.984160
vt 0.041369 0.970187
vt 0.049130 0.982122
vt 0.043596 0.980228
vt 0.056216 0.989133
vt 0.035744 0.971327
vt 0.034857 0.983787
vt 0.038619 0.989891
vt 0.044892 0.990751
vt 0.468050 0.223429
vt 0.462216 0.222177
vt 0.468606 0.211857
vt 0.459790 0.213057
vt 0.470081 0.203661
vt 0.032657 0.951329
vt 0.029307 0.963757
vt 0.019445 0.945358
vt 0.023298 0.953388
vt 0.018747 0.962867
vt 0.026298 0.974138
vt 0.019195 0.972123
vt 0.027206 0.989077
vt 0.020621 0.982022
vt 0.470307 0.195116
vt 0.474008 0.190003
vt 0.011981 0.983759
vt 0.014228 0.990026
vt 0.741646 0.815327
vt 0.739062 0.833379
vt 0.748269 0.839385
vt 0.759464 0.821944
vt 0.728221 0.798686
vt 0.722501 0.780042
vt 0.745312 0.792086
vt 0.743716 0.780629
vt 0.759708 0.808119
vt 0.760745 0.792947
vt 0.760050 0.785540
vt 0.773233 0.789448
vt 0.060199 0.280401
vt 0.045696 0.275919
vt 0.051199 0.269284
vt 0.064919 0.268876
vt 0.049925 0.257265
vt 0.063202 0.254590
vt 0.074947 0.248837
vt 0.079713 0.261543
vt 0.072556 0.293250
vt 0.084198 0.268605
vt 0.062583 0.242505
vt 0.089168 0.254200
vt 0.059928 0.300438
vt 0.428523 0.488936
vt 0.420797 0.490150
vt 0.418026 0.484738
vt 0.410310 0.492990
vt 0.400350 0.481788
vt 0.400311 0.501552
vt 0.390397 0.484492
vt 0.438184 0.484040
vt 0.585116 0.245485
vt 0.573914 0.250863
vt 0.566096 0.263257
vt 0.578323 0.231536
vt 0.564336 0.237907
vt 0.559289 0.249219
vt 0.555122 0.262425
vt 0.210276 0.432452
vt 0.207271 0.436585
vt 0.199996 0.442089
vt 0.570101 0.230269
vt 0.551854 0.245654
vt 0.211645 0.449163
vt 0.210877 0.465192
vt 0.205391 0.459962
vt 0.156957 0.922288
vt 0.175069 0.927779
vt 0.182917 0.934454
vt 0.199903 0.921693
vt 0.185507 0.951363
vt 0.194416 0.952149
vt 0.200113 0.966844
vt 0.193280 0.978999
vt 0.202221 0.963665
vt 0.212415 0.932191
vt 0.711099 0.538376
vt 0.698227 0.537266
vt 0.703073 0.547540
vt 0.692900 0.544138
vt 0.685171 0.522501
vt 0.689323 0.527914
vt 0.681598 0.512303
vt 0.673069 0.505672
vt 0.703350 0.561891
vt 0.683912 0.537066
vt 0.676089 0.535807
vt 0.665972 0.528432
vt 0.671978 0.525851
vt 0.526551 0.543659
vt 0.519450 0.550776
vt 0.522544 0.563321
vt 0.523010 0.569559
vt 0.519117 0.576894
vt 0.113759 0.927965
vt 0.126155 0.926319
vt 0.113320 0.939683
vt 0.126631 0.945329
vt 0.127461 0.962102
vt 0.115470 0.961555
vt 0.097849 0.920349
vt 0.114812 0.917522
vt 0.101611 0.932381
vt 0.089940 0.926951
vt 0.090718 0.939218
vt 0.111298 0.947391
vt 0.110211 0.957901
vt 0.100631 0.957121
vt 0.091888 0.970155
vt 0.257799 0.855753
vt 0.261752 0.866653
vt 0.251160 0.872731
vt 0.235849 0.869478
vt 0.265430 0.875980
vt 0.280790 0.867290
vt 0.260497 0.889026
vt 0.472052 0.471448
vt 0.362280 0.654559
vt 0.378206 0.656200
vt 0.353292 0.663661
vt 0.473030 0.462520
vt 0.357772 0.650602
vt 0.339867 0.662392
vt 0.384001 0.669615
vt 0.371127 0.668742
vt 0.359986 0.681506
vt 0.467356 0.452012
vt 0.363006 0.694952
vt 0.566122 0.454796
vt 0.568696 0.438074
vt 0.552845 0.441457
vt 0.553728 0.416515
vt 0.537782 0.434121
vt 0.052987 0.336836
vt 0.063238 0.337942
vt 0.056635 0.348992
vt 0.065482 0.358603
vt 0.071701 0.351677
vt 0.067301 0.331824
vt 0.076117 0.341859
vt 0.079451 0.321055
vt 0.084770 0.335572
vt 0.090885 0.349045
vt 0.078384 0.371375
vt 0.093039 0.365117
vt 0.102506 0.352321
vt 0.101465 0.339751
vt 0.069377 0.308933
vt 0.115140 0.345337
vt 0.112578 0.352348
vt 0.661082 0.931028
vt 0.672424 0.927776
vt 0.659707 0.941449
vt 0.679548 0.943797
vt 0.670550 0.953735
vt 0.649516 0.947593
vt 0.503065 0.526034
vt 0.503541 0.539683
vt 0.512896 0.528035
vt 0.520014 0.536578
vt 0.685423 0.963746
vt 0.678900 0.960068
vt 0.772896 0.824448
vt 0.765096 0.828884
vt 0.782769 0.841284
vt 0.772488 0.847097
vt 0.786306 0.844169
vt 0.789997 0.835165
vt 0.787642 0.819648
vt 0.784400 0.809793
vt 0.219708 0.772248
vt 0.203481 0.760219
vt 0.208561 0.757160
vt 0.216797 0.778407
vt 0.194596 0.783190
vt 0.212004 0.787254
vt 0.197726 0.796672
vt 0.767955 0.805841
vt 0.778672 0.796847
vt 0.794053 0.795936
vt 0.787355 0.787654
vt 0.224937 0.775221
vt 0.234375 0.781119
vt 0.225607 0.789130
vt 0.237502 0.796030
vt 0.226180 0.796719
vt 0.205760 0.807403
vt 0.232107 0.809314
vt 0.222474 0.805671
vt 0.533280 0.837137
vt 0.522753 0.843971
vt 0.532741 0.843910
vt 0.525560 0.853068
vt 0.542772 0.838556
vt 0.534799 0.860646
vt 0.533070 0.872205
vt 0.541229 0.878150
vt 0.486762 0.843561
vt 0.485356 0.849944
vt 0.522838 0.880814
vt 0.538347 0.889140
vt 0.526516 0.888876
vt 0.516900 0.897433
vt 0.534148 0.895215
vt 0.220254 0.917947
vt 0.195930 0.906558
vt 0.229916 0.918956
vt 0.543912 0.330374
vt 0.525036 0.332377
vt 0.299166 0.278912
vt 0.288996 0.276321
vt 0.284481 0.281682
vt 0.274954 0.274711
vt 0.261165 0.289318
vt 0.247531 0.286129
vt 0.230654 0.267335
vt 0.296342 0.914351
vt 0.290079 0.929521
vt 0.282799 0.926398
vt 0.274805 0.933001
vt 0.447664 0.488477
vt 0.444798 0.478879
vt 0.309152 0.912582
vt 0.457540 0.488477
vt 0.284601 0.934618
vt 0.566315 0.887624
vt 0.578624 0.872274
vt 0.552839 0.891606
vt 0.589840 0.883480
vt 0.586766 0.889731
vt 0.573440 0.916035
vt 0.592362 0.902635
vt 0.540603 0.899574
vt 0.556706 0.905105
vt 0.550639 0.923327
vt 0.740555 0.566609
vt 0.719229 0.559429
vt 0.727221 0.554068
vt 0.732571 0.575173
vt 0.717474 0.551276
vt 0.716687 0.575282
vt 0.732137 0.588120
vt 0.744772 0.579213
vt 0.182443 0.810041
vt 0.198464 0.803262
vt 0.215179 0.814763
vt 0.191949 0.825084
vt 0.197950 0.824780
vt 0.213678 0.822766
vt 0.204076 0.831134
vt 0.199123 0.835757
vt 0.541290 0.688249
vt 0.558233 0.694004
vt 0.555046 0.702571
vt 0.547411 0.711091
vt 0.562437 0.709866
vt 0.071541 0.777185
vt 0.559798 0.720183
vt 0.549513 0.723632
vt 0.525804 0.905299
vt 0.536343 0.922234
vt 0.530302 0.921108
vt 0.520673 0.910101
vt 0.518884 0.923186
vt 0.507025 0.916450
vt 0.515598 0.940688
vt 0.539962 0.942638
vt 0.429819 0.011956
vt 0.500671 0.930486
vt 0.492031 0.922741
vt 0.512717 0.948941
vt 0.491088 0.931257
vt 0.533410 0.947165
vt 0.530454 0.952036
vt 0.424032 0.016651
vt 0.403851 0.020978
vt 0.263956 0.847731
vt 0.254717 0.844406
vt 0.278799 0.873720
vt 0.045031 0.362284
vt 0.032645 0.366829
vt 0.038376 0.348235
vt 0.033419 0.338521
vt 0.046681 0.331159
vt 0.674488 0.774481
vt 0.683072 0.768779
vt 0.673113 0.764376
vt 0.010067 0.351444
vt 0.000082 0.348830
vt 0.002204 0.339158
vt 0.660793 0.764724
vt 0.026354 0.350553
vt 0.023148 0.368279
vt 0.009081 0.363009
vt 0.699670 0.771250
vt 0.028287 0.379125
vt 0.034025 0.380414
vt 0.014935 0.333923
vt 0.024015 0.344879
vt 0.021270 0.309261
vt 0.027441 0.322918
vt 0.004922 0.325500
vt 0.040982 0.371839
vt 0.631244 0.819490
vt 0.623435 0.825143
vt 0.628294 0.848528
vt 0.620247 0.850115
vt 0.630777 0.835300
vt 0.641934 0.823044
vt 0.639967 0.842035
vt 0.652567 0.827194
vt 0.650568 0.841785
vt 0.625779 0.771277
vt 0.260884 0.332842
vt 0.269626 0.321802
vt 0.260660 0.318039
vt 0.253578 0.336155
vt 0.250476 0.307917
vt 0.242247 0.317380
vt 0.261995 0.302422
vt 0.253634 0.296812
vt 0.455001 0.677116
vt 0.459800 0.685683
vt 0.443471 0.687396
vt 0.439070 0.699132
vt 0.468110 0.709455
vt 0.473924 0.725764
vt 0.455606 0.716572
vt 0.445287 0.722320
vt 0.433670 0.714466
vt 0.418015 0.696986
vt 0.432835 0.734415
vt 0.476785 0.743720
vt 0.464685 0.744156
vt 0.453841 0.736552
vt 0.461474 0.603400
vt 0.478603 0.599416
vt 0.470348 0.617603
vt 0.479923 0.613377
vt 0.492117 0.618709
vt 0.448218 0.615544
vt 0.487716 0.636575
vt 0.472975 0.640208
vt 0.500808 0.624669
vt 0.509362 0.633129
vt 0.459086 0.625652
vt 0.442464 0.620622
vt 0.735789 0.663710
vt 0.730365 0.671775
vt 0.738701 0.642273
vt 0.756930 0.639299
vt 0.751720 0.647823
vt 0.758650 0.664694
vt 0.740677 0.656049
vt 0.764226 0.646801
vt 0.762545 0.654820
vt 0.764927 0.668428
vt 0.780900 0.659409
vt 0.752603 0.676621
vt 0.762525 0.678362
vt 0.741660 0.699570
vt 0.733417 0.684544
vt 0.408170 0.397283
vt 0.398667 0.386018
vt 0.408315 0.383077
vt 0.379334 0.395380
vt 0.389047 0.379905
vt 0.368926 0.372774
vt 0.382203 0.362200
vt 0.369524 0.359692
vt 0.394297 0.374444
vt 0.408356 0.367616
vt 0.392663 0.360141
vt 0.371350 0.403886
vt 0.413480 0.405068
vt 0.268058 0.400605
vt 0.670330 0.500319
vt 0.016759 0.251423
vt 0.023251 0.253824
vt 0.014914 0.258810
vt 0.024720 0.259850
vt 0.028472 0.259753
vt 0.024552 0.240722
vt 0.031111 0.244656
vt 0.039144 0.229834
vt 0.041717 0.249337
vt 0.037277 0.269812
vt 0.025661 0.270086
vt 0.047827 0.248689
vt 0.650746 0.505610
vt 0.048786 0.220310
vt 0.043511 0.213172
vt 0.639046 0.507064
vt 0.052008 0.233564
vt 0.224610 0.818701
vt 0.210975 0.831460
vt 0.243893 0.816295
vt 0.232570 0.836109
vt 0.208173 0.842832
vt 0.218850 0.846551
vt 0.190654 0.856639
vt 0.227729 0.858722
vt 0.241302 0.833787
vt 0.615076 0.772275
vt 0.747647 0.433299
vt 0.733037 0.421826
vt 0.731403 0.431396
vt 0.652467 0.771378
vt 0.646568 0.765464
vt 0.637930 0.768938
vt 0.726906 0.433359
vt 0.722216 0.444216
vt 0.720958 0.409270
vt 0.712279 0.427878
vt 0.714430 0.410985
vt 0.711848 0.419545
vt 0.709179 0.438661
vt 0.783800 0.098656
vt 0.011332 0.269861
vt 0.018492 0.268557
vt 0.013740 0.285755
vt 0.694590 0.471437
vt 0.691377 0.472914
vt 0.692418 0.461315
vt 0.008694 0.268998
vt 0.017891 0.283998
vt 0.034128 0.282097
vt 0.033861 0.295884
vt 0.016493 0.295836
vt 0.042351 0.288522
vt 0.715757 0.453875
vt 0.701838 0.448813
vt 0.700521 0.443714
vt 0.009980 0.300489
vt 0.002612 0.317878
vt 0.024450 0.297720
vt 0.157003 0.989874
vt 0.439340 0.323361
vt 0.430086 0.315932
vt 0.441453 0.310004
vt 0.434263 0.306923
vt 0.435910 0.330910
vt 0.420687 0.301267
vt 0.441401 0.294972
vt 0.418346 0.296618
vt 0.423030 0.283395
vt 0.413177 0.294214
vt 0.409710 0.309260
vt 0.404368 0.297260
vt 0.415115 0.275172
vt 0.400812 0.282252
vt 0.842703 0.588890
vt 0.833817 0.590315
vt 0.839083 0.592546
vt 0.832626 0.610290
vt 0.044247 0.305956
vt 0.037259 0.308984
vt 0.048679 0.316202
vt 0.054017 0.321141
vt 0.029646 0.312685
vt 0.041689 0.296926
vt 0.052403 0.288982
vt 0.055315 0.313036
vt 0.060722 0.318376
vt 0.728493 0.879416
vt 0.718404 0.884556
vt 0.743624 0.875832
vt 0.740494 0.886409
vt 0.745795 0.865114
vt 0.754284 0.885597
vt 0.739390 0.897944
vt 0.774383 0.880157
vt 0.761766 0.863764
vt 0.757242 0.899692
vt 0.742975 0.905088
vt 0.746660 0.911051
vt 0.765455 0.911813
vt 0.459221 0.564016
vt 0.445032 0.571494
vt 0.437572 0.561370
vt 0.436219 0.572174
vt 0.442406 0.584034
vt 0.432511 0.582807
vt 0.454566 0.594589
vt 0.457522 0.584644
vt 0.427306 0.590383
vt 0.461791 0.575555
vt 0.465832 0.593008
vt 0.484566 0.589162
vt 0.444269 0.602423
vt 0.476258 0.576085
vt 0.423534 0.575358
vt 0.428801 0.571716
vt 0.421969 0.578630
vt 0.413409 0.593372
vt 0.143127 0.910719
vt 0.160984 0.912451
vt 0.128530 0.909538
vt 0.130987 0.919930
vt 0.142732 0.926776
vt 0.407026 0.263878
vt 0.415996 0.257703
vt 0.411079 0.246954
vt 0.423634 0.251551
vt 0.426665 0.242271
vt 0.405295 0.244073
vt 0.397284 0.239779
vt 0.417483 0.237016
vt 0.395789 0.260278
vt 0.391380 0.253541
vt 0.778018 0.777746
vt 0.768989 0.770051
vt 0.779750 0.770585
vt 0.789527 0.779539
vt 0.794723 0.786845
vt 0.271487 0.804964
vt 0.260765 0.812224
vt 0.253617 0.804310
vt 0.766760 0.780791
vt 0.763804 0.773156
vt 0.243329 0.809063
vt 0.078734 0.388470
vt 0.089080 0.380517
vt 0.085914 0.391055
vt 0.267656 0.821556
vt 0.295510 0.817253
vt 0.287611 0.823602
vt 0.282740 0.810314
vt 0.276107 0.829887
vt 0.283697 0.826725
vt 0.256633 0.831132
vt 0.267551 0.832312
vt 0.042132 0.189004
vt 0.643926 0.542262
vt 0.637226 0.548956
vt 0.040530 0.174475
vt 0.037564 0.176247
vt 0.049213 0.182487
vt 0.048199 0.191726
vt 0.059089 0.199627
vt 0.064026 0.194791
vt 0.057727 0.181610
vt 0.054895 0.205866
vt 0.067579 0.207789
vt 0.073343 0.191233
vt 0.057605 0.171899
vt 0.048369 0.169671
vt 0.074317 0.181605
vt 0.481427 0.544571
vt 0.494373 0.546935
vt 0.475226 0.559036
vt 0.493646 0.557743
vt 0.501815 0.580520
vt 0.489952 0.574979
vt 0.207065 0.985656
vt 0.201777 0.995916
vt 0.190829 0.996639
vt 0.234968 0.990723
vt 0.213364 0.996529
vt 0.416758 0.386172
vt 0.415249 0.372804
vt 0.418508 0.356485
vt 0.599180 0.922995
vt 0.588870 0.923162
vt 0.482826 0.000841
vt 0.488447 0.008077
vt 0.497847 0.004029
vt 0.498269 0.010787
vt 0.485662 0.024671
vt 0.176125 0.876347
vt 0.159948 0.891732
vt 0.183938 0.894046
vt 0.173813 0.903181
vt 0.504205 0.460875
vt 0.497496 0.422488
vt 0.498800 0.447858
vt 0.481916 0.443745
vt 0.386692 0.091189
vt 0.381389 0.094102
vt 0.385872 0.105888
vt 0.400330 0.107194
vt 0.393112 0.118926
vt 0.394962 0.092887
vt 0.365361 0.115252
vt 0.353445 0.114670
vt 0.369310 0.137896
vt 0.655291 0.562469
vt 0.663858 0.556295
vt 0.648088 0.552528
vt 0.644323 0.576456
vt 0.638713 0.562682
vt 0.635627 0.580054
vt 0.027756 0.141757
vt 0.036160 0.154197
vt 0.634654 0.565175
vt 0.633848 0.559329
vt 0.041290 0.162267
vt 0.037306 0.163783
vt 0.632602 0.552811
vt 0.488067 0.939038
vt 0.492680 0.949368
vt 0.509432 0.957302
vt 0.496618 0.959080
vt 0.480565 0.953522
vt 0.482087 0.963813
vt 0.381056 0.031121
vt 0.375170 0.038293
vt 0.367241 0.035164
vt 0.369356 0.046295
vt 0.364407 0.041400
vt 0.359771 0.049504
vt 0.473444 0.963697
vt 0.465183 0.957247
vt 0.359226 0.032789
vt 0.349714 0.030147
vt 0.349893 0.043209
vt 0.320311 0.082453
vt 0.333073 0.089257
vt 0.310228 0.090723
vt 0.306628 0.074505
vt 0.297658 0.070897
vt 0.293987 0.086968
vt 0.338916 0.101052
vt 0.319797 0.102036
vt 0.299781 0.111852
vt 0.285355 0.088185
vt 0.292356 0.108878
vt 0.505584 0.725968
vt 0.486913 0.734075
vt 0.512919 0.758326
vt 0.535165 0.756815
vt 0.520430 0.755417
vt 0.497605 0.757104
vt 0.481569 0.759836
vt 0.522688 0.765973
vt 0.503811 0.767189
vt 0.465422 0.814730
vt 0.456988 0.826204
vt 0.441024 0.825646
vt 0.436239 0.812430
vt 0.429867 0.811683
vt 0.424167 0.816741
vt 0.462094 0.757809
vt 0.403340 0.685586
vt 0.406194 0.705187
vt 0.400862 0.675681
vt 0.390372 0.686780
vt 0.396911 0.697003
vt 0.372647 0.696520
vt 0.397913 0.705687
vt 0.372022 0.714272
vt 0.425140 0.733162
vt 0.383634 0.720880
vt 0.411906 0.739283
vt 0.396244 0.729196
vt 0.373291 0.729255
vt 0.744876 0.287996
vt 0.734646 0.304653
vt 0.780641 0.866677
vt 0.785902 0.860337
vt 0.195691 0.745701
vt 0.509051 0.907543
vt 0.476848 0.911706
vt 0.458042 0.912943
vt 0.468656 0.918062
vt 0.478160 0.919012
vt 0.483245 0.927148
vt 0.474225 0.933448
vt 0.285477 0.838099
vt 0.302808 0.834927
vt 0.306306 0.829036
vt 0.288256 0.858421
vt 0.281782 0.844224
vt 0.273368 0.845375
vt 0.275309 0.856746
vt 0.129125 0.356607
vt 0.127986 0.351659
vt 0.299979 0.850615
vt 0.295554 0.862284
vt 0.371011 0.350665
vt 0.387132 0.350776
vt 0.377747 0.345656
vt 0.385561 0.344480
vt 0.374204 0.342259
vt 0.359228 0.345027
vt 0.364113 0.337811
vt 0.354338 0.339886
vt 0.348819 0.332071
vt 0.362910 0.323481
vt 0.382567 0.329285
vt 0.372470 0.328300
vt 0.372389 0.314490
vt 0.062672 0.366005
vt 0.053321 0.368315
vt 0.052771 0.377335
vt 0.071471 0.370876
vt 0.067795 0.382641
vt 0.720267 0.773023
vt 0.730519 0.775507
vt 0.731960 0.769291
vt 0.744010 0.774271
vt 0.048578 0.383626
vt 0.053296 0.395024
vt 0.752926 0.777570
vt 0.753372 0.773945
vt 0.062430 0.393341
vt 0.067770 0.391393
vt 0.071627 0.397123
vt 0.078006 0.378719
vt 0.087619 0.372617
vt 0.431235 0.658952
vt 0.416720 0.640251
vt 0.423462 0.649070
vt 0.412393 0.651992
vt 0.440224 0.675195
vt 0.435605 0.678866
vt 0.394295 0.650919
vt 0.415681 0.681645
vt 0.433955 0.693605
vt 0.465006 0.397532
vt 0.445563 0.424166
vt 0.451611 0.392327
vt 0.447109 0.384171
vt 0.257933 0.691518
vt 0.282310 0.692861
vt 0.268748 0.693718
vt 0.438022 0.410939
vt 0.429641 0.747726
vt 0.455839 0.751727
vt 0.441102 0.748406
vt 0.386939 0.811609
vt 0.393247 0.817573
vt 0.372929 0.828467
vt 0.384974 0.829334
vt 0.723926 0.312046
vt 0.712042 0.315818
vt 0.707656 0.331295
vt 0.708995 0.305066
vt 0.542216 0.417728
vt 0.529503 0.426897
vt 0.523046 0.407080
vt 0.545357 0.408074
vt 0.512078 0.418837
vt 0.558174 0.389390
vt 0.537426 0.396508
vt 0.512674 0.410289
vt 0.738195 0.855495
vt 0.734698 0.848074
vt 0.755708 0.859504
vt 0.250881 0.178472
vt 0.283674 0.199851
vt 0.401607 0.816570
vt 0.398434 0.814943
vt 0.392997 0.809751
vt 0.417433 0.827221
vt 0.412991 0.812920
vt 0.398660 0.828298
vt 0.409353 0.836617
vt 0.410966 0.846138
vt 0.393785 0.842008
vt 0.377152 0.836027
vt 0.388712 0.851436
vt 0.171565 0.601981
vt 0.164805 0.619915
vt 0.161564 0.604164
vt 0.172418 0.636784
vt 0.213283 0.555192
vt 0.213528 0.536366
vt 0.218995 0.546306
vt 0.195298 0.539383
vt 0.196199 0.523070
vt 0.199917 0.525262
vt 0.209635 0.524507
vt 0.202411 0.544618
vt 0.218162 0.562904
vt 0.227237 0.563229
vt 0.226799 0.571801
vt 0.739447 0.617382
vt 0.748048 0.627620
vt 0.735117 0.632185
vt 0.730210 0.620763
vt 0.716952 0.628028
vt 0.721541 0.642217
vt 0.715182 0.635469
vt 0.707432 0.627913
vt 0.715833 0.619060
vt 0.722443 0.613962
vt 0.720658 0.654969
vt 0.714240 0.648345
vt 0.347104 0.852615
vt 0.364211 0.886063
vt 0.378580 0.874468
vt 0.339847 0.871517
vt 0.350712 0.890935
vt 0.333099 0.881494
vt 0.697927 0.256757
vt 0.676215 0.247974
vt 0.370553 0.897173
vt 0.584557 0.777098
vt 0.775061 0.463117
vt 0.790040 0.469393
vt 0.565510 0.796808
vt 0.572646 0.783487
vt 0.783858 0.487061
vt 0.561739 0.786457
vt 0.422885 0.950429
vt 0.411003 0.954345
vt 0.403604 0.952195
vt 0.404038 0.967425
vt 0.392009 0.973396
vt 0.360542 0.969033
vt 0.370390 0.964602
vt 0.400096 0.984917
vt 0.224801 0.645825
vt 0.227486 0.658226
vt 0.236405 0.643632
vt 0.238039 0.665728
vt 0.828139 0.075542
vt 0.141409 0.959297
vt 0.147392 0.970474
vt 0.139413 0.982429
vt 0.123448 0.985857
vt 0.110694 0.973730
vt 0.150402 0.976504
vt 0.155589 0.984848
vt 0.144219 0.991514
vt 0.127807 0.994219
vt 0.116109 0.989931
vt 0.448510 0.292930
vt 0.452505 0.282215
vt 0.105141 0.981124
vt 0.461433 0.274209
vt 0.155738 0.788558
vt 0.161008 0.774639
vt 0.163343 0.761591
vt 0.147156 0.774396
vt 0.174348 0.756495
vt 0.148723 0.783859
vt 0.146445 0.737959
vt 0.149767 0.760665
vt 0.155618 0.750254
vt 0.134113 0.784266
vt 0.385578 0.611625
vt 0.392864 0.616601
vt 0.403599 0.622193
vt 0.391994 0.625649
vt 0.395355 0.634411
vt 0.405134 0.643951
vt 0.372941 0.627227
vt 0.379609 0.640676
vt 0.363970 0.636718
vt 0.584212 0.541926
vt 0.571792 0.541540
vt 0.577725 0.525138
vt 0.563389 0.533461
vt 0.435792 0.553285
vt 0.432939 0.544118
vt 0.564370 0.548173
vt 0.550183 0.536988
vt 0.546702 0.543800
vt 0.566323 0.523936
vt 0.562577 0.516968
vt 0.559171 0.509117
vt 0.542497 0.542030
vt 0.539028 0.536595
vt 0.413920 0.583183
vt 0.153065 0.880267
vt 0.149026 0.824038
vt 0.133345 0.817884
vt 0.138770 0.836602
vt 0.120315 0.838121
vt 0.107850 0.821327
vt 0.101789 0.834019
vt 0.319099 0.184184
vt 0.340150 0.192269
vt 0.325940 0.206342
vt 0.350104 0.196348
vt 0.337264 0.174255
vt 0.351054 0.169058
vt 0.298287 0.201884
vt 0.323179 0.162047
vt 0.819863 0.206991
vt 0.288791 0.734939
vt 0.263277 0.738478
vt 0.813380 0.194780
vt 0.835611 0.187656
vt 0.828230 0.201786
vt 0.806124 0.180926
vt 0.797166 0.190387
vt 0.793034 0.171515
vt 0.792069 0.180734
vt 0.738854 0.605085
vt 0.743503 0.591332
vt 0.768321 0.603977
vt 0.751280 0.606722
vt 0.759595 0.597205
vt 0.758907 0.586688
vt 0.761386 0.616311
vt 0.730055 0.261115
vt 0.710423 0.262709
vt 0.720690 0.252931
vt 0.705705 0.270016
vt 0.700469 0.276908
vt 0.340575 0.853160
vt 0.692552 0.259704
vt 0.706300 0.250185
vt 0.518986 0.588320
vt 0.503410 0.593412
vt 0.532319 0.627937
vt 0.520043 0.610746
vt 0.530563 0.597676
vt 0.750197 0.971126
vt 0.514931 0.602013
vt 0.499059 0.600638
vt 0.520892 0.621769
vt 0.528915 0.761875
vt 0.545755 0.771216
vt 0.540805 0.775469
vt 0.533793 0.772416
vt 0.474628 0.819189
vt 0.470410 0.829580
vt 0.536748 0.778456
vt 0.482814 0.820643
vt 0.487705 0.814666
vt 0.479691 0.827258
vt 0.478741 0.836297
vt 0.465328 0.833889
vt 0.490858 0.837249
vt 0.086677 0.836908
vt 0.093563 0.828661
vt 0.077283 0.855804
vt 0.077662 0.848604
vt 0.078270 0.863583
vt 0.075824 0.841633
vt 0.083726 0.831625
vt 0.066986 0.853932
vt 0.060843 0.865329
vt 0.073383 0.827196
vt 0.063341 0.837138
vt 0.059458 0.847599
vt 0.052533 0.825358
vt 0.050516 0.838961
vt 0.052691 0.857889
vt 0.043863 0.859647
vt 0.034408 0.827587
vt 0.033138 0.868733
vt 0.769097 0.680840
vt 0.787627 0.684093
vt 0.797119 0.671500
vt 0.804006 0.680464
vt 0.777902 0.693331
vt 0.218039 0.230602
vt 0.213460 0.222893
vt 0.730832 0.360326
vt 0.737909 0.358129
vt 0.725703 0.369237
vt 0.229372 0.235503
vt 0.420427 0.965345
vt 0.437578 0.948177
vt 0.440559 0.961113
vt 0.429220 0.967041
vt 0.414405 0.970814
vt 0.431884 0.975412
vt 0.418418 0.975039
vt 0.439000 0.967798
vt 0.448689 0.965784
vt 0.444150 0.974707
vt 0.338288 0.027432
vt 0.341475 0.045469
vt 0.328989 0.031463
vt 0.309931 0.036098
vt 0.317770 0.030058
vt 0.318792 0.048691
vt 0.405453 0.975363
vt 0.408396 0.983276
vt 0.425352 0.983930
vt 0.410683 0.989253
vt 0.291845 0.039433
vt 0.274796 0.040857
vt 0.299337 0.050377
vt 0.311589 0.063089
vt 0.288793 0.057300
vt 0.678440 0.083296
vt 0.671643 0.090347
vt 0.452800 0.917115
vt 0.463420 0.925504
vt 0.442285 0.923889
vt 0.457244 0.945804
vt 0.453791 0.954754
vt 0.468771 0.965271
vt 0.459056 0.966157
vt 0.430627 0.930504
vt 0.421818 0.938107
vt 0.435280 0.908561
vt 0.408994 0.899114
vt 0.399376 0.891686
vt 0.428747 0.915792
vt 0.420051 0.916291
vt 0.417408 0.921583
vt 0.721001 0.683267
vt 0.728001 0.697866
vt 0.720454 0.692287
vt 0.713743 0.698018
vt 0.711288 0.706432
vt 0.727093 0.709032
vt 0.719667 0.705313
vt 0.720132 0.722769
vt 0.777488 0.947130
vt 0.154550 0.726753
vt 0.143918 0.713788
vt 0.150661 0.717538
vt 0.138862 0.722029
vt 0.135575 0.712714
vt 0.133010 0.718865
vt 0.786019 0.943222
vt 0.124360 0.725034
vt 0.117240 0.711178
vt 0.108907 0.716696
vt 0.765047 0.964118
vt 0.767442 0.969937
vt 0.785972 0.958727
vt 0.542275 0.609246
vt 0.539253 0.619306
vt 0.524417 0.627209
vt 0.523984 0.635894
vt 0.543476 0.644895
vt 0.541469 0.633787
vt 0.309761 0.318808
vt 0.296196 0.307297
vt 0.286604 0.315131
vt 0.280768 0.312222
vt 0.301369 0.296251
vt 0.286576 0.290536
vt 0.277707 0.300076
vt 0.356019 0.200567
vt 0.351245 0.127139
vt 0.343600 0.147465
vt 0.427091 0.058647
vt 0.418383 0.062157
vt 0.444214 0.059776
vt 0.409200 0.061465
vt 0.417705 0.078428
vt 0.429047 0.077724
vt 0.406705 0.069545
vt 0.401509 0.073670
vt 0.401911 0.082042
vt 0.411355 0.088557
vt 0.418833 0.087160
vt 0.663602 0.865320
vt 0.683344 0.864855
vt 0.680115 0.875040
vt 0.665511 0.875320
vt 0.665162 0.854123
vt 0.659775 0.883492
vt 0.667919 0.889537
vt 0.657524 0.876116
vt 0.695960 0.874748
vt 0.669605 0.843829
vt 0.663543 0.838772
vt 0.673693 0.838221
vt 0.657483 0.893743
vt 0.652847 0.859888
vt 0.642173 0.880912
vt 0.640654 0.852063
vt 0.633627 0.860013
vt 0.629827 0.868424
vt 0.628629 0.878788
vt 0.636834 0.884245
vt 0.629524 0.887157
vt 0.645236 0.889886
vt 0.619715 0.863152
vt 0.159151 0.558472
vt 0.168423 0.574090
vt 0.143705 0.567232
vt 0.138543 0.575190
vt 0.148725 0.579647
vt 0.160611 0.590426
vt 0.173759 0.583400
vt 0.646169 0.702792
vt 0.640955 0.694514
vt 0.658507 0.717402
vt 0.644587 0.713575
vt 0.670561 0.731120
vt 0.678255 0.738392
vt 0.650343 0.717906
vt 0.014802 0.601937
vt 0.012018 0.614314
vt 0.667454 0.736746
vt 0.352133 0.062252
vt 0.345130 0.052186
vt 0.333173 0.067182
vt 0.341176 0.069926
vt 0.326504 0.057591
vt 0.353146 0.080484
vt 0.341079 0.081029
vt 0.329838 0.082194
vt 0.317928 0.070741
vt 0.262292 0.375005
vt 0.553258 0.271567
vt 0.545305 0.277501
vt 0.543702 0.257472
vt 0.536633 0.266881
vt 0.531094 0.291936
vt 0.527299 0.256224
vt 0.214400 0.469085
vt 0.213462 0.477885
vt 0.201594 0.480329
vt 0.210245 0.485870
vt 0.538296 0.249622
vt 0.223452 0.485572
vt 0.234707 0.498891
vt 0.206512 0.497315
vt 0.514209 0.271582
vt 0.860756 0.644715
vt 0.865766 0.654074
vt 0.872243 0.657260
vt 0.870975 0.663844
vt 0.661747 0.279608
vt 0.666596 0.293950
vt 0.640199 0.285041
vt 0.753858 0.225138
vt 0.743787 0.211535
vt 0.749599 0.234039
vt 0.756543 0.205196
vt 0.736421 0.221180
vt 0.734194 0.212493
vt 0.738019 0.194421
vt 0.755769 0.189426
vt 0.186266 0.576439
vt 0.197668 0.555013
vt 0.199153 0.568836
vt 0.207117 0.570956
vt 0.183839 0.556475
vt 0.100415 0.815261
vt 0.092610 0.804108
vt 0.089690 0.819106
vt 0.075550 0.813086
vt 0.074652 0.798369
vt 0.074021 0.789879
vt 0.061101 0.784598
vt 0.053237 0.800604
vt 0.052190 0.789438
vt 0.035897 0.820034
vt 0.040018 0.810574
vt 0.332878 0.714404
vt 0.331356 0.727174
vt 0.344416 0.733745
vt 0.755722 0.272196
vt 0.741944 0.263023
vt 0.748444 0.252158
vt 0.767859 0.262910
vt 0.764400 0.257761
vt 0.735573 0.239990
vt 0.322024 0.733451
vt 0.311193 0.731935
vt 0.659715 0.196769
vt 0.653633 0.194244
vt 0.639582 0.227475
vt 0.631410 0.251180
vt 0.632094 0.211034
vt 0.864152 0.748730
vt 0.080487 0.396907
vt 0.085972 0.397621
vt 0.645896 0.191269
vt 0.148962 0.387950
vt 0.117797 0.387900
vt 0.787739 0.873173
vt 0.771330 0.893935
vt 0.774470 0.905789
vt 0.780448 0.890002
vt 0.786005 0.894736
vt 0.171548 0.738814
vt 0.180955 0.731864
vt 0.183090 0.742364
vt 0.172210 0.728479
vt 0.183601 0.753596
vt 0.188130 0.759541
vt 0.163882 0.745105
vt 0.783269 0.903504
vt 0.781141 0.911779
vt 0.162809 0.728980
vt 0.164182 0.725321
vt 0.157081 0.720160
vt 0.155130 0.737805
vt 0.310183 0.692097
vt 0.300381 0.680638
vt 0.310870 0.717821
vt 0.291176 0.705910
vt 0.290697 0.714246
vt 0.285816 0.723448
vt 0.782368 0.249266
vt 0.069672 0.994316
vt 0.191315 0.511756
vt 0.191660 0.495139
vt 0.192608 0.479209
vt 0.179661 0.473153
vt 0.174227 0.493096
vt 0.209576 0.513521
vt 0.203264 0.506720
vt 0.163898 0.495407
vt 0.176427 0.476353
vt 0.614897 0.287260
vt 0.624475 0.270206
vt 0.594239 0.285109
vt 0.805091 0.508451
vt 0.796986 0.498469
vt 0.800318 0.482117
vt 0.831814 0.503740
vt 0.816642 0.496961
vt 0.817737 0.484298
vt 0.832738 0.484091
vt 0.649080 0.462563
vt 0.279058 0.070945
vt 0.285592 0.076364
vt 0.274879 0.081779
vt 0.276403 0.048871
vt 0.236370 0.327497
vt 0.232086 0.307423
vt 0.243811 0.301101
vt 0.236797 0.287390
vt 0.229864 0.294443
vt 0.223642 0.324685
vt 0.223053 0.287887
vt 0.221504 0.310292
vt 0.220857 0.283922
vt 0.340477 0.208313
vt 0.216168 0.314595
vt 0.333933 0.213398
vt 0.318049 0.214285
vt 0.213974 0.333721
vt 0.303291 0.218676
vt 0.307392 0.214125
vt 0.187674 0.446807
vt 0.177231 0.458984
vt 0.151118 0.461606
vt 0.164577 0.460648
vt 0.162827 0.471956
vt 0.615249 0.360595
vt 0.614933 0.345218
vt 0.610119 0.369082
vt 0.609086 0.385011
vt 0.601305 0.354477
vt 0.594597 0.373731
vt 0.591488 0.378483
vt 0.591210 0.364075
vt 0.620051 0.339394
vt 0.588680 0.351495
vt 0.573502 0.357574
vt 0.854122 0.529338
vt 0.854510 0.523411
vt 0.664611 0.414247
vt 0.659386 0.421662
vt 0.655637 0.406546
vt 0.659292 0.433311
vt 0.868350 0.546715
vt 0.857971 0.554548
vt 0.860560 0.542781
vt 0.856189 0.535809
vt 0.882466 0.551291
vt 0.665534 0.399582
vt 0.647997 0.397365
vt 0.668125 0.392589
vt 0.663584 0.379336
vt 0.664928 0.406216
vt 0.636725 0.398849
vt 0.647132 0.385552
vt 0.596015 0.396022
vt 0.586083 0.389458
vt 0.583435 0.383696
vt 0.575273 0.371852
vt 0.571647 0.384179
vt 0.565697 0.399794
vt 0.558851 0.374893
s 1
f 695/1/1 6/2/2 676/3/3
f 9/4/4 8/5/5 1775/6/6
f 237/7/7 1796/8/8 10/9/9
f 11/10/10 10/9/9 1796/8/8
f 1375/11/11 161/12/12 12/13/13
f 13/14/14 104/15/15 186/16/16
f 194/17/17 2656/18/18 40/19/19
f 14/20/20 613/21/21 658/22/22
f 16/23/23 58/24/24 15/25/25
f 56/26/26 18/27/27 1600/28/28
f 20/29/29 19/30/30 1214/31/31
f 21/32/32 182/33/33 1422/34/34
f 22/35/35 749/36/36 3329/37/37
f 23/38/38 3153/39/39 24/40/40
f 22/35/35 26/41/41 747/42/42
f 3431/43/43 1020/44/44 1021/45/45
f 28/46/46 30/47/47 29/48/48
f 29/48/48 3027/49/49 28/46/46
f 28/46/46 3027/49/49 30/47/47
f 32/50/50 33/51/51 31/52/52
f 1867/53/53 32/50/50 31/52/52
f 39/54/54 38/55/55 71/56/56
f 41/57/57 224/58/58 40/19/19
f 40/19/19 224/58/58 864/59/59
f 40/19/19 864/59/59 303/60/60
f 338/61/61 743/62/62 43/63/63
f 48/64/64 50/65/65 49/66/66
f 48/64/64 49/66/66 83/67/67
f 52/68/68 51/69/69 69/70/70
f 2/71/71 53/72/72 715/73/73
f 54/74/74 715/73/73 53/72/72
f 880/75/75 938/76/76 1150/77/77
f 58/24/24 986/78/78 47/79/79
f 986/78/78 46/80/80 47/79/79
f 2859/81/81 60/82/82 327/83/83
f 2859/81/81 59/84/84 60/82/82
f 2859/81/81 465/85/85 59/84/84
f 64/86/86 62/87/87 63/88/88
f 256/89/89 64/86/86 63/88/88
f 63/88/88 65/90/90 256/89/89
f 62/87/87 61/91/91 63/88/88
f 63/88/88 61/91/91 1458/92/92
f 63/88/88 1458/92/92 65/90/90
f 1479/93/93 67/94/94 66/95/95
f 2442/96/96 2441/97/97 70/98/98
f 69/70/70 68/99/99 2442/96/96
f 73/100/100 164/101/101 72/102/102
f 72/102/102 39/54/54 71/56/56
f 675/103/103 77/104/104 76/105/105
f 675/103/103 78/106/106 77/104/104
f 78/107/106 3366/108/107 77/109/104
f 81/110/108 222/111/109 2816/112/110
f 1632/113/111 222/111/109 81/110/108
f 2946/114/112 1273/115/113 3152/116/114
f 3152/116/114 1273/115/113 82/117/115
f 2946/114/112 107/118/116 1273/115/113
f 86/119/117 747/42/42 26/41/41
f 86/119/117 757/120/118 85/121/119
f 333/122/120 1030/123/121 87/124/122
f 87/124/122 1030/123/121 904/125/123
f 90/126/124 2342/127/125 88/128/126
f 1330/129/127 91/130/128 92/131/129
f 91/130/128 3431/43/43 1021/45/45
f 1021/45/45 92/131/129 91/130/128
f 2342/127/125 1952/132/130 73/100/100
f 2342/127/125 73/100/100 88/128/126
f 96/133/131 3051/134/132 93/135/133
f 2747/136/134 97/137/135 94/138/136
f 97/137/135 96/133/131 94/138/136
f 93/135/133 94/138/136 96/133/131
f 94/138/136 93/135/133 95/139/137
f 3047/140/138 95/139/137 93/135/133
f 98/141/139 648/142/140 843/143/141
f 823/144/142 98/145/139 822/146/143
f 109/147/144 822/148/143 98/141/139
f 98/141/139 882/149/145 109/147/144
f 1508/150/146 99/151/147 1507/152/148
f 101/153/149 99/151/147 100/154/150
f 99/151/147 733/155/151 17/156/152
f 102/157/153 103/158/154 185/159/155
f 13/14/14 105/160/156 104/15/15
f 13/14/14 156/161/157 105/160/156
f 102/157/153 104/15/15 105/160/156
f 105/160/156 154/162/158 102/157/153
f 106/163/159 2946/114/112 2945/164/160
f 2946/114/112 106/163/159 107/118/116
f 1225/165/161 604/166/162 108/167/163
f 111/168/164 3306/169/165 112/170/166
f 114/171/167 88/128/126 89/172/168
f 114/171/167 89/172/168 113/173/169
f 116/174/170 117/175/171 115/176/172
f 481/177/173 950/178/174 119/179/175
f 144/180/176 123/181/177 122/182/178
f 907/183/179 120/184/180 122/182/178
f 120/184/180 3173/185/181 3170/186/182
f 122/182/178 121/187/183 453/188/184
f 122/182/178 120/184/180 121/187/183
f 121/187/183 120/184/180 3170/186/182
f 490/189/185 491/190/186 126/191/187
f 490/189/185 126/191/187 124/192/188
f 124/192/188 126/191/187 125/193/189
f 88/128/126 73/100/100 89/172/168
f 89/172/168 73/100/100 390/194/190
f 113/173/169 89/172/168 390/194/190
f 73/100/100 72/102/102 390/194/190
f 1782/195/191 129/196/192 130/197/193
f 129/198/192 1782/199/191 127/200/194
f 129/198/192 128/201/195 131/202/196
f 129/198/192 127/200/194 128/201/195
f 133/203/197 132/204/198 134/205/199
f 132/204/198 133/203/197 470/206/200
f 138/207/201 137/208/202 2968/209/203
f 137/208/202 136/210/204 2968/209/203
f 141/211/205 35/212/206 140/213/207
f 35/212/206 141/211/205 139/214/208
f 35/212/206 139/214/208 34/215/209
f 139/214/208 143/216/210 142/217/211
f 142/217/211 34/215/209 139/214/208
f 149/218/212 145/219/213 2758/220/214
f 2758/220/214 145/219/213 148/221/215
f 147/222/216 145/219/213 149/218/212
f 457/223/217 148/221/215 456/224/218
f 145/219/213 146/225/219 148/221/215
f 148/221/215 146/225/219 456/224/218
f 145/219/213 147/222/216 144/180/176
f 145/219/213 122/182/178 146/225/219
f 144/180/176 122/182/178 145/219/213
f 146/225/219 122/182/178 456/224/218
f 150/226/220 2507/227/221 2667/228/222
f 1737/229/223 1559/230/224 150/226/220
f 528/231/225 1/232/226 151/233/227
f 756/234/228 151/233/227 1/232/226
f 1653/235/229 2064/236/230 3416/237/231
f 3416/237/231 2064/236/230 2949/238/232
f 156/161/157 13/14/14 44/239/233
f 156/161/157 154/162/158 105/160/156
f 156/161/157 44/239/233 155/240/234
f 156/161/157 155/240/234 154/162/158
f 154/162/158 155/240/234 153/241/235
f 153/241/235 206/242/236 154/162/158
f 668/243/237 157/244/238 1835/245/239
f 157/244/238 158/246/240 1835/245/239
f 1377/247/241 160/248/242 161/12/12
f 160/249/242 159/250/243 161/251/12
f 73/100/100 165/252/244 164/101/101
f 162/253/245 164/101/101 165/252/244
f 163/254/246 162/253/245 165/252/244
f 163/254/246 1950/255/247 162/253/245
f 164/101/101 162/253/245 39/54/54
f 164/101/101 39/54/54 72/102/102
f 1037/256/248 3130/257/249 168/258/250
f 167/259/251 1358/260/252 168/258/250
f 167/259/251 168/258/250 1252/261/253
f 170/262/254 169/263/255 106/163/159
f 642/264/256 742/265/257 173/266/258
f 53/72/72 642/264/256 173/266/258
f 171/267/259 173/266/258 172/268/260
f 172/268/260 173/266/258 742/265/257
f 175/269/261 3048/270/262 174/271/263
f 181/272/264 180/273/265 179/274/266
f 180/275/265 1301/276/267 179/277/266
f 182/33/33 111/168/164 112/170/166
f 182/33/33 1504/278/268 111/168/164
f 351/279/269 111/168/164 1504/278/268
f 404/280/270 3128/281/271 184/282/272
f 184/282/272 3128/281/271 183/283/273
f 186/16/16 104/15/15 185/159/155
f 305/284/274 188/285/275 187/286/276
f 186/16/16 185/159/155 188/287/275
f 188/287/275 185/159/155 187/288/276
f 280/289/277 185/159/155 103/158/154
f 185/159/155 280/289/277 2727/290/278
f 185/159/155 104/15/15 102/157/153
f 2564/291/279 189/292/280 190/293/281
f 194/17/17 40/19/19 192/294/282
f 192/294/282 193/295/283 194/17/17
f 40/19/19 303/60/60 192/294/282
f 316/296/284 195/297/285 2906/298/286
f 196/299/287 195/297/285 316/296/284
f 1064/300/288 1220/301/289 45/302/290
f 45/302/290 197/303/291 1064/300/288
f 3309/304/292 198/305/293 200/306/294
f 199/307/295 200/306/294 198/305/293
f 3219/308/296 199/307/295 198/305/293
f 198/305/293 2451/309/297 3219/308/296
f 798/310/298 796/311/299 797/312/300
f 3176/313/301 203/314/302 3175/315/303
f 3175/315/303 203/314/302 202/316/304
f 3175/315/303 202/316/304 1177/317/305
f 278/318/306 154/162/158 206/242/236
f 206/242/236 205/319/307 276/320/308
f 206/242/236 204/321/309 205/319/307
f 153/241/235 204/321/309 206/242/236
f 153/322/235 1118/323/310 204/324/309
f 204/324/309 1120/325/311 320/326/312
f 3179/327/313 321/328/314 207/329/315
f 207/329/315 203/314/302 3178/330/316
f 212/331/317 208/332/318 214/333/319
f 212/334/317 211/335/320 208/336/318
f 214/333/319 209/337/321 213/338/322
f 209/337/321 211/339/320 213/338/322
f 209/340/321 2676/341/323 211/335/320
f 211/339/320 212/331/317 213/338/322
f 216/342/324 621/343/325 1842/344/326
f 621/343/325 2326/345/327 2327/346/328
f 216/342/324 2326/345/327 621/343/325
f 1842/347/326 215/348/329 216/349/324
f 1947/350/330 217/351/331 858/352/332
f 217/351/331 81/110/108 218/353/333
f 1944/354/334 81/110/108 217/351/331
f 1467/355/335 219/356/336 1421/357/337
f 2535/358/338 1356/359/339 219/356/336
f 1356/359/339 2535/358/338 1357/360/340
f 709/361/341 714/362/342 222/111/109
f 223/363/343 221/364/344 1629/365/345
f 228/366/346 1579/367/347 226/368/348
f 227/369/349 229/370/350 228/366/346
f 227/369/349 228/366/346 226/368/348
f 226/368/348 294/371/351 227/369/349
f 272/372/352 226/368/348 1579/367/347
f 515/373/353 233/374/354 557/375/355
f 557/375/355 233/374/354 232/376/356
f 234/377/357 232/376/356 233/374/354
f 267/378/358 233/379/354 515/380/353
f 266/381/359 231/382/360 233/379/354
f 36/383/361 235/384/362 948/385/363
f 235/384/362 604/166/162 1225/165/161
f 1225/165/161 236/386/364 235/384/362
f 236/386/364 1338/387/365 235/384/362
f 235/384/362 1338/387/365 948/385/363
f 1338/387/365 946/388/366 948/385/363
f 2210/389/367 3363/390/368 1536/391/369
f 2210/392/367 237/7/7 3363/393/368
f 1793/394/370 2210/392/367 2208/395/371
f 2210/392/367 1793/394/370 237/7/7
f 1590/396/372 3310/397/373 1589/398/374
f 1141/399/375 3310/397/373 1590/396/372
f 162/253/245 1950/255/247 38/55/55
f 1950/255/247 238/400/376 38/55/55
f 162/253/245 38/55/55 39/54/54
f 1948/401/377 238/400/376 1950/255/247
f 329/402/378 328/403/379 238/400/376
f 238/400/376 328/403/379 37/404/380
f 238/400/376 37/404/380 38/55/55
f 241/405/381 239/406/382 240/407/383
f 179/408/266 239/409/382 241/410/381
f 242/411/384 243/412/385 244/413/386
f 243/412/385 224/58/58 41/57/57
f 224/58/58 243/412/385 242/411/384
f 245/414/387 1247/415/388 246/416/389
f 2998/417/390 245/414/387 246/416/389
f 1246/418/391 245/414/387 888/419/392
f 255/420/393 254/421/394 1984/422/395
f 255/420/393 251/423/396 254/421/394
f 1984/424/395 254/425/394 252/426/397
f 249/427/398 247/428/399 254/425/394
f 247/428/399 252/426/397 254/425/394
f 255/420/393 253/429/400 251/423/396
f 251/430/396 249/427/398 254/425/394
f 248/431/401 247/428/399 249/427/398
f 249/427/398 251/430/396 248/431/401
f 247/428/399 248/431/401 510/432/402
f 247/428/399 509/433/403 252/426/397
f 261/434/404 260/435/405 263/436/406
f 260/435/405 261/434/404 258/437/407
f 264/438/408 256/89/89 261/434/404
f 256/89/89 258/437/407 261/434/404
f 261/434/404 263/436/406 264/438/408
f 263/436/406 260/435/405 265/439/409
f 260/435/405 262/440/410 265/439/409
f 262/440/410 2002/441/411 265/439/409
f 262/440/410 260/435/405 259/442/412
f 258/437/407 256/89/89 65/90/90
f 258/437/407 257/443/413 260/435/405
f 65/90/90 257/443/413 258/437/407
f 260/435/405 257/443/413 259/442/412
f 267/378/358 266/381/359 233/379/354
f 271/444/414 272/372/352 270/445/415
f 271/444/414 270/445/415 269/446/416
f 269/446/416 1625/447/417 271/444/414
f 269/446/416 694/448/418 1623/449/419
f 275/450/420 273/451/421 274/452/422
f 40/19/19 2656/18/18 274/452/422
f 41/57/57 40/19/19 274/452/422
f 273/451/421 243/412/385 41/57/57
f 41/57/57 274/452/422 273/451/421
f 103/158/154 277/453/423 280/289/277
f 280/289/277 277/453/423 279/454/424
f 103/158/154 278/318/306 277/453/423
f 277/453/423 427/455/425 429/456/426
f 427/455/425 277/453/423 276/320/308
f 103/158/154 102/157/153 278/318/306
f 154/162/158 278/318/306 102/157/153
f 278/318/306 276/320/308 277/453/423
f 206/242/236 276/320/308 278/318/306
f 283/457/427 356/458/428 285/459/429
f 281/460/430 285/459/429 356/458/428
f 285/459/429 281/460/430 284/461/431
f 281/462/430 355/463/432 282/464/433
f 281/462/430 282/464/433 284/465/431
f 286/466/434 287/467/435 289/468/436
f 214/333/319 287/467/435 286/466/434
f 2000/469/437 287/467/435 288/470/438
f 288/470/438 287/467/435 3025/471/439
f 289/468/436 287/467/435 291/472/440
f 287/467/435 214/333/319 3025/471/439
f 213/338/322 212/331/317 214/333/319
f 3025/471/439 214/333/319 3022/473/441
f 208/332/318 3022/473/441 214/333/319
f 290/474/442 286/466/434 289/468/436
f 294/371/351 295/475/443 14/20/20
f 294/371/351 293/476/444 295/475/443
f 292/477/445 293/476/444 294/371/351
f 52/68/68 297/478/446 681/479/447
f 1105/480/448 298/481/449 813/482/450
f 544/483/451 813/482/450 296/484/452
f 544/483/451 296/484/452 681/479/447
f 296/484/452 52/68/68 681/479/447
f 300/485/453 192/294/282 303/60/60
f 300/485/453 193/295/283 192/294/282
f 301/486/454 302/487/455 300/485/453
f 303/60/60 541/488/456 301/486/454
f 300/485/453 303/60/60 301/486/454
f 193/295/283 300/485/453 304/489/457
f 312/490/458 309/491/459 1800/492/460
f 309/491/459 307/493/461 1800/492/460
f 308/494/462 305/284/274 309/491/459
f 305/284/274 307/493/461 309/491/459
f 305/495/274 186/16/16 188/287/275
f 306/496/463 308/494/462 310/497/464
f 311/498/465 306/496/463 310/497/464
f 13/14/14 186/16/16 305/495/274
f 306/496/463 305/284/274 308/494/462
f 305/495/274 306/499/463 13/14/14
f 313/500/466 314/501/467 315/502/468
f 1523/503/469 1548/504/470 313/500/466
f 318/505/471 316/296/284 319/506/472
f 318/505/471 317/507/473 316/296/284
f 317/507/473 196/299/287 316/296/284
f 244/413/386 205/319/307 320/508/312
f 205/319/307 204/321/309 320/508/312
f 320/508/312 242/411/384 244/413/386
f 320/326/312 1160/509/474 242/510/384
f 1244/511/475 323/512/476 324/513/477
f 321/328/314 323/512/476 322/514/478
f 588/515/479 1725/516/480 325/517/481
f 325/517/481 1725/516/480 2434/518/482
f 329/402/378 326/519/483 328/403/379
f 327/520/83 326/519/483 329/402/378
f 327/83/83 60/82/82 326/521/483
f 328/403/379 27/522/484 37/404/380
f 326/521/483 27/523/484 328/524/379
f 326/521/483 60/82/82 59/84/84
f 27/523/484 326/521/483 59/84/84
f 330/525/485 332/526/486 331/527/487
f 335/528/488 338/61/61 336/529/489
f 336/529/489 333/530/120 335/528/488
f 334/531/490 333/530/120 337/532/491
f 337/532/491 333/530/120 336/529/489
f 342/533/492 341/534/493 340/535/494
f 343/536/495 341/534/493 342/533/492
f 1854/537/496 339/538/497 340/535/494
f 340/535/494 1369/539/498 342/533/492
f 340/535/494 339/538/497 1369/539/498
f 285/459/429 347/540/499 348/541/500
f 347/540/499 285/459/429 284/461/431
f 347/542/499 284/465/431 734/543/501
f 111/168/164 351/279/269 352/544/502
f 351/279/269 350/545/503 352/544/502
f 350/545/503 351/279/269 349/546/504
f 350/545/503 349/546/504 3450/547/505
f 353/548/506 272/372/352 354/549/507
f 353/548/506 6/2/2 272/372/352
f 270/445/415 272/372/352 6/2/2
f 355/463/432 461/550/508 282/464/433
f 2954/551/509 356/458/428 283/457/427
f 356/552/428 3141/553/510 355/463/432
f 281/462/430 356/554/428 355/463/432
f 360/555/511 363/556/512 2251/557/513
f 360/555/511 361/558/514 363/556/512
f 364/559/515 361/558/514 362/560/516
f 359/561/517 362/560/516 361/558/514
f 358/562/518 361/558/514 360/555/511
f 358/562/518 359/561/517 361/558/514
f 1459/563/519 366/564/520 368/565/521
f 2302/566/522 365/567/523 1459/563/519
f 1459/563/519 365/567/523 366/564/520
f 368/568/521 366/569/520 367/570/524
f 367/570/524 366/569/520 286/466/434
f 286/466/434 366/569/520 209/337/321
f 286/466/434 209/337/321 214/333/319
f 209/340/321 366/564/520 210/571/525
f 366/564/520 365/567/523 210/571/525
f 372/572/526 371/573/527 370/574/528
f 370/574/528 3468/575/529 372/572/526
f 371/573/527 369/576/530 370/574/528
f 369/576/530 3497/577/531 370/574/528
f 744/578/532 743/62/62 375/579/533
f 743/62/62 374/580/534 375/579/533
f 374/580/534 492/581/535 1043/582/536
f 684/583/537 379/584/538 378/585/539
f 378/585/539 379/584/538 377/586/540
f 379/584/538 765/587/541 377/586/540
f 377/586/540 376/588/542 391/589/543
f 377/586/540 765/587/541 376/588/542
f 384/590/544 381/591/545 383/592/546
f 384/590/544 385/593/547 539/594/548
f 384/590/544 383/592/546 385/593/547
f 534/595/549 382/596/550 384/590/544
f 382/596/550 380/597/551 384/590/544
f 384/590/544 380/597/551 381/591/545
f 1546/598/552 383/592/546 381/591/545
f 381/591/545 380/597/551 1545/599/553
f 387/600/554 572/601/555 389/602/556
f 72/102/102 387/603/554 390/194/190
f 389/602/556 390/604/190 387/600/554
f 71/56/56 781/605/557 387/603/554
f 72/102/102 71/56/56 387/603/554
f 387/603/554 781/605/557 386/606/558
f 388/607/559 572/601/555 387/600/554
f 386/608/558 388/607/559 387/600/554
f 396/609/560 393/610/561 397/611/562
f 395/612/563 397/611/562 393/610/561
f 392/613/564 393/610/561 396/609/560
f 378/585/539 377/586/540 392/613/564
f 393/610/561 392/613/564 550/614/565
f 377/586/540 391/589/543 392/613/564
f 400/615/566 399/616/567 398/617/568
f 398/617/568 399/616/567 80/618/569
f 272/372/352 401/619/570 226/368/348
f 401/619/570 272/372/352 271/444/414
f 271/444/414 1626/620/571 401/619/570
f 14/20/20 227/369/349 294/371/351
f 226/368/348 401/619/570 294/371/351
f 292/477/445 294/371/351 401/619/570
f 406/621/572 407/622/573 403/623/574
f 407/622/573 849/624/575 403/623/574
f 403/623/574 402/625/576 405/626/577
f 406/621/572 403/623/574 405/626/577
f 3127/627/578 402/625/576 403/623/574
f 406/621/572 405/626/577 408/628/579
f 405/626/577 404/280/270 408/628/579
f 1046/629/580 408/628/579 404/280/270
f 404/280/270 405/626/577 3128/281/271
f 402/625/576 3128/281/271 405/626/577
f 397/611/562 412/630/581 411/631/582
f 412/630/581 397/611/562 410/632/583
f 411/631/582 409/633/584 397/611/562
f 409/633/584 411/631/582 506/634/585
f 409/633/584 396/609/560 397/611/562
f 409/633/584 378/585/539 396/609/560
f 378/585/539 392/613/564 396/609/560
f 571/635/586 414/636/587 3007/637/588
f 414/636/587 571/635/586 388/607/559
f 388/607/559 386/608/558 414/636/587
f 414/636/587 1381/638/589 3007/637/588
f 780/639/590 1381/638/589 414/636/587
f 420/640/591 417/641/592 1802/642/593
f 417/641/592 1801/643/594 1802/642/593
f 417/641/592 416/644/595 1801/643/594
f 1804/645/596 422/646/597 421/647/598
f 1802/642/593 421/647/598 420/640/591
f 417/641/592 420/640/591 418/648/599
f 420/640/591 421/647/598 418/648/599
f 1801/643/594 309/491/459 312/490/458
f 309/491/459 1801/643/594 416/644/595
f 418/648/599 415/649/600 417/641/592
f 417/641/592 415/649/600 416/644/595
f 418/648/599 419/650/601 415/649/600
f 416/644/595 310/497/464 309/491/459
f 309/491/459 310/497/464 308/494/462
f 416/644/595 415/649/600 310/497/464
f 415/649/600 311/498/465 310/497/464
f 380/597/551 425/651/602 424/652/603
f 424/652/603 1545/599/553 380/597/551
f 517/653/604 424/652/603 425/651/602
f 426/654/605 428/655/606 429/456/426
f 426/654/605 429/456/426 427/455/425
f 426/654/605 275/450/420 2663/656/607
f 276/320/308 205/319/307 427/455/425
f 205/319/307 244/413/386 427/455/425
f 426/654/605 273/451/421 275/450/420
f 244/413/386 273/451/421 426/654/605
f 427/455/425 244/413/386 426/654/605
f 244/413/386 243/412/385 273/451/421
f 2813/657/608 433/658/609 435/659/610
f 433/658/609 434/660/611 435/659/610
f 433/658/609 431/661/612 432/662/613
f 2807/663/614 1317/664/615 430/665/616
f 431/661/612 433/658/609 430/665/616
f 433/658/609 432/662/613 434/660/611
f 432/662/613 2117/666/617 2119/667/618
f 432/662/613 431/661/612 2117/666/617
f 752/668/619 816/669/620 25/670/621
f 816/669/620 752/668/619 750/671/622
f 259/672/412 436/673/623 262/674/410
f 368/675/521 259/442/412 257/443/413
f 368/568/521 436/673/623 259/672/412
f 2002/676/411 262/674/410 436/673/623
f 436/673/623 367/570/524 286/466/434
f 436/673/623 286/466/434 290/474/442
f 368/568/521 367/570/524 436/673/623
f 438/677/624 437/678/625 594/679/626
f 957/680/627 437/678/625 439/681/628
f 437/678/625 957/680/627 593/682/629
f 442/683/630 971/684/631 3187/685/632
f 441/686/633 442/683/630 440/687/634
f 444/688/635 440/687/634 442/683/630
f 440/687/634 970/689/636 441/686/633
f 447/690/637 445/691/638 446/692/639
f 447/690/637 173/266/258 445/691/638
f 173/266/258 171/267/259 445/691/638
f 31/52/52 54/74/74 447/690/637
f 1867/53/53 31/52/52 446/692/639
f 31/52/52 447/690/637 446/692/639
f 447/690/637 54/74/74 53/72/72
f 447/690/637 53/72/72 173/266/258
f 2133/693/640 2923/694/641 2471/695/642
f 2133/693/640 3186/696/643 449/697/644
f 3186/696/643 451/698/645 449/697/644
f 3186/696/643 2133/693/640 2471/695/642
f 451/698/645 450/699/646 449/697/644
f 450/699/646 451/698/645 3182/700/647
f 3182/700/647 452/701/648 450/699/646
f 449/697/644 448/702/649 2132/703/650
f 449/697/644 450/699/646 448/702/649
f 2892/704/651 457/223/217 456/224/218
f 456/224/218 454/705/652 2892/704/651
f 454/705/652 456/224/218 122/182/178
f 122/182/178 453/188/184 454/705/652
f 454/705/652 453/188/184 1404/706/653
f 454/705/652 1404/706/653 455/707/654
f 461/550/508 462/708/655 282/464/433
f 461/550/508 3433/709/656 460/710/657
f 91/130/128 1330/129/127 462/708/655
f 462/708/655 461/550/508 91/130/128
f 461/550/508 460/710/657 91/130/128
f 460/710/657 3431/43/43 91/130/128
f 3433/709/656 461/550/508 355/463/432
f 465/85/85 464/711/658 59/84/84
f 1707/712/659 464/711/658 465/85/85
f 464/711/658 463/713/660 59/84/84
f 1707/712/659 463/713/660 464/711/658
f 318/505/471 467/714/661 317/507/473
f 317/507/473 467/714/661 466/715/662
f 769/716/663 196/299/287 317/507/473
f 317/507/473 466/715/662 769/716/663
f 573/717/664 3009/718/665 2912/719/666
f 389/602/556 572/601/555 469/720/667
f 470/206/200 469/720/667 2912/719/666
f 473/721/668 474/722/669 472/723/670
f 480/724/671 3087/725/672 479/726/673
f 479/726/673 3087/725/672 475/727/674
f 480/724/671 479/726/673 478/728/675
f 486/729/676 3087/725/672 480/724/671
f 479/726/673 477/730/677 478/728/675
f 479/726/673 837/731/678 477/730/677
f 477/730/677 837/731/678 476/732/679
f 476/732/679 837/731/678 834/733/680
f 478/728/675 477/730/677 476/732/679
f 482/734/681 481/735/173 119/736/175
f 486/729/676 480/724/671 478/728/675
f 485/737/682 484/738/683 147/222/216
f 485/737/682 147/222/216 487/739/684
f 149/218/212 487/739/684 147/222/216
f 3088/740/685 486/729/676 485/737/682
f 486/729/676 478/728/675 485/737/682
f 484/738/683 485/737/682 478/728/675
f 484/738/683 478/728/675 5/741/686
f 5/741/686 147/222/216 484/738/683
f 5/741/686 478/728/675 476/732/679
f 147/222/216 5/741/686 909/742/687
f 909/742/687 144/180/176 147/222/216
f 1137/743/688 489/744/689 488/745/690
f 489/744/689 852/746/691 491/190/186
f 489/744/689 491/190/186 490/189/185
f 490/189/185 488/745/690 489/744/689
f 124/192/188 488/745/690 490/189/185
f 374/580/534 373/747/692 492/581/535
f 373/747/692 846/748/693 492/581/535
f 493/749/694 846/748/693 373/747/692
f 1041/750/695 846/748/693 844/751/696
f 466/715/662 497/752/697 769/716/663
f 496/753/698 497/752/697 495/754/699
f 3006/755/700 494/756/701 495/754/699
f 494/756/701 496/753/698 495/754/699
f 349/546/504 351/279/269 1504/278/268
f 498/757/702 3450/547/505 349/546/504
f 349/546/504 499/758/703 498/757/702
f 176/759/704 498/760/702 499/761/703
f 503/762/705 501/763/706 505/764/707
f 505/764/707 501/763/706 502/765/708
f 501/763/706 2073/766/709 502/765/708
f 504/767/710 502/765/708 500/768/711
f 1324/769/712 504/767/710 500/768/711
f 1324/769/712 500/768/711 925/770/713
f 502/765/708 504/767/710 505/764/707
f 502/765/708 2073/766/709 500/768/711
f 509/433/403 250/771/714 252/426/397
f 250/771/714 509/433/403 511/772/715
f 247/428/399 507/773/716 509/433/403
f 511/772/715 411/631/582 412/630/581
f 511/772/715 509/433/403 411/631/582
f 509/433/403 507/773/716 411/631/582
f 510/432/402 507/773/716 247/428/399
f 510/432/402 508/774/717 507/773/716
f 506/634/585 411/631/582 507/773/716
f 508/774/717 506/634/585 507/773/716
f 409/633/584 506/634/585 508/774/717
f 409/633/584 508/774/717 626/775/718
f 514/776/719 513/777/720 515/373/353
f 267/378/358 513/778/720 512/779/721
f 513/778/720 267/378/358 515/380/353
f 400/615/566 949/780/722 399/616/567
f 399/781/567 1042/782/723 80/783/569
f 1042/782/723 845/784/724 80/783/569
f 423/785/725 3049/786/726 175/269/261
f 175/269/261 3049/786/726 3048/270/262
f 3047/140/138 517/653/604 95/139/137
f 517/653/604 3047/140/138 3049/786/726
f 3049/786/726 424/652/603 517/653/604
f 3049/786/726 423/785/725 424/652/603
f 518/787/727 521/788/728 520/789/729
f 22/35/35 521/788/728 518/787/727
f 520/789/729 519/790/730 518/787/727
f 759/791/731 22/35/35 518/787/727
f 757/120/118 26/41/41 759/791/731
f 759/791/731 26/41/41 22/35/35
f 736/792/732 1002/793/733 523/794/734
f 1040/795/735 79/796/736 1038/797/737
f 525/798/738 1038/797/737 79/796/736
f 530/799/739 528/231/225 151/233/227
f 530/800/739 529/801/740 528/802/225
f 503/762/705 505/764/707 529/801/740
f 529/801/740 505/764/707 528/802/225
f 528/231/225 504/803/710 527/804/741
f 527/804/741 1/232/226 528/231/225
f 504/767/710 528/802/225 505/764/707
f 527/805/741 504/767/710 1324/769/712
f 2703/806/742 531/807/743 532/808/744
f 2703/806/742 459/809/745 531/807/743
f 338/61/61 335/528/488 743/62/62
f 743/62/62 335/528/488 533/810/746
f 333/530/120 87/811/122 335/528/488
f 87/811/122 373/747/692 533/810/746
f 373/747/692 87/811/122 493/749/694
f 533/810/746 335/528/488 87/811/122
f 537/812/747 536/813/748 538/814/749
f 537/812/747 535/815/750 382/596/550
f 535/815/750 1769/816/751 382/596/550
f 539/594/548 538/814/749 536/813/748
f 536/813/748 384/590/544 539/594/548
f 536/813/748 534/595/549 384/590/544
f 382/596/550 534/595/549 536/813/748
f 537/812/747 382/596/550 536/813/748
f 537/812/747 538/814/749 540/817/752
f 542/818/753 302/487/455 301/486/454
f 407/622/573 406/621/572 542/818/753
f 301/486/454 541/488/456 542/818/753
f 542/818/753 541/488/456 407/622/573
f 851/819/754 407/820/573 541/821/456
f 406/621/572 408/628/579 542/818/753
f 1105/480/448 813/482/450 544/483/451
f 544/822/451 354/549/507 1105/823/448
f 544/822/451 353/548/506 354/549/507
f 681/824/447 6/2/2 544/822/451
f 544/822/451 6/2/2 353/548/506
f 546/825/755 551/826/756 550/614/565
f 550/614/565 547/827/757 546/825/755
f 547/827/757 545/828/758 546/825/755
f 551/826/756 552/829/759 550/614/565
f 393/610/561 550/614/565 552/829/759
f 549/830/760 552/829/759 548/831/761
f 551/826/756 548/831/761 552/829/759
f 551/826/756 546/825/755 548/831/761
f 391/589/543 550/614/565 392/613/564
f 391/589/543 547/827/757 550/614/565
f 554/832/762 2944/833/763 911/834/764
f 554/832/762 553/835/765 2943/836/766
f 555/837/767 701/838/768 553/835/765
f 553/835/765 101/839/149 100/840/150
f 556/841/769 3326/842/770 579/843/771
f 42/844/772 557/375/355 579/843/771
f 557/375/355 556/841/769 579/843/771
f 557/375/355 232/376/356 556/841/769
f 563/845/773 562/846/774 561/847/775
f 561/847/775 558/848/776 774/849/777
f 559/850/778 558/848/776 561/847/775
f 562/846/774 559/850/778 561/847/775
f 565/851/779 564/852/780 562/846/774
f 564/852/780 560/853/781 562/846/774
f 560/853/781 559/850/778 562/846/774
f 569/854/782 568/855/783 566/856/784
f 566/856/784 567/857/785 569/854/782
f 1084/858/786 567/857/785 566/856/784
f 570/859/787 566/856/784 568/855/783
f 2912/719/666 469/720/667 573/717/664
f 572/601/555 573/717/664 469/720/667
f 572/601/555 571/635/586 573/717/664
f 571/635/586 572/601/555 388/607/559
f 491/190/186 115/176/172 126/191/187
f 117/175/171 574/860/788 115/176/172
f 126/191/187 115/176/172 574/860/788
f 576/861/789 117/175/171 118/862/790
f 578/863/791 576/861/789 118/862/790
f 578/863/791 577/864/792 576/861/789
f 118/862/790 579/843/771 578/863/791
f 578/863/791 3325/865/793 577/864/792
f 576/861/789 577/864/792 575/866/794
f 576/861/789 575/866/794 574/860/788
f 117/175/171 576/861/789 574/860/788
f 580/867/795 472/723/670 581/868/796
f 474/722/669 581/868/796 472/723/670
f 1022/869/797 581/868/796 474/722/669
f 580/867/795 581/868/796 385/593/547
f 385/593/547 581/868/796 539/594/548
f 472/723/670 580/867/795 1167/870/798
f 472/723/670 1167/870/798 1525/871/799
f 580/867/795 385/593/547 383/592/546
f 580/867/795 383/592/546 1167/870/798
f 587/872/800 2717/873/801 586/874/802
f 584/875/803 1110/876/804 628/877/805
f 583/878/806 1110/879/804 584/880/803
f 1110/879/804 582/881/807 1111/882/808
f 591/883/809 1729/884/810 588/515/479
f 590/885/811 588/515/479 589/886/812
f 325/517/481 589/886/812 588/515/479
f 590/885/811 68/99/99 69/70/70
f 589/886/812 2436/887/813 68/99/99
f 68/99/99 590/885/811 589/886/812
f 588/515/479 590/885/811 591/883/809
f 51/69/69 590/885/811 69/70/70
f 51/69/69 591/883/809 590/885/811
f 3/888/814 591/883/809 51/69/69
f 438/677/624 594/679/626 595/889/815
f 594/679/626 592/890/816 595/889/815
f 594/679/626 593/682/629 592/890/816
f 437/678/625 593/682/629 594/679/626
f 778/891/817 592/890/816 593/682/629
f 2968/209/203 593/682/629 138/207/201
f 348/892/500 600/893/818 1676/894/819
f 348/892/500 597/895/820 600/893/818
f 347/896/499 597/895/820 348/892/500
f 596/897/821 599/898/822 598/899/823
f 600/893/818 597/895/820 598/899/823
f 598/899/823 597/895/820 596/897/821
f 597/895/820 347/896/499 596/897/821
f 596/897/821 347/896/499 861/900/824
f 603/901/825 601/902/826 602/903/827
f 235/904/362 601/902/826 603/901/825
f 36/905/361 601/902/826 235/904/362
f 604/166/162 235/384/362 603/906/825
f 606/907/828 181/272/264 34/215/209
f 606/907/828 34/215/209 142/217/211
f 606/907/828 180/273/265 181/272/264
f 720/908/829 605/909/830 606/910/828
f 180/275/265 606/910/828 605/909/830
f 438/677/624 180/275/265 605/909/830
f 913/911/831 607/912/832 608/913/833
f 912/914/834 607/912/832 913/911/831
f 703/915/835 913/911/831 609/916/836
f 23/38/38 608/913/833 607/912/832
f 608/913/833 23/38/38 609/916/836
f 609/916/836 913/911/831 608/913/833
f 113/917/169 611/918/837 612/919/838
f 113/917/169 610/920/839 611/918/837
f 113/917/169 390/604/190 610/920/839
f 133/203/197 3311/921/840 611/918/837
f 611/918/837 610/920/839 133/203/197
f 133/203/197 610/920/839 470/206/200
f 610/920/839 471/922/841 470/206/200
f 613/21/21 14/20/20 295/475/443
f 613/21/21 295/475/443 614/923/842
f 613/21/21 614/923/842 3474/924/843
f 615/925/844 616/926/845 614/923/842
f 369/576/530 615/925/844 614/923/842
f 369/576/530 614/923/842 295/475/443
f 615/925/844 369/576/530 371/573/527
f 293/476/444 369/576/530 295/475/443
f 617/927/846 141/211/205 140/213/207
f 618/928/847 141/211/205 617/927/846
f 620/929/848 143/216/210 141/211/205
f 140/213/207 35/212/206 617/927/846
f 141/211/205 143/216/210 139/214/208
f 619/930/849 7/931/850 143/216/210
f 610/920/839 389/602/556 471/922/841
f 390/604/190 389/602/556 610/920/839
f 471/922/841 389/602/556 469/720/667
f 470/206/200 471/922/841 469/720/667
f 3107/932/851 2331/933/852 624/934/853
f 3107/932/851 623/935/854 2331/933/852
f 621/343/325 2327/346/328 622/936/855
f 508/774/717 628/877/805 627/937/856
f 627/937/856 628/877/805 625/938/857
f 627/937/856 626/775/718 508/774/717
f 627/937/856 625/938/857 626/775/718
f 625/938/857 684/583/537 626/775/718
f 625/938/857 1109/939/858 685/940/859
f 686/941/860 685/940/859 1109/939/858
f 632/942/861 246/416/389 629/943/862
f 632/942/861 630/944/863 246/416/389
f 632/942/861 629/943/862 631/945/864
f 629/943/862 246/416/389 1249/946/865
f 246/416/389 630/944/863 1210/947/866
f 629/943/862 1722/948/867 631/945/864
f 1214/31/31 630/944/863 632/942/861
f 633/949/868 634/950/869 3065/951/870
f 634/950/869 633/949/868 635/952/871
f 633/949/868 3065/951/870 642/264/256
f 636/953/872 637/954/873 225/955/874
f 639/956/875 466/715/662 467/714/661
f 640/957/876 639/956/875 467/714/661
f 640/957/876 3008/958/877 639/956/875
f 639/956/875 3008/958/877 495/754/699
f 639/956/875 495/754/699 497/752/697
f 466/715/662 639/956/875 497/752/697
f 642/264/256 53/72/72 633/949/868
f 53/72/72 2/71/71 633/949/868
f 633/949/868 2/71/71 643/959/878
f 2/71/71 644/960/879 643/959/878
f 197/303/291 178/961/880 646/962/881
f 646/962/881 1064/300/288 197/303/291
f 197/303/291 645/963/882 178/961/880
f 645/963/882 177/964/883 178/961/880
f 80/618/569 649/965/884 398/617/568
f 398/617/568 649/965/884 824/966/885
f 80/618/569 648/967/140 649/965/884
f 80/618/569 845/968/724 648/967/140
f 649/965/884 648/967/140 823/144/142
f 661/969/886 651/970/887 650/971/888
f 651/970/887 2891/972/889 650/971/888
f 2891/972/889 2889/973/890 650/971/888
f 2889/973/890 176/759/704 650/971/888
f 656/974/891 654/975/892 655/976/893
f 1073/977/894 655/976/893 654/975/892
f 653/978/895 982/979/896 654/975/892
f 652/980/897 982/979/896 653/978/895
f 659/981/898 229/370/350 660/982/899
f 657/983/900 659/984/898 660/985/899
f 659/984/898 657/983/900 230/986/901
f 230/987/901 229/370/350 659/981/898
f 230/987/901 228/366/346 229/370/350
f 1873/988/902 1871/989/903 660/985/899
f 229/370/350 658/22/22 660/982/899
f 227/369/349 14/20/20 229/370/350
f 229/370/350 14/20/20 658/22/22
f 21/32/32 662/990/904 1505/991/905
f 1505/992/905 662/993/904 661/969/886
f 664/994/906 513/777/720 663/995/907
f 667/996/908 126/191/187 574/860/788
f 667/996/908 125/193/189 126/191/187
f 668/243/237 666/997/909 669/998/910
f 669/998/910 157/244/238 668/243/237
f 574/860/788 575/866/794 669/998/910
f 574/860/788 666/997/909 667/996/908
f 574/860/788 669/998/910 666/997/909
f 670/999/911 672/1000/912 671/1001/913
f 675/103/103 671/1001/913 673/1002/914
f 1677/1003/915 671/1001/913 672/1000/912
f 671/1001/913 7/931/850 670/999/911
f 675/103/103 76/105/105 7/931/850
f 671/1001/913 675/103/103 7/931/850
f 675/103/103 1679/1004/916 78/106/106
f 673/1002/914 1679/1004/916 675/103/103
f 1679/1005/916 3366/108/107 78/107/106
f 818/1006/917 678/1007/918 297/1008/446
f 678/1007/918 681/824/447 297/1008/446
f 818/1006/917 1652/1009/919 678/1007/918
f 678/1007/918 1652/1009/919 679/1010/920
f 678/1007/918 679/1010/920 3028/1011/921
f 677/1012/922 3028/1011/921 679/1010/920
f 681/824/447 678/1007/918 676/3/3
f 678/1007/918 3028/1011/921 676/3/3
f 676/3/3 6/2/2 681/824/447
f 676/3/3 3020/1013/923 29/48/48
f 1376/1014/924 683/1015/925 682/1016/926
f 683/1017/925 696/1018/927 682/1019/926
f 409/633/584 626/775/718 687/1020/928
f 687/1020/928 626/775/718 684/583/537
f 685/940/859 684/583/537 625/938/857
f 687/1020/928 684/583/537 378/585/539
f 687/1020/928 378/585/539 409/633/584
f 379/584/538 684/583/537 685/940/859
f 448/702/649 1361/1021/929 690/1022/930
f 689/1023/931 690/1022/930 1361/1021/929
f 690/1022/930 689/1023/931 688/1024/932
f 3293/1025/933 688/1024/932 689/1023/931
f 689/1023/931 691/1026/934 3293/1025/933
f 270/445/415 6/2/2 695/1/1
f 676/3/3 29/48/48 695/1/1
f 695/1/1 269/446/416 270/445/415
f 269/446/416 695/1/1 693/1027/935
f 29/48/48 30/47/47 695/1/1
f 693/1027/935 695/1/1 30/47/47
f 3027/49/49 3024/1028/936 30/47/47
f 693/1027/935 30/47/47 3024/1028/936
f 693/1027/935 3024/1028/936 3021/1029/937
f 3021/1029/937 692/1030/938 693/1027/935
f 1355/1031/939 692/1030/938 3021/1029/937
f 269/446/416 693/1027/935 694/448/418
f 692/1030/938 694/448/418 693/1027/935
f 463/713/660 697/1032/940 699/1033/941
f 698/1034/942 696/1018/927 683/1017/925
f 698/1034/942 697/1035/940 1217/1036/943
f 698/1034/942 1217/1036/943 696/1018/927
f 700/1037/944 636/953/872 638/1038/945
f 638/1038/945 636/953/872 522/1039/946
f 700/1037/944 637/954/873 636/953/872
f 25/670/621 816/669/620 700/1037/944
f 700/1037/944 816/669/620 637/954/873
f 599/898/822 596/897/821 703/915/835
f 703/915/835 596/897/821 701/838/768
f 703/915/835 701/838/768 702/1040/947
f 701/838/768 555/837/767 702/1040/947
f 701/838/768 596/897/821 861/900/824
f 709/361/341 222/111/109 1629/365/345
f 1629/365/345 1628/1041/948 709/361/341
f 713/1042/949 709/361/341 708/1043/950
f 713/1042/949 714/362/342 709/361/341
f 221/364/344 711/1044/951 710/1045/952
f 1628/1041/948 710/1045/952 709/361/341
f 710/1045/952 707/1046/953 709/361/341
f 707/1046/953 708/1043/950 709/361/341
f 708/1043/950 707/1046/953 704/1047/954
f 707/1046/953 705/1048/955 704/1047/954
f 704/1047/954 705/1048/955 3222/1049/956
f 712/1050/957 713/1042/949 708/1043/950
f 706/1051/958 712/1050/957 708/1043/950
f 708/1043/950 704/1047/954 706/1051/958
f 704/1047/954 3225/1052/959 706/1051/958
f 704/1047/954 3222/1049/956 3225/1052/959
f 718/1053/960 715/73/73 717/1054/961
f 31/52/52 33/51/51 54/74/74
f 715/73/73 54/74/74 33/51/51
f 717/1054/961 715/73/73 716/1055/962
f 33/51/51 32/50/50 716/1055/962
f 716/1055/962 715/73/73 33/51/51
f 2/71/71 718/1053/960 644/960/879
f 715/73/73 718/1053/960 2/71/71
f 717/1054/961 719/1056/963 718/1053/960
f 3487/1057/964 719/1056/963 717/1054/961
f 143/216/210 7/931/850 142/217/211
f 721/1058/965 7/931/850 76/105/105
f 7/931/850 721/1058/965 142/217/211
f 142/217/211 720/1059/829 606/907/828
f 721/1058/965 722/1060/966 142/217/211
f 76/105/105 77/104/104 721/1058/965
f 721/1058/965 77/104/104 722/1060/966
f 722/1060/966 720/1059/829 142/217/211
f 728/1061/967 725/1062/968 724/1063/969
f 725/1062/968 871/1064/970 724/1063/969
f 727/1065/971 725/1062/968 728/1061/967
f 725/1062/968 727/1065/971 726/1066/972
f 871/1064/970 725/1062/968 931/1067/973
f 725/1062/968 726/1066/972 723/1068/974
f 725/1062/968 602/903/827 931/1067/973
f 602/903/827 725/1062/968 723/1068/974
f 729/1069/975 609/916/836 1246/418/391
f 729/1069/975 703/915/835 609/916/836
f 703/915/835 729/1069/975 599/898/822
f 13/1070/14 306/1071/463 44/1072/233
f 306/1071/463 311/1073/465 44/1072/233
f 731/1074/976 732/1075/977 730/1076/978
f 731/1074/976 155/1077/234 44/1072/233
f 730/1076/978 155/1077/234 731/1074/976
f 1659/1078/979 1750/1079/980 730/1076/978
f 282/464/433 734/543/501 284/465/431
f 734/543/501 462/708/655 733/155/151
f 734/543/501 282/464/433 462/708/655
f 101/153/149 733/155/151 99/151/147
f 1330/129/127 17/156/152 733/155/151
f 462/708/655 1330/129/127 733/155/151
f 884/1080/981 638/1038/945 736/792/732
f 638/1038/945 522/1039/946 736/792/732
f 736/792/732 735/1081/982 1002/793/733
f 522/1039/946 735/1081/982 736/792/732
f 344/1082/983 345/1083/984 739/1084/985
f 344/1082/983 827/1085/986 345/1083/984
f 827/1085/986 738/1086/987 345/1083/984
f 739/1084/985 345/1083/984 890/1087/988
f 345/1083/984 737/1088/989 890/1087/988
f 738/1086/987 737/1088/989 345/1083/984
f 741/1089/990 2982/1090/991 740/1091/992
f 2212/1092/993 191/1093/994 741/1089/990
f 191/1093/994 2982/1090/991 741/1089/990
f 2982/1090/991 2244/1094/995 740/1091/992
f 1656/1095/996 171/267/259 172/268/260
f 742/265/257 642/264/256 3065/951/870
f 2069/1096/997 172/268/260 742/265/257
f 742/265/257 3061/1097/998 2069/1096/997
f 2963/1098/999 43/63/63 195/297/285
f 43/63/63 744/578/532 195/297/285
f 2904/1099/1000 195/297/285 744/578/532
f 43/63/63 743/62/62 744/578/532
f 533/810/746 373/747/692 743/62/62
f 743/62/62 373/747/692 374/580/534
f 2996/1100/1001 2997/1101/1002 745/1102/1003
f 22/35/35 747/42/42 749/36/36
f 749/36/36 748/1103/1004 1215/1104/1005
f 749/36/36 745/1102/1003 748/1103/1004
f 745/1102/1003 2997/1101/1002 748/1103/1004
f 749/36/36 747/42/42 745/1102/1003
f 747/42/42 746/1105/1006 745/1102/1003
f 755/1106/1007 751/1107/1008 753/1108/1009
f 25/670/621 753/1108/1009 751/1107/1008
f 25/670/621 751/1107/1008 752/668/619
f 751/1107/1008 754/1109/1010 752/668/619
f 752/668/619 920/1110/1011 750/671/622
f 759/791/731 518/787/727 519/790/730
f 74/1111/1012 759/791/731 519/790/730
f 74/1111/1012 758/1112/1013 759/791/731
f 758/1112/1013 530/799/739 151/233/227
f 530/799/739 758/1112/1013 74/1111/1012
f 758/1112/1013 151/233/227 756/234/228
f 757/120/118 86/119/117 26/41/41
f 757/120/118 759/791/731 758/1112/1013
f 758/1112/1013 756/234/228 757/120/118
f 757/120/118 756/234/228 85/121/119
f 85/121/119 756/234/228 1/232/226
f 763/1113/1014 547/827/757 761/1114/1015
f 547/827/757 763/1113/1014 545/828/758
f 376/588/542 547/827/757 391/589/543
f 547/827/757 376/588/542 761/1114/1015
f 761/1114/1015 376/588/542 764/1115/1016
f 376/588/542 765/587/541 764/1115/1016
f 761/1114/1015 764/1115/1016 762/1116/1017
f 760/1117/1018 1415/1118/1019 762/1116/1017
f 764/1115/1016 760/1117/1018 762/1116/1017
f 769/716/663 768/1119/1020 196/299/287
f 768/1119/1020 769/716/663 497/752/697
f 768/1119/1020 497/752/697 496/753/698
f 196/299/287 768/1119/1020 195/297/285
f 768/1119/1020 766/1120/1021 195/297/285
f 768/1119/1020 496/753/698 766/1120/1021
f 767/1121/1022 766/1120/1021 496/753/698
f 2963/1098/999 195/297/285 766/1120/1021
f 766/1120/1021 767/1121/1022 2966/1122/1023
f 767/1121/1022 496/753/698 494/756/701
f 494/756/701 1382/1123/1024 767/1121/1022
f 773/1124/1025 772/1125/1026 771/1126/1027
f 772/1125/1026 770/1127/1028 771/1126/1027
f 771/1126/1027 770/1127/1028 2368/1128/1029
f 770/1127/1028 2369/1129/1030 2368/1128/1029
f 772/1125/1026 1012/1130/1031 770/1127/1028
f 2369/1129/1030 770/1127/1028 324/513/477
f 323/512/476 2369/1129/1030 324/513/477
f 776/1131/1032 777/1132/1033 778/891/817
f 1181/1133/1034 777/1132/1033 776/1131/1032
f 776/1131/1032 775/1134/1035 1181/1133/1034
f 561/847/775 776/1131/1032 563/845/773
f 776/1131/1032 561/847/775 774/849/777
f 776/1131/1032 774/849/777 775/1134/1035
f 71/56/56 38/55/55 781/605/557
f 781/605/557 38/55/55 37/404/380
f 386/608/558 781/1135/557 414/636/587
f 781/1135/557 779/1136/1036 414/636/587
f 781/605/557 37/404/380 779/1137/1036
f 27/523/484 779/1138/1036 37/1139/380
f 779/1136/1036 780/639/590 414/636/587
f 2507/1140/221 2506/1141/1037 782/1142/1038
f 892/1143/1039 783/1144/1040 782/1142/1038
f 786/1145/1041 785/1146/1042 1236/1147/1043
f 787/1148/1044 785/1146/1042 786/1145/1041
f 787/1148/1044 828/1149/1045 785/1146/1042
f 785/1146/1042 828/1149/1045 3277/1150/1046
f 787/1148/1044 800/1151/1047 828/1149/1045
f 828/1149/1045 800/1151/1047 784/1152/1048
f 481/735/173 791/1153/1049 950/1154/174
f 789/1155/1050 950/1154/174 791/1153/1049
f 789/1155/1050 949/1156/722 950/1154/174
f 789/1155/1050 788/1157/1051 949/1156/722
f 788/1157/1051 789/1155/1050 790/1158/1052
f 794/1159/1053 1248/1160/1054 793/1161/1055
f 24/40/40 792/1162/1056 1248/1160/1054
f 793/1161/1055 1248/1160/1054 792/1162/1056
f 793/1161/1055 1084/858/786 794/1159/1053
f 1186/1163/1057 794/1159/1053 1084/858/786
f 10/9/9 11/10/10 798/310/298
f 11/10/10 796/311/299 798/310/298
f 439/681/628 797/312/300 796/311/299
f 796/311/299 11/10/10 959/1164/1058
f 11/10/10 958/1165/1059 959/1164/1058
f 819/1166/1060 727/1065/971 800/1151/1047
f 800/1151/1047 727/1065/971 784/1152/1048
f 784/1152/1048 727/1065/971 728/1061/967
f 727/1065/971 819/1166/1060 824/966/885
f 799/1167/1061 726/1066/972 727/1065/971
f 801/1168/1062 1835/245/239 158/246/240
f 801/1168/1062 158/246/240 802/1169/1063
f 802/1169/1063 158/246/240 803/1170/1064
f 141/211/205 618/928/847 801/1168/1062
f 801/1168/1062 802/1169/1063 141/211/205
f 141/211/205 802/1169/1063 620/929/848
f 674/1171/1065 803/1170/1064 804/1172/1066
f 803/1170/1064 158/246/240 804/1172/1066
f 674/1171/1065 672/1000/912 803/1170/1064
f 803/1170/1064 672/1000/912 802/1169/1063
f 672/1000/912 670/999/911 802/1169/1063
f 670/999/911 143/216/210 620/929/848
f 619/930/849 670/999/911 7/931/850
f 143/216/210 670/999/911 619/930/849
f 802/1169/1063 670/999/911 620/929/848
f 806/1173/1067 1150/77/77 2070/1174/1068
f 1150/77/77 806/1173/1067 805/1175/1069
f 807/1176/1070 805/1175/1069 806/1173/1067
f 805/1175/1069 1181/1133/1034 1179/1177/1071
f 807/1176/1070 1181/1133/1034 805/1175/1069
f 777/1132/1033 1181/1133/1034 807/1176/1070
f 808/1178/1072 723/1068/974 726/1066/972
f 110/1179/1073 723/1068/974 808/1178/1072
f 723/1068/974 603/901/825 602/903/827
f 110/1179/1073 603/901/825 723/1068/974
f 110/1179/1073 604/1180/162 603/901/825
f 110/1181/1073 109/147/144 604/166/162
f 811/1182/1074 1581/1183/1075 809/1184/1076
f 812/1185/1077 51/69/69 813/482/450
f 52/68/68 813/482/450 51/69/69
f 812/1185/1077 3/888/814 51/69/69
f 814/1186/1078 813/482/450 298/481/449
f 52/68/68 296/484/452 813/482/450
f 814/1186/1078 812/1185/1077 813/482/450
f 815/1187/1079 225/955/874 637/954/873
f 637/954/873 816/669/620 815/1187/1079
f 817/1188/1080 2442/96/96 70/98/98
f 2442/96/96 817/1188/1080 69/70/70
f 69/70/70 817/1188/1080 52/68/68
f 818/1189/917 297/478/446 52/68/68
f 817/1188/1080 818/1189/917 52/68/68
f 787/1148/1044 820/1190/1081 800/1151/1047
f 820/1190/1081 821/1191/1082 800/1151/1047
f 819/1166/1060 800/1151/1047 821/1191/1082
f 821/1191/1082 398/617/568 819/1166/1060
f 398/617/568 824/966/885 819/1166/1060
f 824/966/885 823/144/142 799/1167/1061
f 824/966/885 799/1167/1061 727/1065/971
f 799/1167/1061 808/1178/1072 726/1066/972
f 799/1167/1061 823/144/142 808/1178/1072
f 808/1178/1072 823/144/142 110/1179/1073
f 649/965/884 823/144/142 824/966/885
f 648/967/140 98/145/139 823/144/142
f 823/1192/142 822/148/143 110/1181/1073
f 822/148/143 109/147/144 110/1181/1073
f 3277/1150/1046 828/1149/1045 827/1085/986
f 828/1149/1045 825/1193/1083 826/1194/1084
f 828/1149/1045 826/1194/1084 827/1085/986
f 784/1152/1048 825/1193/1083 828/1149/1045
f 784/1152/1048 724/1063/969 825/1193/1083
f 784/1152/1048 728/1061/967 724/1063/969
f 831/1195/1085 2482/1196/1086 832/1197/1087
f 829/1198/1088 831/1195/1085 830/1199/1089
f 831/1195/1085 832/1197/1087 830/1199/1089
f 830/1199/1089 832/1197/1087 833/1200/1090
f 830/1199/1089 442/683/630 829/1198/1088
f 444/688/635 442/683/630 830/1199/1089
f 442/683/630 3187/685/632 829/1198/1088
f 475/727/674 836/1201/1091 479/726/673
f 836/1201/1091 835/1202/1092 479/726/673
f 479/726/673 835/1202/1092 837/731/678
f 835/1202/1092 834/733/680 837/731/678
f 834/733/680 835/1202/1092 908/1203/1093
f 908/1203/1093 835/1202/1092 1685/1204/1094
f 839/1205/1095 838/1206/1096 841/1207/1097
f 838/1206/1096 700/1037/944 638/1038/945
f 839/1205/1095 840/1208/1098 700/1037/944
f 839/1205/1095 700/1037/944 838/1206/1096
f 839/1205/1095 981/1209/1099 840/1208/1098
f 981/1209/1099 753/1108/1009 840/1208/1098
f 755/1106/1007 753/1108/1009 981/1209/1099
f 840/1208/1098 753/1108/1009 25/670/621
f 840/1208/1098 25/670/621 700/1037/944
f 843/1210/141 648/967/140 845/968/724
f 845/784/724 1041/750/695 844/751/696
f 845/784/724 844/751/696 842/1211/1100
f 845/1212/724 842/1213/1100 843/143/141
f 846/748/693 903/1214/1101 844/751/696
f 844/751/696 903/1214/1101 842/1211/1100
f 842/1213/1100 903/1215/1101 883/1216/1102
f 851/1217/754 849/624/575 407/622/573
f 849/624/575 3127/627/578 403/623/574
f 851/819/754 990/1218/1103 849/1219/575
f 847/1220/1104 850/1221/1105 990/1218/1103
f 990/1218/1103 850/1221/1105 849/1219/575
f 849/1219/575 850/1221/1105 848/1222/1106
f 850/1221/1105 847/1220/1104 848/1222/1106
f 849/1219/575 848/1222/1106 3127/1223/578
f 635/952/871 852/746/691 489/744/689
f 489/744/689 1136/1224/1107 635/952/871
f 634/950/869 635/952/871 1136/1224/1107
f 1137/743/688 1136/1224/1107 489/744/689
f 635/952/871 115/176/172 852/746/691
f 115/176/172 635/952/871 116/174/170
f 852/746/691 115/176/172 491/190/186
f 854/1225/1108 853/1226/1109 3360/1227/1110
f 1201/1228/1111 755/1106/1007 981/1209/1099
f 855/1229/1112 754/1109/1010 755/1106/1007
f 855/1229/1112 1006/1230/1113 754/1109/1010
f 751/1107/1008 755/1106/1007 754/1109/1010
f 859/1231/1114 858/352/332 548/831/761
f 2492/1232/1115 548/831/761 858/352/332
f 859/1231/1114 548/831/761 860/1233/1116
f 860/1233/1116 548/831/761 546/825/755
f 546/825/755 545/828/758 860/1233/1116
f 857/1234/1117 545/828/758 763/1113/1014
f 545/828/758 857/1234/1117 856/1235/1118
f 857/1234/1117 1465/1236/1119 856/1235/1118
f 980/1237/1120 225/955/874 815/1187/1079
f 750/671/622 815/1187/1079 816/669/620
f 750/671/622 920/1110/1011 815/1187/1079
f 861/900/824 101/839/149 701/838/768
f 347/542/499 734/543/501 861/1238/824
f 734/1239/501 101/839/149 861/900/824
f 734/543/501 733/155/151 101/153/149
f 701/838/768 101/839/149 553/835/765
f 1090/1240/1121 866/1241/1122 864/1242/59
f 866/1241/1122 863/1243/1123 864/1242/59
f 303/60/60 864/59/59 862/1244/1124
f 862/1245/1124 864/1242/59 863/1243/1123
f 866/1241/1122 865/1246/1125 863/1243/1123
f 863/1243/1123 3178/330/316 1094/1247/1126
f 865/1246/1125 3178/330/316 863/1243/1123
f 826/1194/1084 868/1248/1127 870/1249/1128
f 869/1250/1129 868/1248/1127 867/1251/1130
f 869/1250/1129 870/1249/1128 868/1248/1127
f 826/1194/1084 825/1193/1083 868/1248/1127
f 871/1064/970 825/1193/1083 724/1063/969
f 825/1193/1083 871/1064/970 868/1248/1127
f 868/1248/1127 929/1252/1131 867/1251/1130
f 929/1252/1131 1229/1253/1132 867/1251/1130
f 873/1254/1133 874/1255/1134 875/1256/1135
f 874/1255/1134 873/1254/1133 3038/1257/1136
f 3038/1257/1136 872/1258/1137 874/1255/1134
f 939/1259/1138 878/1260/1139 970/689/636
f 878/1261/1139 876/1262/1140 653/1263/895
f 876/1262/1140 877/1264/1141 1279/1265/1142
f 879/1266/1143 876/1262/1140 878/1261/1139
f 879/1266/1143 877/1264/1141 876/1262/1140
f 879/1266/1143 880/75/75 877/1264/1141
f 843/143/141 842/1213/1100 98/141/139
f 842/1213/1100 883/1216/1102 98/141/139
f 98/141/139 881/1267/1144 882/149/145
f 98/141/139 883/1216/1102 881/1267/1144
f 882/149/145 881/1267/1144 1226/1268/1145
f 881/1267/1144 1191/1269/1146 1226/1268/1145
f 886/1270/1147 885/1271/1148 884/1080/981
f 886/1270/1147 884/1080/981 736/792/732
f 885/1271/1148 841/1207/1097 884/1080/981
f 841/1207/1097 838/1206/1096 884/1080/981
f 884/1080/981 838/1206/1096 638/1038/945
f 887/1272/1149 1676/894/819 600/893/818
f 2996/1100/1001 887/1272/1149 598/899/823
f 598/899/823 887/1272/1149 600/893/818
f 1246/418/391 888/419/392 729/1069/975
f 2996/1100/1001 598/899/823 888/419/392
f 599/898/822 729/1069/975 888/419/392
f 888/419/392 598/899/823 599/898/822
f 739/1084/985 890/1087/988 889/1273/1150
f 891/1274/1151 587/872/800 890/1087/988
f 737/1088/989 891/1274/1151 890/1087/988
f 890/1087/988 587/872/800 889/1273/1150
f 585/1275/1152 889/1273/1150 586/874/802
f 586/874/802 889/1273/1150 587/872/800
f 2719/1276/1153 891/1274/1151 737/1088/989
f 587/872/800 891/1274/1151 2718/1277/1154
f 895/1278/1155 892/1143/1039 2220/1279/1156
f 782/1142/1038 2511/1280/1157 892/1143/1039
f 900/1281/1158 786/1145/1041 899/1282/1159
f 900/1281/1158 787/1148/1044 786/1145/1041
f 900/1281/1158 901/1283/1160 787/1148/1044
f 901/1283/1160 820/1190/1081 787/1148/1044
f 87/811/122 902/1284/1161 846/748/693
f 87/811/122 846/748/693 493/749/694
f 883/1216/1102 903/1215/1101 902/1285/1161
f 902/1284/1161 903/1214/1101 846/748/693
f 902/1285/1161 87/124/122 904/125/123
f 902/1285/1161 904/125/123 1192/1286/1162
f 834/733/680 906/1287/1163 476/732/679
f 906/1287/1163 123/181/177 476/732/679
f 908/1203/1093 906/1287/1163 834/733/680
f 908/1203/1093 905/1288/1164 906/1287/1163
f 905/1288/1164 908/1203/1093 2792/1289/1165
f 123/181/177 5/741/686 476/732/679
f 123/181/177 909/742/687 5/741/686
f 907/183/179 123/181/177 906/1287/1163
f 909/742/687 123/181/177 144/180/176
f 123/181/177 907/183/179 122/182/178
f 120/184/180 907/183/179 3173/185/181
f 906/1287/1163 905/1288/1164 907/183/179
f 907/183/179 905/1288/1164 3173/185/181
f 559/850/778 560/853/781 910/1290/1166
f 912/914/834 913/911/831 911/834/764
f 913/911/831 555/837/767 911/834/764
f 555/837/767 554/832/762 911/834/764
f 703/915/835 702/1040/947 913/911/831
f 555/837/767 913/911/831 702/1040/947
f 554/832/762 555/837/767 553/835/765
f 916/1291/1167 523/1292/734 915/1293/1168
f 915/1293/1168 1027/1294/1169 1056/1295/1170
f 915/1293/1168 914/1296/1171 1027/1294/1169
f 1258/1297/1172 523/1292/734 916/1291/1167
f 915/1293/1168 523/1292/734 914/1296/1171
f 523/1292/734 1002/1298/733 914/1296/1171
f 815/1187/1079 920/1110/1011 919/1299/1173
f 919/1299/1173 918/1300/1174 815/1187/1079
f 3208/1301/1175 810/1302/1176 809/1184/1076
f 3205/1303/1177 922/1304/1178 810/1302/1176
f 3208/1301/1175 3205/1303/1177 810/1302/1176
f 3205/1303/1177 3203/1305/1179 922/1304/1178
f 921/1306/1180 922/1304/1178 3203/1305/1179
f 922/1304/1178 923/1307/1181 2088/1308/1182
f 922/1304/1178 921/1306/1180 923/1307/1181
f 3210/1309/1183 924/1310/1184 923/1307/1181
f 926/1311/1185 1673/1312/1186 1672/1313/1187
f 926/1311/1185 925/770/713 1673/1312/1186
f 1673/1312/1186 925/770/713 2075/1314/1188
f 2072/1315/1189 925/770/713 500/768/711
f 927/1316/1190 926/1311/1185 1672/1313/1187
f 926/1311/1185 1324/769/712 925/770/713
f 868/1248/1127 871/1064/970 929/1252/1131
f 931/1067/973 930/1317/1191 929/1252/1131
f 929/1252/1131 930/1317/1191 1323/1318/1192
f 1323/1318/1192 930/1317/1191 1322/1319/1193
f 1322/1319/1193 930/1317/1191 601/902/826
f 931/1067/973 929/1252/1131 871/1064/970
f 931/1067/973 602/903/827 930/1317/1191
f 602/903/827 601/902/826 930/1317/1191
f 1839/1320/1194 617/927/846 35/212/206
f 932/1321/1195 1882/1322/1196 933/1323/1197
f 1882/1322/1196 35/212/206 933/1323/1197
f 932/1321/1195 933/1323/1197 179/274/266
f 241/410/381 932/1321/1195 179/274/266
f 35/212/206 34/215/209 933/1323/1197
f 933/1323/1197 34/215/209 179/274/266
f 34/215/209 181/272/264 179/274/266
f 937/1324/1198 415/649/600 419/650/601
f 937/1324/1198 311/498/465 415/649/600
f 311/1073/465 731/1074/976 44/1072/233
f 935/1325/1199 732/1075/977 311/1073/465
f 731/1074/976 311/1073/465 732/1075/977
f 937/1324/1198 936/1326/1200 311/498/465
f 732/1075/977 935/1325/1199 934/1327/1201
f 311/1073/465 936/1328/1200 935/1325/1199
f 934/1327/1201 935/1325/1199 936/1328/1200
f 1660/1329/1202 732/1075/977 934/1327/1201
f 730/1076/978 732/1075/977 1659/1078/979
f 1660/1329/1202 1659/1078/979 732/1075/977
f 443/1330/1203 440/687/634 943/1331/1204
f 440/687/634 443/1330/1203 939/1259/1138
f 443/1330/1203 941/1332/1205 939/1259/1138
f 939/1333/1138 879/1266/1143 878/1261/1139
f 443/1330/1203 942/1334/1206 941/1332/1205
f 941/1332/1205 240/1335/383 940/1336/1207
f 941/1332/1205 879/1337/1143 939/1259/1138
f 941/1332/1205 940/1336/1207 879/1337/1143
f 940/1338/1207 880/75/75 879/1266/1143
f 940/1338/1207 938/76/76 880/75/75
f 36/383/361 16/23/23 15/25/25
f 948/385/363 16/23/23 36/383/361
f 946/388/366 16/23/23 948/385/363
f 946/388/366 987/1339/1208 16/23/23
f 987/1339/1208 946/388/366 945/1340/1209
f 987/1339/1208 945/1340/1209 944/1341/1210
f 950/178/174 949/780/722 400/615/566
f 788/1157/1051 1140/1342/1211 1138/1343/1212
f 949/1156/722 788/1157/1051 399/781/567
f 1138/1343/1212 399/781/567 788/1157/1051
f 399/781/567 1138/1343/1212 1042/782/723
f 954/1344/1213 953/1345/1214 955/1346/1215
f 2255/1347/1216 955/1346/1215 953/1345/1214
f 951/1348/1217 953/1345/1214 952/1349/1218
f 2355/1350/1219 951/1348/1217 952/1349/1218
f 796/311/299 960/1351/1220 439/681/628
f 796/311/299 959/1164/1058 960/1351/1220
f 960/1351/1220 957/680/627 439/681/628
f 960/1351/1220 956/1352/1221 957/680/627
f 957/680/627 138/207/201 593/682/629
f 956/1352/1221 138/207/201 957/680/627
f 956/1352/1221 137/208/202 138/207/201
f 959/1164/1058 956/1352/1221 960/1351/1220
f 959/1164/1058 958/1165/1059 137/208/202
f 956/1352/1221 959/1164/1058 137/208/202
f 3471/1353/1222 962/1354/1223 267/378/358
f 962/1354/1223 266/381/359 267/378/358
f 962/1354/1223 268/1355/1224 266/381/359
f 522/1039/946 966/1356/1225 735/1081/982
f 735/1081/982 966/1356/1225 976/1357/1226
f 522/1039/946 636/953/872 966/1356/1225
f 966/1356/1225 964/1358/1227 965/1359/1228
f 636/953/872 964/1358/1227 966/1356/1225
f 636/953/872 963/1360/1229 964/1358/1227
f 636/953/872 225/955/874 963/1360/1229
f 964/1358/1227 963/1360/1229 965/1359/1228
f 965/1359/1228 963/1360/1229 483/1361/1230
f 963/1360/1229 482/734/681 483/1361/1230
f 963/1360/1229 481/735/173 482/734/681
f 225/955/874 791/1153/1049 963/1360/1229
f 1115/1362/1231 967/1363/1232 968/1364/1233
f 968/1364/1233 967/1363/1232 988/1365/1234
f 967/1363/1232 400/615/566 988/1365/1234
f 988/1365/1234 400/615/566 989/1366/1235
f 400/615/566 967/1363/1232 119/179/175
f 950/178/174 400/615/566 119/179/175
f 971/684/631 442/683/630 441/686/633
f 971/684/631 441/686/633 969/1367/1236
f 656/1368/891 969/1367/1236 441/686/633
f 656/1368/891 655/1369/893 969/1367/1236
f 970/689/636 440/687/634 939/1259/1138
f 441/686/633 970/689/636 656/1368/891
f 656/1368/891 970/689/636 878/1260/1139
f 878/1260/1139 653/1370/895 656/1368/891
f 966/1356/1225 973/1371/1237 975/1372/1238
f 966/1356/1225 965/1359/1228 973/1371/1237
f 975/1372/1238 973/1371/1237 974/1373/1239
f 974/1374/1239 973/1375/1237 978/1376/1240
f 978/1376/1240 973/1375/1237 483/1377/1230
f 978/1376/1240 483/1377/1230 1117/1378/1241
f 973/1371/1237 965/1359/1228 483/1361/1230
f 482/734/681 119/736/175 483/1361/1230
f 483/1377/1230 1115/1362/1231 977/1379/1242
f 483/1377/1230 967/1363/1232 1115/1362/1231
f 967/1363/1232 483/1377/1230 119/179/175
f 225/955/874 980/1237/1120 791/1153/1049
f 791/1153/1049 481/735/173 963/1360/1229
f 980/1237/1120 979/1380/1243 791/1153/1049
f 791/1153/1049 979/1380/1243 789/1155/1050
f 789/1155/1050 979/1380/1243 790/1158/1052
f 1054/1381/1244 979/1380/1243 980/1237/1120
f 1054/1381/1244 790/1158/1052 979/1380/1243
f 652/980/897 983/1382/1245 982/979/896
f 839/1205/1095 841/1207/1097 982/979/896
f 983/1382/1245 839/1205/1095 982/979/896
f 1201/1228/1111 981/1209/1099 983/1382/1245
f 983/1382/1245 981/1209/1099 839/1205/1095
f 58/24/24 16/23/23 986/78/78
f 16/23/23 987/1339/1208 986/78/78
f 985/1383/1246 986/78/78 987/1339/1208
f 987/1339/1208 944/1341/1210 985/1383/1246
f 986/78/78 985/1383/1246 1009/1384/1247
f 989/1366/1235 821/1191/1082 988/1365/1234
f 821/1191/1082 820/1190/1081 988/1365/1234
f 400/615/566 398/617/568 821/1191/1082
f 400/615/566 821/1191/1082 989/1366/1235
f 299/1385/1248 851/819/754 541/821/456
f 299/1385/1248 992/1386/1249 851/819/754
f 992/1386/1249 990/1218/1103 851/819/754
f 992/1386/1249 991/1387/1250 990/1218/1103
f 919/1299/1173 994/1388/1251 918/1300/1174
f 918/1300/1174 994/1388/1251 993/1389/1252
f 997/1390/1253 996/1391/1254 3298/1392/1255
f 3298/1392/1255 998/1393/1256 997/1390/1253
f 996/1391/1254 995/1394/1257 3298/1392/1255
f 914/1296/1171 1002/1298/733 1001/1395/1258
f 1002/1298/733 1000/1396/1259 1001/1395/1258
f 1016/1397/1260 1000/1396/1259 1014/1398/1261
f 1000/1396/1259 1016/1397/1260 1001/1395/1258
f 1002/793/733 976/1357/1226 1000/1399/1259
f 1002/793/733 735/1081/982 976/1357/1226
f 999/1400/1262 1306/1401/1263 1000/1396/1259
f 999/1402/1262 1000/1399/1259 976/1357/1226
f 976/1357/1226 966/1356/1225 975/1372/1238
f 976/1357/1226 975/1372/1238 999/1402/1262
f 754/1109/1010 1006/1230/1113 1004/1403/1264
f 1004/1403/1264 1069/1404/1265 754/1109/1010
f 1006/1230/1113 1007/1405/1266 1004/1403/1264
f 1003/1406/1267 1069/1404/1265 1004/1403/1264
f 1005/1407/1268 1003/1406/1267 1004/1403/1264
f 1005/1407/1268 166/1408/1269 1003/1406/1267
f 46/80/80 986/78/78 1009/1384/1247
f 46/80/80 45/302/290 1220/301/289
f 46/80/80 1009/1384/1247 45/302/290
f 984/1409/1270 1009/1384/1247 985/1383/1246
f 984/1409/1270 1008/1410/1271 1009/1384/1247
f 1008/1410/1271 984/1409/1270 1208/1411/1272
f 1009/1384/1247 1008/1410/1271 1158/1412/1273
f 1008/1410/1271 1157/1413/1274 1158/1412/1273
f 1013/1414/1275 1011/1415/1276 1012/1130/1031
f 1016/1397/1260 1013/1414/1275 1017/1416/1277
f 1016/1397/1260 1015/1417/1278 1013/1414/1275
f 1013/1414/1275 1015/1417/1278 1011/1415/1276
f 1015/1417/1278 1014/1398/1261 1011/1415/1276
f 1011/1415/1276 1305/1418/1279 1010/1419/1280
f 581/868/796 1019/1420/1281 539/594/548
f 538/814/749 539/594/548 1018/1421/1282
f 1018/1421/1282 539/594/548 1019/1420/1281
f 1021/45/45 1020/44/44 1019/1420/1281
f 1020/44/44 3429/1422/1283 1018/1421/1282
f 540/817/752 538/814/749 1018/1421/1282
f 1020/44/44 1018/1421/1282 1019/1420/1281
f 540/817/752 1018/1421/1282 3429/1422/1283
f 1021/45/45 1019/1420/1281 581/868/796
f 1054/1381/1244 1025/1423/1284 790/1158/1052
f 1025/1423/1284 1140/1342/1211 790/1158/1052
f 790/1158/1052 1140/1342/1211 788/1157/1051
f 1025/1423/1284 1024/1424/1285 1140/1342/1211
f 1024/1424/1285 1139/1425/1286 1140/1342/1211
f 1026/1426/1287 1024/1424/1285 1025/1423/1284
f 1026/1426/1287 1023/1427/1288 1024/1424/1285
f 1023/1427/1288 375/579/533 1024/1424/1285
f 1024/1424/1285 375/579/533 1139/1425/1286
f 1031/1428/1289 1027/1294/1169 1017/1416/1277
f 1016/1397/1260 1017/1416/1277 1027/1294/1169
f 1056/1295/1170 1027/1294/1169 1028/1429/1290
f 1001/1395/1258 1016/1397/1260 1027/1294/1169
f 1027/1294/1169 1031/1428/1289 1028/1429/1290
f 1027/1294/1169 914/1296/1171 1001/1395/1258
f 1016/1397/1260 1014/1398/1261 1015/1417/1278
f 1030/123/121 201/1430/1291 1029/1431/1292
f 570/859/787 569/854/782 1029/1431/1292
f 569/854/782 570/859/787 568/855/783
f 570/859/787 1029/1431/1292 201/1430/1291
f 201/1430/1291 2534/1432/1293 570/859/787
f 2534/1432/1293 1187/1433/1294 570/859/787
f 1034/1434/1295 773/1124/1025 1070/1435/1296
f 773/1124/1025 1034/1434/1295 1033/1436/1297
f 1032/1437/1298 772/1125/1026 773/1124/1025
f 1033/1436/1297 1032/1437/1298 773/1124/1025
f 1033/1436/1297 1031/1428/1289 1032/1437/1298
f 1028/1429/1290 1031/1428/1289 1033/1436/1297
f 1032/1437/1298 1031/1428/1289 772/1125/1026
f 1031/1428/1289 1017/1416/1277 772/1125/1026
f 1017/1416/1277 1012/1130/1031 772/1125/1026
f 1017/1416/1277 1013/1414/1275 1012/1130/1031
f 1038/797/737 1035/1438/1299 1039/1439/1300
f 1038/797/737 525/798/738 1037/256/248
f 1038/797/737 1037/256/248 1035/1438/1299
f 1035/1438/1299 1037/256/248 1357/360/340
f 525/798/738 524/1440/1301 1037/256/248
f 1042/782/723 1138/1343/1212 1044/1441/1302
f 1042/782/723 1044/1441/1302 1041/750/695
f 845/784/724 1042/782/723 1041/750/695
f 492/581/535 1041/750/695 1044/1441/1302
f 1043/582/536 492/581/535 1044/1441/1302
f 492/581/535 846/748/693 1041/750/695
f 408/628/579 302/487/455 542/818/753
f 1549/1442/1303 302/487/455 1047/1443/1304
f 1047/1443/1304 302/487/455 408/628/579
f 1045/1444/1305 1046/629/580 404/280/270
f 184/282/272 1045/1444/1305 404/280/270
f 1049/1445/1306 1048/1446/1307 1241/1447/1308
f 1048/1446/1307 899/1282/1159 1241/1447/1308
f 901/1283/1160 899/1282/1159 1048/1446/1307
f 900/1281/1158 899/1282/1159 901/1283/1160
f 1112/1448/1309 901/1283/1160 1048/1446/1307
f 988/1365/1234 901/1283/1160 1112/1448/1309
f 968/1364/1233 988/1365/1234 1112/1448/1309
f 901/1283/1160 988/1365/1234 820/1190/1081
f 1052/1449/1310 1039/1439/1300 1050/1450/1311
f 1050/1450/1311 1051/1451/1312 1052/1449/1310
f 220/1452/1313 1051/1451/1312 1050/1450/1311
f 1053/1453/1314 1040/795/735 1039/1439/1300
f 1038/797/737 1039/1439/1300 1040/795/735
f 1035/1438/1299 1050/1450/1311 1039/1439/1300
f 1050/1450/1311 1036/1454/1315 220/1452/1313
f 1035/1438/1299 1036/1454/1315 1050/1450/1311
f 980/1237/1120 815/1187/1079 1054/1381/1244
f 815/1187/1079 918/1300/1174 1054/1381/1244
f 1054/1381/1244 918/1300/1174 1055/1455/1316
f 918/1300/1174 993/1389/1252 1055/1455/1316
f 1025/1423/1284 1054/1381/1244 1055/1455/1316
f 1055/1455/1316 1026/1426/1287 1025/1423/1284
f 1060/1456/1317 1057/1457/1318 1058/1458/1319
f 1057/1457/1318 1034/1434/1295 1058/1458/1319
f 1060/1456/1317 1059/1459/1320 1057/1457/1318
f 1059/1459/1320 1056/1295/1170 1057/1457/1318
f 1059/1459/1320 917/1460/1321 1056/1295/1170
f 917/1460/1321 915/1293/1168 1056/1295/1170
f 1066/1461/1322 1065/1462/1323 647/1463/1324
f 1483/1464/1325 1066/1461/1322 647/1463/1324
f 1064/1465/288 647/1463/1324 1065/1462/1323
f 647/1463/1324 1063/1466/1326 1483/1464/1325
f 1062/1467/1327 1063/1466/1326 647/1463/1324
f 647/1463/1324 646/1468/881 1062/1467/1327
f 1062/1467/1327 646/1468/881 1061/1469/1328
f 1064/1465/288 646/1468/881 647/1463/1324
f 646/1468/881 1391/1470/1329 1061/1469/1328
f 1391/1471/1329 646/962/881 178/961/880
f 798/310/298 1067/1472/1330 605/909/830
f 605/909/830 1067/1472/1330 438/677/624
f 798/310/298 797/312/300 1067/1472/1330
f 437/678/625 438/677/624 1067/1472/1330
f 439/681/628 1067/1472/1330 797/312/300
f 1067/1472/1330 439/681/628 437/678/625
f 754/1109/1010 1069/1404/1265 752/668/619
f 920/1110/1011 752/668/619 1069/1404/1265
f 1069/1404/1265 919/1299/1173 920/1110/1011
f 1003/1406/1267 1068/1473/1331 1069/1404/1265
f 1068/1473/1331 919/1299/1173 1069/1404/1265
f 1068/1473/1331 994/1388/1251 919/1299/1173
f 730/1076/978 1750/1079/980 155/1077/234
f 1750/1079/980 153/322/235 155/1077/234
f 1750/1079/980 1071/1474/1332 153/322/235
f 1073/977/894 1072/1475/1333 3285/1476/1334
f 1073/977/894 654/975/892 1072/1475/1333
f 1072/1475/1333 885/1271/1148 3285/1476/1334
f 1072/1475/1333 841/1207/1097 885/1271/1148
f 654/975/892 982/979/896 1072/1475/1333
f 1072/1475/1333 982/979/896 841/1207/1097
f 1081/1477/1335 1077/1478/1336 1080/1479/1337
f 1081/1477/1335 1076/1480/1338 1077/1478/1336
f 1340/1481/1339 1224/1482/1340 1080/1479/1337
f 1081/1477/1335 1074/1483/1341 1076/1480/1338
f 1081/1477/1335 1079/1484/1342 1074/1483/1341
f 1080/1479/1337 1082/1485/1343 1081/1477/1335
f 1075/1486/1344 1077/1478/1336 1076/1480/1338
f 1083/1487/1345 1078/1488/1346 1079/1484/1342
f 1079/1484/1342 1078/1488/1346 1074/1483/1341
f 1082/1485/1343 1079/1484/1342 1081/1477/1335
f 1082/1485/1343 567/857/785 1079/1484/1342
f 1303/1489/1347 1077/1478/1336 1075/1486/1344
f 793/1161/1055 792/1162/1056 1083/1487/1345
f 1083/1487/1345 792/1162/1056 1078/1488/1346
f 793/1161/1055 1079/1484/1342 1084/858/786
f 793/1161/1055 1083/1487/1345 1079/1484/1342
f 1074/1483/1341 3155/1490/1348 1076/1480/1338
f 1078/1488/1346 3155/1490/1348 1074/1483/1341
f 1078/1488/1346 792/1162/1056 3155/1490/1348
f 1088/1491/1349 3487/1057/964 665/1492/1350
f 1086/1493/1351 1088/1491/1349 665/1492/1350
f 1087/1494/1352 1086/1493/1351 1085/1495/1353
f 663/995/907 1085/1495/1353 1086/1493/1351
f 1086/1493/1351 665/1492/1350 663/995/907
f 665/1492/1350 3488/1496/1354 663/995/907
f 1088/1491/1349 1086/1493/1351 42/844/772
f 42/844/772 1086/1493/1351 1087/1494/1352
f 1088/1491/1349 42/844/772 2569/1497/1355
f 1087/1494/1352 557/375/355 42/844/772
f 663/995/907 513/777/720 1085/1495/1353
f 513/777/720 514/776/719 1085/1495/1353
f 1087/1494/1352 1085/1495/1353 557/375/355
f 1085/1495/1353 514/776/719 515/373/353
f 1085/1495/1353 515/373/353 557/375/355
f 12/13/13 161/12/12 1089/1498/1356
f 1053/1453/1314 1039/1439/1300 1052/1449/1310
f 1089/1499/1356 161/251/12 159/250/243
f 1089/1499/1356 159/250/243 1053/1453/1314
f 159/250/243 1040/795/735 1053/1453/1314
f 159/250/243 79/796/736 1040/795/735
f 1093/1500/1357 242/510/384 1160/509/474
f 1093/1500/1357 1090/1240/1121 242/510/384
f 224/1501/58 242/510/384 1090/1240/1121
f 224/1501/58 1090/1240/1121 864/1242/59
f 1093/1500/1357 1092/1502/1358 1090/1240/1121
f 1092/1502/1358 1091/1503/1359 1090/1240/1121
f 865/1246/1125 1090/1240/1121 1091/1503/1359
f 1090/1240/1121 865/1246/1125 866/1241/1122
f 303/60/60 862/1244/1124 541/488/456
f 862/1244/1124 1094/1504/1126 541/488/456
f 862/1245/1124 863/1243/1123 1094/1247/1126
f 541/821/456 1094/1247/1126 992/1386/1249
f 299/1385/1248 541/821/456 992/1386/1249
f 3178/330/316 3177/1505/1360 1094/1247/1126
f 1094/1247/1126 3177/1505/1360 992/1386/1249
f 3177/1505/1360 991/1387/1250 992/1386/1249
f 1097/1506/1361 3294/1507/1362 1098/1508/1363
f 3294/1507/1362 1097/1506/1361 1095/1509/1364
f 1097/1506/1361 1096/1510/1365 1095/1509/1364
f 1095/1509/1364 2713/1511/1366 3294/1507/1362
f 1096/1510/1365 2713/1511/1366 1095/1509/1364
f 1104/1512/1367 1103/1513/1368 847/1220/1104
f 1239/1514/1369 1102/1515/1370 1104/1512/1367
f 1100/1516/1371 1104/1512/1367 1102/1515/1370
f 1104/1512/1367 1101/1517/1372 1103/1513/1368
f 1104/1512/1367 1100/1516/1371 1101/1517/1372
f 889/1273/1150 1102/1515/1370 1239/1514/1369
f 1100/1516/1371 1102/1515/1370 1099/1518/1373
f 1099/1518/1373 585/1275/1152 1100/1516/1371
f 1102/1515/1370 889/1273/1150 1099/1518/1373
f 889/1273/1150 585/1275/1152 1099/1518/1373
f 1106/1519/1374 814/1186/1078 298/481/449
f 298/481/449 1580/1520/1375 1106/1519/1374
f 298/481/449 1105/480/448 1580/1520/1375
f 3418/1521/1376 814/1186/1078 1106/1519/1374
f 625/938/857 628/877/805 1110/876/804
f 1110/876/804 1109/939/858 625/938/857
f 1110/876/804 1111/1522/808 1109/939/858
f 1109/939/858 1107/1523/1377 686/941/860
f 1108/1524/1378 1107/1523/1377 1109/939/858
f 1109/939/858 1111/1522/808 1108/1524/1378
f 1401/1525/1379 1107/1523/1377 1108/1524/1378
f 1116/1526/1380 1114/1527/1381 1132/1528/1382
f 1116/1526/1380 1305/1418/1279 1113/1529/1383
f 1116/1526/1380 1113/1529/1383 1114/1527/1381
f 1132/1528/1382 1114/1527/1381 1049/1445/1306
f 1113/1529/1383 1049/1445/1306 1114/1527/1381
f 1048/1446/1307 1049/1445/1306 1113/1529/1383
f 1117/1378/1241 1115/1362/1231 1113/1529/1383
f 1115/1362/1231 1112/1448/1309 1113/1529/1383
f 1113/1529/1383 1112/1448/1309 1048/1446/1307
f 1115/1362/1231 968/1364/1233 1112/1448/1309
f 153/322/235 1121/1530/1384 1118/323/310
f 1071/1474/1332 1121/1530/1384 153/322/235
f 1070/1435/1296 1121/1530/1384 1071/1474/1332
f 1118/323/310 1120/325/311 204/324/309
f 1120/325/311 1118/323/310 1119/1531/1385
f 1121/1530/1384 1070/1435/1296 773/1124/1025
f 1118/323/310 1121/1530/1384 1119/1531/1385
f 773/1124/1025 1161/1532/1386 1121/1530/1384
f 1121/1530/1384 1161/1532/1386 1119/1531/1385
f 468/1533/1387 3231/1534/1388 1122/1535/1389
f 97/137/135 1122/1535/1389 3231/1534/1388
f 1122/1535/1389 97/137/135 2746/1536/1390
f 97/137/135 3231/1534/1388 3051/134/132
f 3051/134/132 96/133/131 97/137/135
f 1658/1537/1391 1058/1458/1319 1124/1538/1392
f 1058/1458/1319 1034/1434/1295 1124/1538/1392
f 1034/1434/1295 1057/1457/1318 1056/1295/1170
f 1070/1435/1296 1124/1538/1392 1034/1434/1295
f 1056/1295/1170 1028/1429/1290 1034/1434/1295
f 1034/1434/1295 1123/1539/1393 1033/1436/1297
f 1028/1429/1290 1123/1539/1393 1034/1434/1295
f 1028/1429/1290 1033/1436/1297 1123/1539/1393
f 1131/1540/1394 1129/1541/1395 582/881/807
f 1126/1542/1396 582/881/807 1129/1541/1395
f 1129/1541/1395 1130/1543/1397 1128/1544/1398
f 1129/1541/1395 1128/1544/1398 1126/1542/1396
f 1130/1543/1397 1127/1545/1399 1128/1544/1398
f 1128/1544/1398 1253/1546/1400 1126/1542/1396
f 1128/1544/1398 1125/1547/1401 1253/1546/1400
f 1127/1545/1399 1125/1547/1401 1128/1544/1398
f 1012/1130/1031 324/513/477 770/1127/1028
f 1133/1548/1402 324/513/477 1012/1130/1031
f 1011/1415/1276 1133/1548/1402 1012/1130/1031
f 1133/1548/1402 1244/511/475 324/513/477
f 1011/1415/1276 1134/1549/1403 1133/1548/1402
f 1245/1550/1404 1134/1549/1403 1116/1526/1380
f 1116/1526/1380 1132/1528/1382 1245/1550/1404
f 1011/1415/1276 1010/1419/1280 1134/1549/1403
f 1010/1419/1280 1116/1526/1380 1134/1549/1403
f 1132/1528/1382 1049/1445/1306 1245/1550/1404
f 1136/1224/1107 1135/1551/1405 3066/1552/1406
f 1136/1224/1107 1137/743/688 1135/1551/1405
f 1135/1551/1405 1137/743/688 488/745/690
f 1138/1343/1212 1140/1342/1211 1139/1425/1286
f 1139/1425/1286 1044/1441/1302 1138/1343/1212
f 1139/1425/1286 375/579/533 374/580/534
f 1139/1425/1286 1043/582/536 1044/1441/1302
f 374/580/534 1043/582/536 1139/1425/1286
f 1143/1553/1407 1569/1554/1408 1412/1555/1409
f 1566/1556/1410 1143/1553/1407 1141/399/375
f 1143/1553/1407 1142/1557/1411 1141/399/375
f 1617/1558/1412 1141/399/375 1142/1557/1411
f 1141/399/375 2499/1559/1413 3310/397/373
f 1617/1558/1412 2499/1559/1413 1141/399/375
f 880/75/75 1150/77/77 1149/1560/1414
f 1150/77/77 1148/1561/1415 1149/1560/1414
f 1150/77/77 1146/1562/1416 1148/1561/1415
f 805/1175/1069 1146/1562/1416 1150/77/77
f 805/1175/1069 1145/1563/1417 1146/1562/1416
f 1148/1561/1415 1146/1562/1416 1203/1564/1418
f 1147/1565/1419 1203/1564/1418 1146/1562/1416
f 1146/1562/1416 1145/1563/1417 1147/1565/1419
f 1202/1566/1420 1147/1565/1419 1145/1563/1417
f 2605/1567/1421 1153/1568/1422 1353/1569/1423
f 1353/1569/1423 1153/1568/1422 1154/1570/1424
f 1152/1571/1425 2600/1572/1426 1153/1573/1422
f 2600/1572/1426 1151/1574/1427 1153/1573/1422
f 2599/1575/1428 1151/1574/1427 2600/1572/1426
f 2598/1576/1429 2856/1577/1430 1151/1574/1427
f 1009/1384/1247 1158/1412/1273 45/302/290
f 45/302/290 1158/1412/1273 197/303/291
f 1158/1412/1273 1432/1578/1431 197/303/291
f 1158/1412/1273 1157/1413/1274 1432/1578/1431
f 1157/1413/1274 1156/1579/1432 1432/1578/1431
f 320/326/312 1120/325/311 1160/509/474
f 1120/325/311 1159/1580/1433 1160/509/474
f 1160/509/474 1159/1580/1433 1093/1500/1357
f 1119/1531/1385 1159/1580/1433 1120/325/311
f 1161/1532/1386 1159/1580/1433 1119/1531/1385
f 1159/1580/1433 1161/1532/1386 1092/1502/1358
f 1161/1532/1386 771/1126/1027 1092/1502/1358
f 1159/1580/1433 1092/1502/1358 1093/1500/1357
f 1164/1581/1434 1166/1582/1435 3180/1583/1436
f 1165/1584/1437 1166/1582/1435 1164/1581/1434
f 1165/1584/1437 1164/1581/1434 1162/1585/1438
f 1164/1581/1434 1163/1586/1439 1162/1585/1438
f 3291/1587/1440 1162/1585/1438 1163/1586/1439
f 655/1369/893 1164/1581/1434 969/1367/1236
f 1163/1586/1439 1164/1581/1434 655/1369/893
f 1167/870/798 383/592/546 1546/598/552
f 1366/1588/1441 1172/1589/1442 1170/1590/1443
f 1170/1590/1443 1171/1591/1444 1169/1592/1445
f 1172/1589/1442 1171/1591/1444 1170/1590/1443
f 1169/1592/1445 1171/1591/1444 1168/1593/1446
f 1168/1593/1446 342/533/492 1169/1592/1445
f 1171/1591/1444 84/1594/1447 1168/1593/1446
f 343/536/495 342/533/492 1168/1593/1446
f 991/1387/1250 1175/1595/1448 990/1218/1103
f 1176/1596/1449 1175/1595/1448 991/1387/1250
f 991/1387/1250 1177/317/305 1176/1596/1449
f 1177/317/305 1173/1597/1450 1176/1596/1449
f 1175/1595/1448 1240/1598/1451 990/1218/1103
f 1175/1595/1448 1174/1599/1452 1240/1598/1451
f 1176/1596/1449 1174/1599/1452 1175/1595/1448
f 1173/1597/1450 1177/317/305 202/316/304
f 3276/1600/1453 346/1601/1454 1173/1597/1450
f 1176/1596/1449 1173/1597/1450 1174/1599/1452
f 346/1601/1454 344/1082/983 1173/1597/1450
f 1145/1563/1417 1179/1177/1071 1202/1566/1420
f 805/1175/1069 1179/1177/1071 1145/1563/1417
f 1178/1602/1455 1202/1566/1420 1179/1177/1071
f 1181/1133/1034 1180/1603/1456 1179/1177/1071
f 1181/1133/1034 775/1134/1035 1180/1603/1456
f 1180/1603/1456 1178/1602/1455 1179/1177/1071
f 1180/1603/1456 1267/1604/1457 1178/1602/1455
f 1267/1604/1457 1266/1605/1458 1178/1602/1455
f 1185/1606/1459 3073/1607/1460 152/1608/1461
f 1184/1609/1462 3073/1607/1460 1185/1606/1459
f 2866/1610/1463 1411/1611/1464 1182/1612/1465
f 1084/858/786 566/856/784 1186/1163/1057
f 1189/1613/1466 1188/1614/1467 795/1615/1468
f 795/1615/1468 794/1159/1053 1186/1163/1057
f 795/1615/1468 1186/1163/1057 1189/1613/1466
f 570/859/787 1186/1163/1057 566/856/784
f 1186/1163/1057 570/859/787 1187/1433/1294
f 1189/1613/1466 1186/1163/1057 1187/1433/1294
f 902/1285/1161 881/1267/1144 883/1216/1102
f 902/1285/1161 1193/1616/1469 881/1267/1144
f 1191/1269/1146 881/1267/1144 1193/1616/1469
f 1193/1616/1469 902/1285/1161 1192/1286/1162
f 1193/1616/1469 1190/1617/1470 1191/1269/1146
f 1192/1286/1162 1190/1617/1470 1193/1616/1469
f 1192/1286/1162 904/125/123 1029/1431/1292
f 904/125/123 1030/123/121 1029/1431/1292
f 1443/1618/1471 1190/1617/1470 1192/1286/1162
f 1190/1617/1470 1443/1618/1471 1441/1619/1472
f 569/854/782 1192/1286/1162 1029/1431/1292
f 1192/1286/1162 569/854/782 1443/1618/1471
f 251/430/396 1195/1620/1473 248/431/401
f 1195/1621/1473 1101/1517/1372 248/1622/401
f 1100/1516/1371 248/1622/401 1101/1517/1372
f 248/1622/401 1100/1516/1371 1194/1623/1474
f 1194/1623/1474 510/1624/402 248/1622/401
f 510/432/402 628/877/805 508/774/717
f 510/432/402 584/875/803 628/877/805
f 1194/1625/1474 584/875/803 510/432/402
f 585/1275/1152 1194/1623/1474 1100/1516/1371
f 1194/1623/1474 585/1275/1152 584/880/803
f 585/1275/1152 583/878/806 584/880/803
f 1197/1626/1475 1180/1603/1456 775/1134/1035
f 1197/1626/1475 775/1134/1035 774/849/777
f 1180/1603/1456 1197/1626/1475 1267/1604/1457
f 1197/1626/1475 1367/1627/1476 1267/1604/1457
f 1197/1626/1475 1365/1628/1477 1367/1627/1476
f 1365/1628/1477 1197/1626/1475 413/1629/1478
f 774/849/777 1172/1589/1442 1196/1630/1479
f 1197/1626/1475 774/849/777 413/1629/1478
f 1196/1630/1479 413/1629/1478 774/849/777
f 1107/1523/1377 1199/1631/1480 686/941/860
f 686/941/860 1199/1631/1480 685/940/859
f 685/940/859 1199/1631/1480 379/584/538
f 1107/1523/1377 1198/1632/1481 1199/1631/1480
f 1198/1632/1481 1402/1633/1482 1199/1631/1480
f 1107/1523/1377 1401/1525/1379 1198/1632/1481
f 1400/1634/1483 1198/1632/1481 1401/1525/1379
f 1147/1565/1419 1201/1228/1111 1203/1564/1418
f 1200/1635/1484 755/1106/1007 1201/1228/1111
f 1147/1565/1419 1202/1566/1420 1200/1635/1484
f 1202/1566/1420 855/1229/1112 1200/1635/1484
f 1201/1228/1111 1147/1565/1419 1200/1635/1484
f 1200/1635/1484 855/1229/1112 755/1106/1007
f 1204/1636/1485 1208/1411/1272 1207/1637/1486
f 1204/1636/1485 1205/1638/1487 1271/1639/1488
f 1208/1411/1272 1204/1636/1485 1008/1410/1271
f 1207/1637/1486 1206/1640/1489 1204/1636/1485
f 1157/1413/1274 1008/1410/1271 1204/1636/1485
f 1209/1641/1490 1206/1640/1489 1207/1637/1486
f 1209/1641/1490 107/118/116 1206/1640/1489
f 107/118/116 106/163/159 1206/1640/1489
f 106/163/159 1205/1638/1487 1206/1640/1489
f 1206/1640/1489 1205/1638/1487 1204/1636/1485
f 246/416/389 1210/947/866 2998/417/390
f 2998/417/390 1210/947/866 1211/1642/1491
f 630/944/863 1211/1642/1491 1210/947/866
f 3330/1643/1492 1215/1104/1005 19/30/30
f 1214/31/31 19/30/30 1213/1644/1493
f 1215/1104/1005 1213/1644/1493 19/30/30
f 1213/1644/1493 1212/1645/1494 1211/1642/1491
f 748/1103/1004 1211/1642/1491 1212/1645/1494
f 1211/1642/1491 748/1103/1004 2998/417/390
f 1213/1644/1493 1215/1104/1005 1212/1645/1494
f 630/944/863 1214/31/31 1213/1644/1493
f 1213/1644/1493 1211/1642/1491 630/944/863
f 463/713/660 1217/1646/943 697/1032/940
f 1217/1646/943 463/713/660 1218/1647/1495
f 1217/1646/943 1218/1647/1495 1216/1648/1496
f 1254/1649/1497 1219/1650/1498 1221/1651/1499
f 1066/1461/1322 1221/1651/1499 1219/1650/1498
f 1222/1652/1500 1065/1462/1323 1219/1650/1498
f 1219/1650/1498 1065/1462/1323 1066/1461/1322
f 1222/1652/1500 1220/1653/289 1065/1462/1323
f 1222/1652/1500 1223/1654/1501 1220/1653/289
f 1064/1465/288 1065/1462/1323 1220/1653/289
f 1227/1655/1502 604/166/162 109/147/144
f 109/147/144 882/149/145 1227/1655/1502
f 604/166/162 1227/1655/1502 108/167/163
f 1226/1268/1145 1227/1655/1502 882/149/145
f 1226/1268/1145 108/167/163 1227/1655/1502
f 1226/1268/1145 1191/1269/1146 1224/1482/1340
f 1191/1269/1146 1442/1656/1503 1224/1482/1340
f 108/167/163 1224/1482/1340 1225/165/161
f 108/167/163 1226/1268/1145 1224/1482/1340
f 1225/165/161 1340/1481/1339 1339/1657/1504
f 1225/165/161 1224/1482/1340 1340/1481/1339
f 1442/1656/1503 1080/1479/1337 1224/1482/1340
f 869/1250/1129 1231/1658/1505 1232/1659/1506
f 869/1250/1129 1230/1660/1507 1231/1658/1505
f 1230/1660/1507 1131/1540/1394 1231/1658/1505
f 867/1251/1130 1230/1660/1507 869/1250/1129
f 867/1251/1130 1229/1253/1132 1230/1660/1507
f 1131/1540/1394 1232/1659/1506 1231/1658/1505
f 1130/1543/1397 1131/1540/1394 1230/1660/1507
f 1131/1540/1394 1130/1543/1397 1129/1541/1395
f 1230/1660/1507 1229/1253/1132 1130/1543/1397
f 1229/1253/1132 1228/1661/1508 1130/1543/1397
f 1228/1661/1508 1127/1545/1399 1130/1543/1397
f 1237/1662/1509 202/316/304 203/314/302
f 1238/1663/1510 1235/1664/1511 202/316/304
f 1235/1664/1511 1234/1665/1512 202/316/304
f 202/316/304 1234/1665/1512 3276/1600/1453
f 1236/1147/1043 1235/1664/1511 1238/1663/1510
f 1235/1664/1511 1236/1147/1043 785/1146/1042
f 1233/1666/1513 1234/1665/1512 1235/1664/1511
f 785/1146/1042 1233/1666/1513 1235/1664/1511
f 785/1146/1042 3277/1150/1046 1233/1666/1513
f 990/1218/1103 1240/1598/1451 847/1220/1104
f 848/1222/1106 847/1220/1104 1103/1513/1368
f 1240/1598/1451 1174/1599/1452 1239/1514/1369
f 847/1220/1104 1239/1514/1369 1104/1512/1367
f 1239/1514/1369 847/1220/1104 1240/1598/1451
f 1173/1597/1450 739/1084/985 1174/1599/1452
f 1174/1599/1452 739/1084/985 1239/1514/1369
f 1173/1597/1450 344/1082/983 739/1084/985
f 739/1084/985 889/1273/1150 1239/1514/1369
f 322/514/478 323/512/476 1244/511/475
f 1134/1549/1403 1244/511/475 1133/1548/1402
f 322/514/478 207/329/315 321/328/314
f 207/329/315 322/514/478 1242/1667/1514
f 1242/1667/1514 322/514/478 1244/511/475
f 1245/1550/1404 1244/511/475 1134/1549/1403
f 1244/511/475 1245/1550/1404 1242/1667/1514
f 1049/1445/1306 1243/1668/1515 1245/1550/1404
f 1245/1550/1404 1243/1668/1515 1242/1667/1514
f 1049/1445/1306 1241/1447/1308 1243/1668/1515
f 1242/1667/1514 1241/1447/1308 1264/1669/1516
f 1242/1667/1514 1243/1668/1515 1241/1447/1308
f 899/1282/1159 1264/1669/1516 1241/1447/1308
f 1247/415/388 24/40/40 1248/1160/1054
f 609/916/836 23/38/38 24/40/40
f 609/916/836 24/40/40 1247/415/388
f 1247/415/388 1246/418/391 609/916/836
f 245/414/387 1246/418/391 1247/415/388
f 1247/415/388 1249/946/865 246/416/389
f 3333/1670/1517 19/30/30 20/29/29
f 1358/260/252 167/259/251 135/1671/1518
f 1214/31/31 1251/1672/1519 1250/1673/1520
f 20/29/29 1214/31/31 1250/1673/1520
f 1251/1672/1519 632/942/861 135/1671/1518
f 1214/31/31 632/942/861 1251/1672/1519
f 1250/1673/1520 1252/261/253 1531/1674/1521
f 1250/1673/1520 1251/1672/1519 1252/261/253
f 167/259/251 1252/261/253 1251/1672/1519
f 1251/1672/1519 135/1671/1518 167/259/251
f 1126/1542/1396 1257/1675/1522 1111/882/808
f 1126/1676/1396 1253/1677/1400 1257/1678/1522
f 1257/1678/1522 1399/1679/1523 1401/1525/1379
f 1125/1680/1401 1255/1681/1524 1253/1677/1400
f 1253/1677/1400 1399/1679/1523 1257/1678/1522
f 1125/1680/1401 1256/1682/1525 1255/1681/1524
f 1255/1681/1524 1254/1649/1497 1253/1677/1400
f 1255/1681/1524 1256/1682/1525 1417/1683/1526
f 1254/1649/1497 1255/1681/1524 1417/1683/1526
f 1262/1684/1527 1261/1685/1528 1260/1686/1529
f 1260/1687/1529 1258/1297/1172 1259/1688/1530
f 1261/1685/1528 886/1270/1147 1260/1686/1529
f 886/1689/1147 1258/1297/1172 1260/1687/1529
f 917/1460/1321 1259/1688/1530 916/1291/1167
f 916/1291/1167 915/1293/1168 917/1460/1321
f 916/1291/1167 1259/1688/1530 1258/1297/1172
f 885/1271/1148 886/1270/1147 1261/1685/1528
f 1258/1690/1172 886/1270/1147 736/792/732
f 736/792/732 523/794/734 1258/1690/1172
f 1263/1691/1531 1237/1662/1509 207/329/315
f 1242/1667/1514 1264/1669/1516 1263/1691/1531
f 1264/1669/1516 1237/1662/1509 1263/1691/1531
f 1263/1691/1531 207/329/315 1242/1667/1514
f 207/329/315 1237/1662/1509 203/314/302
f 1238/1663/1510 202/316/304 1237/1662/1509
f 1264/1669/1516 1238/1663/1510 1237/1662/1509
f 1264/1669/1516 899/1282/1159 1238/1663/1510
f 786/1145/1041 1236/1147/1043 1238/1663/1510
f 899/1282/1159 786/1145/1041 1238/1663/1510
f 1202/1566/1420 1178/1602/1455 1006/1230/1113
f 855/1229/1112 1202/1566/1420 1006/1230/1113
f 1178/1602/1455 1007/1405/1266 1006/1230/1113
f 1178/1602/1455 1266/1605/1458 1007/1405/1266
f 1267/1604/1457 1265/1692/1532 1266/1605/1458
f 1265/1692/1532 1004/1403/1264 1007/1405/1266
f 1266/1605/1458 1265/1692/1532 1007/1405/1266
f 1364/1693/1533 1004/1403/1264 1265/1692/1532
f 1204/1636/1485 1271/1639/1488 1157/1413/1274
f 1156/1579/1432 1157/1413/1274 1155/1694/1534
f 1271/1639/1488 1270/1695/1535 1157/1413/1274
f 1270/1695/1535 1155/1694/1534 1157/1413/1274
f 1270/1695/1535 1478/1696/1536 1155/1694/1534
f 1269/1697/1537 1478/1696/1536 1270/1695/1535
f 1205/1638/1487 1270/1695/1535 1271/1639/1488
f 1270/1695/1535 106/163/159 169/263/255
f 106/163/159 1270/1695/1535 1205/1638/1487
f 1270/1695/1535 169/263/255 1269/1697/1537
f 67/94/94 1269/1697/1537 169/263/255
f 985/1383/1246 1272/1698/1538 984/1409/1270
f 1208/1411/1272 984/1409/1270 1272/1698/1538
f 1273/115/113 1209/1641/1490 1272/1698/1538
f 944/1341/1210 1272/1698/1538 985/1383/1246
f 944/1341/1210 1302/1699/1539 1272/1698/1538
f 1207/1637/1486 1208/1411/1272 1272/1698/1538
f 1272/1698/1538 1209/1641/1490 1207/1637/1486
f 1274/1700/1540 50/65/65 1273/115/113
f 48/64/64 1273/115/113 50/65/65
f 48/64/64 83/67/67 1273/115/113
f 1273/115/113 83/67/67 82/117/115
f 1274/1700/1540 1273/115/113 1272/1698/1538
f 1273/115/113 107/118/116 1209/1641/1490
f 1277/1701/1541 1276/1702/1542 1127/1545/1399
f 1125/1547/1401 1276/1702/1542 1256/1703/1525
f 1127/1545/1399 1276/1702/1542 1125/1547/1401
f 1277/1701/1541 1419/1704/1543 1276/1702/1542
f 1278/1705/1544 1275/1706/1545 1277/1701/1541
f 58/1707/24 1275/1706/1545 1278/1705/1544
f 1275/1706/1545 1419/1704/1543 1277/1701/1541
f 1419/1704/1543 1275/1706/1545 47/1708/79
f 58/1707/24 47/1708/79 1275/1706/1545
f 876/1262/1140 1279/1265/1142 653/1263/895
f 652/980/897 653/978/895 1279/1265/1142
f 877/1264/1141 1149/1560/1414 1279/1265/1142
f 1279/1265/1142 983/1382/1245 652/980/897
f 1279/1265/1142 1149/1560/1414 1148/1561/1415
f 1148/1561/1415 983/1382/1245 1279/1265/1142
f 1148/1561/1415 1203/1564/1418 983/1382/1245
f 1201/1228/1111 983/1382/1245 1203/1564/1418
f 1172/1589/1442 558/848/776 559/850/778
f 1172/1589/1442 774/849/777 558/848/776
f 1366/1588/1441 1196/1630/1479 1172/1589/1442
f 559/850/778 1171/1591/1444 1172/1589/1442
f 910/1290/1166 84/1594/1447 1171/1591/1444
f 559/850/778 910/1290/1166 1171/1591/1444
f 2258/1709/1546 2256/1710/1547 1281/1711/1548
f 1284/1712/1549 2131/1713/1550 422/646/597
f 1804/645/596 1284/1712/1549 422/646/597
f 1282/1714/1551 1285/1715/1552 1288/1716/1553
f 1288/1716/1553 1287/1717/1554 1282/1714/1551
f 1287/1717/1554 1288/1716/1553 2922/1718/1555
f 2922/1718/1555 1288/1716/1553 1285/1715/1552
f 1285/1715/1552 1282/1714/1551 1283/1719/1556
f 1282/1714/1551 1287/1717/1554 1286/1720/1557
f 1286/1720/1557 1284/1712/1549 1282/1714/1551
f 1287/1717/1554 1289/1721/1558 1286/1720/1557
f 1284/1712/1549 1804/645/596 1282/1714/1551
f 688/1722/932 1292/1723/1559 934/1327/1201
f 1292/1723/1559 1293/1724/1560 1291/1725/1561
f 1293/1724/1560 3286/1726/1562 1291/1725/1561
f 1060/1456/1317 1660/1329/1202 1292/1723/1559
f 1291/1725/1561 1059/1459/1320 1292/1723/1559
f 1060/1456/1317 1292/1723/1559 1059/1459/1320
f 1290/1727/1563 1291/1725/1561 3286/1726/1562
f 1290/1727/1563 1262/1728/1527 1260/1687/1529
f 1260/1687/1529 1259/1688/1530 1290/1727/1563
f 1291/1725/1561 1290/1727/1563 1059/1459/1320
f 1290/1727/1563 917/1460/1321 1059/1459/1320
f 1290/1727/1563 1259/1688/1530 917/1460/1321
f 874/1255/1134 1299/1729/1564 2985/1730/1565
f 1299/1729/1564 874/1255/1134 872/1258/1137
f 1299/1729/1564 872/1258/1137 1294/1731/1566
f 872/1258/1137 3036/1732/1567 1294/1731/1566
f 1299/1729/1564 1295/1733/1568 1298/1734/1569
f 1299/1729/1564 1296/1735/1570 1295/1733/1568
f 1299/1729/1564 1294/1731/1566 1296/1735/1570
f 1298/1734/1569 2395/1736/1571 1297/1737/1572
f 179/277/266 1301/276/267 239/406/382
f 1300/1738/1573 806/1173/1067 239/406/382
f 239/406/382 1301/276/267 1300/1738/1573
f 1301/276/267 180/275/265 438/677/624
f 438/677/624 595/889/815 1301/276/267
f 595/889/815 592/890/816 1301/276/267
f 592/890/816 1300/1738/1573 1301/276/267
f 1304/1739/1574 1302/1699/1539 947/1740/1575
f 1304/1739/1574 1303/1489/1347 1302/1699/1539
f 1303/1489/1347 1274/1700/1540 1302/1699/1539
f 947/1740/1575 945/1340/1209 946/388/366
f 947/1740/1575 1302/1699/1539 945/1340/1209
f 1302/1699/1539 944/1341/1210 945/1340/1209
f 1274/1700/1540 1272/1698/1538 1302/1699/1539
f 1075/1486/1344 50/65/65 1303/1489/1347
f 1303/1489/1347 50/65/65 1274/1700/1540
f 1010/1419/1280 1305/1418/1279 1116/1526/1380
f 1000/1396/1259 1306/1401/1263 1014/1398/1261
f 1305/1418/1279 1011/1415/1276 1014/1398/1261
f 1306/1401/1263 1305/1418/1279 1014/1398/1261
f 1117/1378/1241 1113/1529/1383 1305/1418/1279
f 1306/1401/1263 999/1400/1262 975/1741/1238
f 975/1741/1238 974/1374/1239 1306/1401/1263
f 974/1374/1239 978/1376/1240 1306/1401/1263
f 1305/1418/1279 1306/1401/1263 1117/1378/1241
f 1306/1401/1263 978/1376/1240 1117/1378/1241
f 977/1379/1242 1117/1378/1241 483/1377/1230
f 977/1379/1242 1115/1362/1231 1117/1378/1241
f 3227/1742/1576 3226/1743/1577 1316/1744/1578
f 1319/1745/1579 3227/1742/1576 1316/1744/1578
f 3226/1743/1577 1314/1746/1580 1316/1744/1578
f 1312/1747/1581 1318/1748/1582 1309/1749/1583
f 1314/1746/1580 1319/1745/1579 1316/1744/1578
f 1319/1745/1579 1314/1746/1580 1318/1748/1582
f 1309/1749/1583 1318/1748/1582 1314/1746/1580
f 1310/1750/1584 1309/1749/1583 1314/1746/1580
f 1309/1749/1583 1308/1751/1585 1312/1747/1581
f 1309/1749/1583 3220/1752/1586 1308/1751/1585
f 1320/1753/1587 1318/1748/1582 1317/664/615
f 1312/1747/1581 1317/664/615 1318/1748/1582
f 1317/664/615 1312/1747/1581 1315/1754/1588
f 1311/1755/1589 1317/664/615 1315/1754/1588
f 1311/1755/1589 1313/1756/1590 1317/664/615
f 1307/1757/1591 1313/1756/1590 1311/1755/1589
f 1312/1747/1581 1308/1751/1585 1315/1754/1588
f 1315/1754/1588 1308/1751/1585 1307/1757/1591
f 3221/1758/1592 1308/1751/1585 3220/1752/1586
f 1308/1751/1585 3221/1758/1592 1307/1757/1591
f 1315/1754/1588 1307/1757/1591 1311/1755/1589
f 1321/1759/1593 333/122/120 334/1760/490
f 1030/123/121 333/122/120 1321/1759/1593
f 334/1760/490 1052/1449/1310 1321/1759/1593
f 1321/1759/1593 201/1430/1291 1030/123/121
f 929/1252/1131 1228/1661/1508 1229/1253/1132
f 929/1252/1131 1323/1318/1192 1228/1661/1508
f 1127/1545/1399 1228/1661/1508 1277/1701/1541
f 1323/1318/1192 1277/1701/1541 1228/1661/1508
f 1322/1319/1193 1277/1701/1541 1323/1318/1192
f 1322/1319/1193 1278/1705/1544 1277/1701/1541
f 601/902/826 15/1761/25 1322/1319/1193
f 601/902/826 36/905/361 15/1761/25
f 1322/1319/1193 15/1761/25 1278/1705/1544
f 15/1761/25 58/1707/24 1278/1705/1544
f 1326/1762/1594 1327/1763/1595 1325/1764/1596
f 527/804/741 1325/1764/1596 1327/1763/1595
f 927/1316/1190 1325/1765/1596 527/805/741
f 527/805/741 1324/769/712 927/1316/1190
f 926/1311/1185 927/1316/1190 1324/769/712
f 473/721/668 4/1766/1597 474/722/669
f 4/1766/1597 1329/1767/1598 474/722/669
f 1329/1767/1598 1328/1768/1599 474/722/669
f 1331/1769/1600 1328/1768/1599 1329/1767/1598
f 1328/1768/1599 1330/129/127 1022/869/797
f 1022/869/797 1330/129/127 92/131/129
f 1022/869/797 92/131/129 1021/45/45
f 1328/1768/1599 1022/869/797 474/722/669
f 1021/45/45 581/868/796 1022/869/797
f 1336/1770/1601 2044/1771/1602 1335/1772/1603
f 1335/1772/1603 2045/1773/1604 1334/1774/1605
f 1619/1775/1606 2048/1776/1607 1336/1770/1601
f 2044/1771/1602 1336/1770/1601 2048/1776/1607
f 1333/1777/1608 1332/1778/1609 1334/1774/1605
f 1334/1774/1605 2045/1773/1604 1333/1777/1608
f 236/386/364 1225/165/161 1338/387/365
f 1338/387/365 1225/165/161 1339/1657/1504
f 947/1740/1575 946/388/366 1338/387/365
f 1304/1739/1574 947/1740/1575 1338/387/365
f 1338/387/365 1339/1657/1504 1304/1739/1574
f 1340/1481/1339 1304/1739/1574 1339/1657/1504
f 1304/1739/1574 1340/1481/1339 1080/1479/1337
f 1303/1489/1347 1304/1739/1574 1080/1479/1337
f 1303/1489/1347 1080/1479/1337 1077/1478/1336
f 1574/1779/1610 1342/1780/1611 315/502/468
f 1709/1781/1612 315/502/468 1342/1780/1611
f 314/501/467 1574/1779/1610 315/502/468
f 4/1766/1597 473/721/668 1341/1782/1613
f 1342/1780/1611 1341/1782/1613 1709/1781/1612
f 473/721/668 472/723/670 1341/1782/1613
f 1341/1782/1613 472/723/670 1525/871/799
f 1344/1783/1614 3497/577/531 293/476/444
f 1344/1783/1614 293/476/444 1343/1784/1615
f 292/477/445 1343/1784/1615 293/476/444
f 3493/1785/1616 1344/1783/1614 1343/1784/1615
f 27/523/484 699/1033/941 779/1138/1036
f 699/1033/941 27/523/484 59/84/84
f 59/84/84 463/713/660 699/1033/941
f 780/639/590 779/1136/1036 683/1015/925
f 698/1034/942 683/1017/925 779/1786/1036
f 699/1787/941 698/1034/942 779/1786/1036
f 698/1034/942 699/1787/941 697/1035/940
f 1352/1788/1617 1350/1789/1618 1349/1790/1619
f 1349/1790/1619 1351/1791/1620 1352/1788/1617
f 1346/1792/1621 1349/1790/1619 1350/1789/1618
f 1346/1792/1621 1347/1793/1622 1349/1790/1619
f 1351/1791/1620 1349/1790/1619 1347/1793/1622
f 1351/1791/1620 1347/1793/1622 2851/1794/1623
f 1999/1795/1624 1355/1031/939 1996/1796/1625
f 1355/1031/939 3012/1797/1626 1996/1796/1625
f 3012/1797/1626 1354/1798/1627 1996/1796/1625
f 3012/1797/1626 3010/1799/1628 1354/1798/1627
f 1354/1798/1627 1353/1569/1423 1154/1570/1424
f 3010/1799/1628 1353/1569/1423 1354/1798/1627
f 1356/359/339 1420/1800/1629 219/356/336
f 1420/1800/1629 1358/260/252 135/1671/1518
f 1420/1800/1629 1356/359/339 1358/260/252
f 1036/1454/1315 1357/360/340 220/1452/1313
f 220/1452/1313 1357/360/340 2535/358/338
f 1036/1454/1315 1035/1438/1299 1357/360/340
f 1356/359/339 1357/360/340 1358/260/252
f 1359/1801/1630 168/258/250 1358/260/252
f 1037/256/248 1359/1801/1630 1357/360/340
f 1358/260/252 1357/360/340 1359/1801/1630
f 1037/256/248 168/258/250 1359/1801/1630
f 452/701/648 1362/1802/1631 450/699/646
f 450/699/646 1361/1021/929 448/702/649
f 450/699/646 1362/1802/1631 1361/1021/929
f 1362/1802/1631 691/1026/934 1361/1021/929
f 689/1023/931 1361/1021/929 691/1026/934
f 691/1026/934 3292/1803/1632 3293/1025/933
f 1362/1802/1631 452/701/648 1166/1582/1435
f 1166/1582/1435 1165/1584/1437 1360/1804/1633
f 1165/1584/1437 1162/1585/1438 1360/1804/1633
f 1362/1802/1631 1166/1582/1435 691/1026/934
f 1166/1582/1435 1360/1804/1633 691/1026/934
f 3292/1803/1632 691/1026/934 1360/1804/1633
f 3290/1805/1634 3292/1803/1632 1360/1804/1633
f 1367/1627/1476 1265/1692/1532 1267/1604/1457
f 1367/1627/1476 1365/1628/1477 1265/1692/1532
f 1265/1692/1532 1365/1628/1477 413/1629/1478
f 413/1629/1478 1364/1693/1533 1265/1692/1532
f 413/1629/1478 1363/1806/1635 1364/1693/1533
f 1170/1590/1443 1169/1592/1445 342/533/492
f 1196/1630/1479 1366/1588/1441 413/1629/1478
f 1366/1588/1441 1170/1590/1443 413/1629/1478
f 1170/1590/1443 342/533/492 1363/1806/1635
f 342/533/492 1370/1807/1636 1363/1806/1635
f 413/1629/1478 1170/1590/1443 1363/1806/1635
f 1364/1693/1533 1005/1407/1268 1004/1403/1264
f 1363/1806/1635 1370/1807/1636 1364/1693/1533
f 1364/1693/1533 1370/1807/1636 1005/1407/1268
f 1003/1406/1267 166/1408/1269 1368/1808/1637
f 1370/1807/1636 1368/1808/1637 1005/1407/1268
f 1005/1407/1268 1368/1808/1637 166/1408/1269
f 1370/1807/1636 342/533/492 1369/539/498
f 1370/1807/1636 1369/539/498 1368/1808/1637
f 1374/1809/1638 1373/1810/1639 1372/1811/1640
f 1372/1811/1640 1371/1812/1641 1374/1809/1638
f 1380/1813/1642 1378/1814/1643 1382/1123/1024
f 1380/1813/1642 1379/1815/1644 1378/1814/1643
f 1379/1815/1644 1375/11/11 1378/1814/1643
f 1375/11/11 1379/1815/1644 161/12/12
f 1377/247/241 1379/1815/1644 1380/1813/1642
f 1380/1813/1642 1381/638/589 1377/247/241
f 683/1015/925 1381/638/589 780/639/590
f 683/1015/925 1377/247/241 1381/638/589
f 683/1015/925 1376/1014/924 1377/247/241
f 161/12/12 1379/1815/1644 1377/247/241
f 1377/247/241 1376/1014/924 160/248/242
f 1376/1014/924 682/1016/926 160/248/242
f 710/1045/952 1628/1041/948 221/364/344
f 710/1045/952 711/1044/951 707/1046/953
f 707/1046/953 711/1044/951 705/1048/955
f 711/1044/951 1386/1816/1645 705/1048/955
f 705/1048/955 1386/1816/1645 3222/1049/956
f 1385/1817/1646 3222/1049/956 1386/1816/1645
f 3222/1049/956 1385/1817/1646 3224/1818/1647
f 1390/1819/1648 1386/1816/1645 711/1044/951
f 1390/1819/1648 1389/1820/1649 1386/1816/1645
f 1385/1817/1646 1386/1816/1645 1384/1821/1650
f 1384/1821/1650 3224/1818/1647 1385/1817/1646
f 1386/1816/1645 1389/1820/1649 1384/1821/1650
f 1389/1820/1649 1388/1822/1651 1384/1821/1650
f 1387/1823/1652 1383/1824/1653 1388/1822/1651
f 1384/1821/1650 1388/1822/1651 1383/1824/1653
f 1383/1824/1653 1387/1823/1652 200/306/294
f 3224/1818/1647 1384/1821/1650 1383/1824/1653
f 200/306/294 199/307/295 1383/1824/1653
f 1397/1825/1654 1396/1826/1655 1395/1827/1656
f 1395/1827/1656 1394/1828/1657 1500/1829/1658
f 1393/1830/1659 1394/1828/1657 1395/1827/1656
f 1395/1827/1656 1392/1831/1660 1393/1830/1659
f 1397/1825/1654 1063/1466/1326 1062/1467/1327
f 1396/1826/1655 1062/1467/1327 1061/1469/1328
f 1062/1467/1327 1396/1826/1655 1397/1825/1654
f 1395/1827/1656 1396/1826/1655 1061/1469/1328
f 1392/1831/1660 1395/1827/1656 1061/1469/1328
f 1391/1470/1329 1392/1831/1660 1061/1469/1328
f 177/964/883 1391/1471/1329 178/961/880
f 177/964/883 57/1832/1661 1391/1471/1329
f 1401/1525/1379 1399/1679/1523 1400/1634/1483
f 1400/1634/1483 1399/1679/1523 1484/1833/1662
f 1400/1634/1483 1484/1833/1662 1485/1834/1663
f 1399/1679/1523 1398/1835/1664 1484/1833/1662
f 1254/1649/1497 1221/1651/1499 1253/1677/1400
f 1253/1677/1400 1221/1651/1499 1399/1679/1523
f 1398/1835/1664 1399/1679/1523 1221/1651/1499
f 1398/1835/1664 1221/1651/1499 1483/1464/1325
f 1199/1631/1480 1402/1633/1482 379/584/538
f 379/584/538 1402/1633/1482 765/587/541
f 1402/1633/1482 764/1115/1016 765/587/541
f 1198/1632/1481 1463/1836/1665 1402/1633/1482
f 1485/1834/1663 1463/1836/1665 1198/1632/1481
f 1461/1837/1666 1463/1836/1665 1485/1834/1663
f 1410/1838/1667 2940/1839/1668 1411/1840/1464
f 1410/1838/1667 1408/1841/1669 2940/1839/1668
f 1410/1838/1667 1409/1842/1670 1408/1841/1669
f 1409/1842/1670 2895/1843/1671 1407/1844/1672
f 1409/1842/1670 1407/1844/1672 1408/1841/1669
f 1407/1844/1672 1405/1845/1673 2938/1846/1674
f 1407/1844/1672 2938/1846/1674 1408/1841/1669
f 1404/706/653 1405/1845/1673 1406/1847/1675
f 1405/1845/1673 1404/706/653 1403/1848/1676
f 1415/1118/1019 760/1117/1018 1413/1849/1677
f 1414/1850/1678 1412/1555/1409 1413/1849/1677
f 1414/1850/1678 1413/1849/1677 760/1117/1018
f 1144/1851/1679 1412/1555/1409 1414/1850/1678
f 1144/1851/1679 1143/1553/1407 1412/1555/1409
f 1414/1850/1678 1503/1852/1680 1144/1851/1679
f 1276/1853/1542 1417/1683/1526 1256/1682/1525
f 1419/1854/1543 1417/1683/1526 1276/1853/1542
f 1419/1854/1543 1418/1855/1681 1417/1683/1526
f 1254/1649/1497 1417/1683/1526 1219/1650/1498
f 1418/1855/1681 1222/1652/1500 1417/1683/1526
f 1417/1683/1526 1222/1652/1500 1219/1650/1498
f 1416/1856/1682 1418/1855/1681 1419/1854/1543
f 1418/1855/1681 1223/1654/1501 1222/1652/1500
f 1416/1857/1682 1419/1704/1543 47/1708/79
f 47/79/79 46/80/80 1416/1858/1682
f 1418/1859/1681 1416/1858/1682 1223/1860/1501
f 1220/301/289 1416/1858/1682 46/80/80
f 1416/1858/1682 1220/301/289 1223/1860/1501
f 682/1019/926 696/1018/927 160/249/242
f 696/1018/927 159/250/243 160/249/242
f 696/1018/927 79/796/736 159/250/243
f 696/1018/927 1217/1036/943 526/1861/1683
f 696/1018/927 526/1861/1683 79/796/736
f 79/796/736 526/1861/1683 525/798/738
f 1467/355/335 1421/357/337 1188/1614/1467
f 1188/1614/1467 1421/357/337 795/1615/1468
f 1421/357/337 631/945/864 795/1615/1468
f 1722/948/867 795/1615/1468 631/945/864
f 1420/1800/1629 632/942/861 631/945/864
f 135/1671/1518 632/942/861 1420/1800/1629
f 1421/357/337 1420/1800/1629 631/945/864
f 1420/1800/1629 1421/357/337 219/356/336
f 1427/1862/1684 1613/1863/1685 1616/1864/1686
f 1427/1862/1684 1425/1865/1687 1613/1863/1685
f 1599/1866/1688 1425/1865/1687 1427/1862/1684
f 1497/1867/1689 1425/1865/1687 1424/1868/1690
f 1424/1868/1690 1423/1869/1691 1422/34/34
f 1423/1869/1691 21/32/32 1422/34/34
f 1425/1865/1687 1599/1866/1688 1426/1870/1692
f 1425/1865/1687 1426/1870/1692 1424/1868/1690
f 1426/1870/1692 1423/1869/1691 1424/1868/1690
f 1426/1870/1692 662/990/904 1423/1869/1691
f 1426/1871/1692 1621/1872/1693 662/993/904
f 18/27/27 1621/1872/1693 1426/1871/1692
f 18/27/27 55/1873/1694 1621/1872/1693
f 1423/1869/1691 662/990/904 21/32/32
f 197/303/291 1432/1578/1431 645/963/882
f 645/963/882 1430/1874/1695 1578/1875/1696
f 1430/1874/1695 645/963/882 1432/1578/1431
f 1429/1876/1697 1577/1877/1698 1430/1874/1695
f 1577/1877/1698 1578/1875/1696 1430/1874/1695
f 1432/1578/1431 1156/1579/1432 1430/1874/1695
f 1430/1874/1695 1156/1579/1432 1431/1878/1699
f 1155/1694/1534 1431/1878/1699 1156/1579/1432
f 1155/1694/1534 1428/1879/1700 1431/1878/1699
f 1430/1874/1695 1431/1878/1699 1429/1876/1697
f 1429/1876/1697 1431/1878/1699 1428/1879/1700
f 1428/1879/1700 1577/1877/1698 1429/1876/1697
f 1280/1880/1701 1436/1881/1702 1437/1882/1703
f 2340/1883/1704 1434/1884/1705 1437/1882/1703
f 1434/1884/1705 2340/1883/1704 2337/1885/1706
f 2340/1883/1704 1436/1881/1702 1433/1886/1707
f 1435/1887/1708 1433/1886/1707 1436/1881/1702
f 1435/1887/1708 2252/1888/1709 1433/1886/1707
f 458/1889/1710 2265/1890/1711 1439/1891/1712
f 1438/1892/1713 458/1893/1710 1439/1894/1712
f 1439/1894/1712 854/1225/1108 1438/1892/1713
f 1442/1656/1503 1082/1485/1343 1080/1479/1337
f 1082/1485/1343 1442/1656/1503 1440/1895/1714
f 1190/1617/1470 1442/1656/1503 1191/1269/1146
f 1190/1617/1470 1441/1619/1472 1442/1656/1503
f 1442/1656/1503 1441/1619/1472 1440/1895/1714
f 1440/1895/1714 567/857/785 1082/1485/1343
f 1079/1484/1342 567/857/785 1084/858/786
f 1443/1618/1471 567/857/785 1441/1619/1472
f 1443/1618/1471 569/854/782 567/857/785
f 1440/1895/1714 1441/1619/1472 567/857/785
f 1454/1896/1715 1453/1897/1716 1449/1898/1717
f 2626/1899/1718 2625/1900/1719 1454/1896/1715
f 2626/1899/1718 1454/1896/1715 9/4/4
f 8/5/5 9/4/4 1454/1896/1715
f 1454/1896/1715 1770/1901/1720 8/5/5
f 1452/1902/1721 1770/1901/1720 1454/1896/1715
f 1454/1896/1715 2625/1900/1719 1453/1897/1716
f 1454/1896/1715 1449/1898/1717 1452/1902/1721
f 1452/1902/1721 1449/1898/1717 1447/1903/1722
f 1452/1902/1721 1447/1903/1722 1450/1904/1723
f 1451/1905/1724 1453/1897/1716 2623/1906/1725
f 1446/1907/1726 1449/1898/1717 1453/1897/1716
f 1446/1907/1726 1448/1908/1727 1449/1898/1717
f 1451/1905/1724 1446/1907/1726 1453/1897/1716
f 1445/1909/1728 1448/1908/1727 1446/1907/1726
f 1449/1898/1717 1448/1908/1727 1447/1903/1722
f 1447/1910/1722 1448/1911/1727 1863/1912/1729
f 1444/1913/1730 1863/1912/1729 1448/1911/1727
f 1444/1914/1730 1445/1909/1728 1696/1915/1731
f 1445/1916/1728 1444/1913/1730 1448/1911/1727
f 1444/1913/1730 1694/1917/1732 1860/1918/1733
f 1457/1919/1734 1458/92/92 61/91/91
f 1522/1920/1735 1457/1919/1734 61/91/91
f 65/90/90 1458/92/92 1460/1921/1736
f 1457/1919/1734 1456/1922/1737 1458/92/92
f 1460/1921/1736 1458/92/92 1456/1922/1737
f 257/443/413 65/90/90 368/675/521
f 368/675/521 65/90/90 1459/1923/519
f 65/90/90 1460/1921/1736 1459/1923/519
f 1456/1922/1737 2304/1924/1738 1455/1925/1739
f 1460/1921/1736 1456/1922/1737 1459/1923/519
f 1455/1925/1739 1459/1923/519 1456/1922/1737
f 1455/1926/1739 2302/566/522 1459/563/519
f 764/1115/1016 1402/1633/1482 1462/1927/1740
f 1402/1633/1482 1463/1836/1665 1462/1927/1740
f 764/1115/1016 1462/1927/1740 760/1117/1018
f 1414/1850/1678 760/1117/1018 1462/1927/1740
f 1462/1927/1740 1463/1836/1665 1414/1850/1678
f 1463/1836/1665 1461/1837/1666 1414/1850/1678
f 1503/1852/1680 1414/1850/1678 1461/1837/1666
f 545/828/758 856/1235/1118 860/1233/1116
f 856/1235/1118 1465/1236/1119 1945/1928/1741
f 1465/1236/1119 1571/1929/1742 1945/1928/1741
f 857/1234/1117 1464/1930/1743 1465/1236/1119
f 762/1116/1017 857/1234/1117 763/1113/1014
f 761/1114/1015 762/1116/1017 763/1113/1014
f 762/1116/1017 1415/1118/1019 857/1234/1117
f 857/1234/1117 1415/1118/1019 1466/1931/1744
f 1415/1118/1019 1413/1849/1677 1466/1931/1744
f 1464/1930/1743 857/1234/1117 1466/1931/1744
f 1466/1931/1744 1413/1849/1677 1464/1930/1743
f 1570/1932/1745 1464/1930/1743 1413/1849/1677
f 1569/1554/1408 1413/1849/1677 1412/1555/1409
f 1467/355/335 1188/1614/1467 1189/1613/1466
f 746/1105/1006 887/1272/1149 2996/1100/1001
f 75/1933/1746 746/1105/1006 1327/1763/1595
f 75/1933/1746 887/1272/1149 746/1105/1006
f 746/1105/1006 2996/1100/1001 745/1102/1003
f 75/1933/1746 1327/1763/1595 1326/1762/1594
f 75/1933/1746 1676/894/819 887/1272/1149
f 86/119/117 1327/1763/1595 746/1105/1006
f 747/42/42 86/119/117 746/1105/1006
f 1327/1763/1595 86/119/117 85/121/119
f 85/121/119 527/804/741 1327/1763/1595
f 1/232/226 527/804/741 85/121/119
f 1476/1934/1747 2564/291/279 190/293/281
f 1476/1934/1747 1474/1935/1748 2564/291/279
f 1474/1936/1748 1473/1937/1749 2559/1938/1750
f 2822/1939/1751 1471/1940/1752 1472/1941/1753
f 1473/1937/1749 1474/1936/1748 1475/1942/1754
f 2822/1939/1751 1470/1943/1755 1471/1940/1752
f 1470/1943/1755 1469/1944/1756 1473/1937/1749
f 1469/1944/1756 1470/1943/1755 1468/1945/1757
f 3472/1946/1758 1477/1947/1759 3479/1948/1760
f 1155/1694/1534 1478/1696/1536 1428/1879/1700
f 1428/1949/1700 1478/1950/1536 1342/1780/1611
f 1342/1780/1611 1574/1779/1610 1428/1949/1700
f 67/94/94 1479/93/93 1269/1697/1537
f 1269/1697/1537 1479/93/93 1478/1696/1536
f 4/1766/1597 1341/1782/1613 1479/1951/93
f 1478/1950/1536 1479/1951/93 1341/1782/1613
f 1478/1950/1536 1341/1782/1613 1342/1780/1611
f 1484/1833/1662 1481/1952/1761 1485/1834/1663
f 1461/1837/1666 1485/1834/1663 1481/1952/1761
f 1480/1953/1762 1481/1952/1761 1482/1954/1763
f 1484/1833/1662 1482/1954/1763 1481/1952/1761
f 1483/1464/1325 1484/1833/1662 1398/1835/1664
f 1484/1833/1662 1483/1464/1325 1482/1954/1763
f 1482/1954/1763 1483/1464/1325 1480/1953/1762
f 1483/1464/1325 1063/1466/1326 1480/1953/1762
f 1066/1461/1322 1483/1464/1325 1221/1651/1499
f 1494/1955/1764 1491/1956/1765 1595/1957/1766
f 1491/1956/1765 1493/1958/1767 1595/1957/1766
f 1490/1959/1768 1488/1960/1769 1491/1956/1765
f 1491/1956/1765 1492/1961/1770 1493/1958/1767
f 1491/1956/1765 1489/1962/1771 1492/1961/1770
f 1491/1956/1765 1487/1963/1772 1489/1962/1771
f 1491/1964/1765 1488/1965/1769 1487/1966/1772
f 1488/1965/1769 1486/1967/1773 1487/1966/1772
f 1486/1967/1773 2334/1968/1774 1487/1966/1772
f 1486/1967/1773 624/1969/853 2334/1968/1774
f 1614/1970/1775 1498/1971/1776 1499/1972/1777
f 1495/1973/1778 1499/1972/1777 1498/1971/1776
f 1495/1973/1778 1498/1971/1776 1496/1974/1779
f 1496/1974/1779 1498/1971/1776 1497/1867/1689
f 112/170/166 1495/1973/1778 1496/1974/1779
f 1495/1973/1778 3306/169/165 3307/1975/1780
f 1495/1973/1778 112/170/166 3306/169/165
f 1422/34/34 1496/1974/1779 1497/1867/1689
f 182/33/33 1496/1974/1779 1422/34/34
f 112/170/166 1496/1974/1779 182/33/33
f 1461/1837/1666 1481/1952/1761 1503/1852/1680
f 1481/1952/1761 1501/1976/1781 1503/1852/1680
f 1480/1953/1762 1501/1976/1781 1481/1952/1761
f 1611/1977/1782 1503/1852/1680 1501/1976/1781
f 1063/1466/1326 1501/1976/1781 1480/1953/1762
f 1063/1466/1326 1502/1978/1783 1501/1976/1781
f 1502/1978/1783 1063/1466/1326 1397/1825/1654
f 1501/1976/1781 1502/1978/1783 1612/1979/1784
f 1502/1978/1783 1500/1829/1658 1612/1979/1784
f 1502/1978/1783 1397/1825/1654 1395/1827/1656
f 1502/1978/1783 1395/1827/1656 1500/1829/1658
f 21/32/32 1504/278/268 182/33/33
f 21/32/32 1505/991/905 1504/278/268
f 499/758/703 349/546/504 1504/278/268
f 661/969/886 499/761/703 1505/992/905
f 1505/991/905 499/758/703 1504/278/268
f 650/971/888 176/759/704 661/969/886
f 661/969/886 176/759/704 499/761/703
f 67/94/94 1509/1980/1785 66/95/95
f 1509/1980/1785 1508/1981/146 66/95/95
f 100/840/150 1508/1982/146 1509/1980/1785
f 1508/150/146 1506/1983/1786 66/1984/95
f 1507/152/148 1506/1983/1786 1508/150/146
f 1506/1983/1786 1331/1769/1600 1329/1767/1598
f 1506/1983/1786 1329/1767/1598 66/1984/95
f 1329/1767/1598 4/1766/1597 66/1984/95
f 1479/1951/93 66/1984/95 4/1766/1597
f 100/840/150 99/1985/147 1508/1982/146
f 99/151/147 17/156/152 1507/152/148
f 1331/1769/1600 1507/152/148 17/156/152
f 1507/152/148 1331/1769/1600 1506/1983/1786
f 17/156/152 1330/129/127 1328/1768/1599
f 1331/1769/1600 17/156/152 1328/1768/1599
f 3255/1986/1787 3249/1987/1788 1515/1988/1789
f 1515/1988/1789 1510/1989/1790 1518/1990/1791
f 3249/1987/1788 1513/1991/1792 1515/1988/1789
f 1515/1988/1789 1513/1991/1792 1510/1989/1790
f 1517/1992/1793 1521/1993/1794 1516/1994/1795
f 1517/1992/1793 1522/1920/1735 1521/1993/1794
f 1522/1920/1735 1517/1992/1793 1520/1995/1796
f 1520/1995/1796 1517/1992/1793 1519/1996/1797
f 1518/1990/1791 1510/1989/1790 1516/1994/1795
f 1516/1994/1795 1510/1989/1790 1511/1997/1798
f 1587/1998/1799 1512/1999/1800 1511/1997/1798
f 1511/1997/1798 1514/2000/1801 1517/1992/1793
f 1511/1997/1798 1517/1992/1793 1516/1994/1795
f 1519/1996/1797 1517/1992/1793 1514/2000/1801
f 1511/1997/1798 1512/1999/1800 1514/2000/1801
f 1588/2001/1802 1512/1999/1800 1587/1998/1799
f 1512/1999/1800 1588/2001/1802 2107/2002/1803
f 313/500/466 1524/2003/1804 1523/503/469
f 1525/871/799 1523/503/469 1524/2003/1804
f 1167/870/798 1523/503/469 1525/871/799
f 1523/503/469 1167/870/798 1547/2004/1805
f 1348/2005/1806 1530/2006/1807 1346/1792/1621
f 1530/2006/1807 1528/2007/1808 1529/2008/1809
f 1530/2006/1807 1347/1793/1622 1346/1792/1621
f 1530/2006/1807 1529/2008/1809 1347/1793/1622
f 1345/2009/1810 1347/1793/1622 1529/2008/1809
f 1529/2008/1809 1528/2007/1808 2457/2010/1811
f 1527/2011/1812 1526/2012/1813 1528/2007/1808
f 2457/2010/1811 1528/2007/1808 1526/2012/1813
f 3357/2013/1814 1534/2014/1815 3055/2015/1816
f 3339/2016/1817 1533/2017/1818 1534/2014/1815
f 3339/2016/1817 1532/2018/1819 1533/2017/1818
f 1533/2017/1818 1535/2019/1820 1534/2014/1815
f 1531/1674/1521 1268/2020/1821 1532/2018/1819
f 3412/2021/1822 1536/391/369 1537/2022/1823
f 3412/2021/1822 2210/389/367 1536/391/369
f 332/526/486 2210/389/367 3412/2021/1822
f 1542/2023/1824 1890/2024/1825 1543/2025/1826
f 1543/2025/1826 1541/2026/1827 1542/2023/1824
f 1809/2027/1828 1540/2028/1829 1541/2026/1827
f 1542/2023/1824 1893/2029/1830 1890/2024/1825
f 1893/2029/1830 1542/2023/1824 1544/2030/1831
f 1542/2023/1824 1539/2031/1832 1544/2030/1831
f 1541/2026/1827 1540/2028/1829 3228/2032/1833
f 3228/2032/1833 1539/2031/1832 1541/2026/1827
f 1541/2026/1827 1539/2031/1832 1542/2023/1824
f 1547/2004/1805 1548/504/470 1523/503/469
f 1548/504/470 1545/599/553 516/2033/1834
f 1548/504/470 1547/2004/1805 1546/598/552
f 1547/2004/1805 1167/870/798 1546/598/552
f 1548/504/470 1546/598/552 1545/599/553
f 516/2033/1834 1545/599/553 424/652/603
f 1546/598/552 381/591/545 1545/599/553
f 1558/2034/1835 1737/229/223 1557/2035/1836
f 1557/2035/1836 1555/2036/1837 1553/2037/1838
f 1558/2034/1835 1557/2035/1836 1553/2037/1838
f 1554/2038/1839 1558/2034/1835 1553/2037/1838
f 1553/2037/1838 1550/2039/1840 1551/2040/1841
f 1553/2037/1838 1555/2036/1837 1550/2039/1840
f 1550/2039/1840 1549/1442/1303 1907/2041/1842
f 1907/2041/1842 1908/2042/1843 1550/2039/1840
f 1556/2043/1844 1554/2038/1839 1551/2040/1841
f 1552/2044/1845 1551/2040/1841 1908/2042/1843
f 1554/2038/1839 1553/2037/1838 1551/2040/1841
f 1551/2040/1841 1550/2039/1840 1908/2042/1843
f 1552/2044/1845 1909/2045/1846 1977/2046/1847
f 2882/2047/1848 1563/2048/1849 1564/2049/1850
f 1564/2049/1850 1561/2050/1851 1562/2051/1852
f 1563/2048/1849 1561/2050/1851 1564/2049/1850
f 1561/2050/1851 1563/2048/1849 1560/2052/1853
f 1560/2052/1853 532/808/744 531/807/743
f 1561/2050/1851 1560/2052/1853 531/807/743
f 1465/1236/1119 1567/2053/1854 1571/1929/1742
f 1464/1930/1743 1567/2053/1854 1465/1236/1119
f 1464/1930/1743 1570/1932/1745 1567/2053/1854
f 1567/2053/1854 1570/1932/1745 1568/2054/1855
f 1571/1929/1742 1567/2053/1854 1633/2055/1856
f 1633/2055/1856 1567/2053/1854 223/363/343
f 1570/1932/1745 1413/1849/1677 1569/1554/1408
f 1569/1554/1408 1566/1556/1410 1570/1932/1745
f 1570/1932/1745 1566/1556/1410 1568/2054/1855
f 1566/1556/1410 1565/2056/1857 1568/2054/1855
f 1143/1553/1407 1566/1556/1410 1569/1554/1408
f 1565/2056/1857 1566/1556/1410 1591/2057/1858
f 1591/2057/1858 1566/1556/1410 1141/399/375
f 1573/2058/1859 1937/2059/1860 3495/2060/1861
f 3491/2061/1862 1573/2058/1859 3495/2060/1861
f 1573/2058/1859 3491/2061/1862 1572/2062/1863
f 1572/2062/1863 2882/2047/1848 2344/2063/1864
f 2882/2047/1848 1564/2049/1850 2344/2063/1864
f 1578/1875/1696 177/964/883 645/963/882
f 177/964/883 1578/1875/1696 57/1832/1661
f 1578/1875/1696 1576/2064/1865 57/1832/1661
f 57/1832/1661 1576/2064/1865 1664/2065/1866
f 56/2066/26 57/1832/1661 1664/2065/1866
f 1664/2067/1866 1575/2068/1867 1663/2069/1868
f 1578/1875/1696 1577/1877/1698 1576/2064/1865
f 1577/2070/1698 1575/2068/1867 1576/2071/1865
f 1577/2070/1698 1428/1949/1700 1574/1779/1610
f 1576/2071/1865 1575/2068/1867 1664/2067/1866
f 1575/2068/1867 1662/2072/1869 1661/2073/1870
f 1662/2072/1869 1575/2068/1867 1574/1779/1610
f 1574/1779/1610 1575/2068/1867 1577/2070/1698
f 1662/2072/1869 1574/1779/1610 314/501/467
f 1580/2074/1375 1105/823/448 354/549/507
f 1579/367/347 230/987/901 1580/2074/1375
f 1579/367/347 228/366/346 230/987/901
f 354/549/507 1579/367/347 1580/2074/1375
f 272/372/352 1579/367/347 354/549/507
f 1510/1989/1790 1513/1991/1792 1511/1997/1798
f 1513/1991/1792 2595/2075/1871 1511/1997/1798
f 1511/1997/1798 2595/2075/1871 1587/1998/1799
f 2595/2075/1871 2593/2076/1872 1587/1998/1799
f 1585/2077/1873 1587/1998/1799 2593/2076/1872
f 1587/1998/1799 1586/2078/1874 1588/2001/1802
f 1588/2001/1802 1586/2078/1874 2107/2002/1803
f 1587/1998/1799 1585/2077/1873 1586/2078/1874
f 1585/2077/1873 1583/2079/1875 1586/2078/1874
f 1586/2078/1874 1583/2079/1875 1584/2080/1876
f 1584/2080/1876 1583/2079/1875 1582/2081/1877
f 811/1182/1074 1582/2081/1877 1583/2079/1875
f 1581/1183/1075 811/1182/1074 1583/2079/1875
f 809/1184/1076 810/1302/1176 811/1182/1074
f 223/363/343 1567/2053/1854 1568/2054/1855
f 1565/2056/1857 223/363/343 1568/2054/1855
f 1565/2056/1857 1591/2057/1858 223/363/343
f 1629/365/345 1630/2082/1878 223/363/343
f 223/363/343 1390/1819/1648 221/364/344
f 221/364/344 1390/1819/1648 711/1044/951
f 223/363/343 1591/2057/1858 1390/1819/1648
f 1591/2057/1858 1389/1820/1649 1390/1819/1648
f 1590/396/372 1591/2057/1858 1141/399/375
f 1590/396/372 1389/1820/1649 1591/2057/1858
f 1590/396/372 1388/1822/1651 1389/1820/1649
f 1590/396/372 1589/398/374 1388/1822/1651
f 1592/2083/1879 3366/108/107 1679/1005/916
f 1526/2012/1813 1527/2011/1812 2400/2084/1880
f 1598/2085/1881 1526/2012/1813 2400/2084/1880
f 2397/2086/1882 1598/2085/1881 2400/2084/1880
f 1598/2085/1881 2769/2087/1883 1526/2012/1813
f 1596/2088/1884 1597/2089/1885 1595/1957/1766
f 1596/2088/1884 2764/2090/1886 1597/2089/1885
f 1596/2088/1884 1595/1957/1766 1594/2091/1887
f 1595/1957/1766 1493/1958/1767 1594/2091/1887
f 1605/2092/1888 1394/1828/1657 1393/1830/1659
f 1393/1830/1659 1604/2093/1889 1605/2092/1888
f 1604/2093/1889 1393/1830/1659 1392/1831/1660
f 1392/1831/1660 1603/2094/1890 1604/2093/1889
f 1604/2093/1889 1603/2094/1890 1602/2095/1891
f 1603/2094/1890 1599/1866/1688 1602/2095/1891
f 1602/2095/1891 1427/1862/1684 1601/2096/1892
f 1602/2095/1891 1599/1866/1688 1427/1862/1684
f 1392/2097/1660 1600/28/28 1603/2098/1890
f 1391/2099/1329 1600/28/28 1392/2097/1660
f 56/2066/26 1391/1471/1329 57/1832/1661
f 1600/28/28 1391/2099/1329 56/26/26
f 1603/2098/1890 1600/28/28 1599/2100/1688
f 1599/1866/1688 18/2101/27 1426/1870/1692
f 1600/28/28 18/27/27 1599/2100/1688
f 1611/1977/1782 1612/1979/1784 1608/2102/1893
f 1611/1977/1782 1501/1976/1781 1612/1979/1784
f 1612/1979/1784 1610/2103/1894 1609/2104/1895
f 1608/2102/1893 1612/1979/1784 1609/2104/1895
f 1609/2104/1895 1607/2105/1896 1608/2102/1893
f 1607/2105/1896 1609/2104/1895 1606/2106/1897
f 1612/1979/1784 1500/1829/1658 1610/2103/1894
f 1500/1829/1658 1606/2106/1897 1610/2103/1894
f 1500/1829/1658 1394/1828/1657 1605/2092/1888
f 1500/1829/1658 1605/2092/1888 1606/2106/1897
f 1605/2092/1888 1604/2093/1889 1606/2106/1897
f 1610/2103/1894 1606/2106/1897 1609/2104/1895
f 1606/2106/1897 1604/2093/1889 1602/2095/1891
f 1606/2106/1897 1602/2095/1891 1601/2096/1892
f 1427/1862/1684 1616/1864/1686 1601/2096/1892
f 1608/2102/1893 1607/2105/1896 1617/1558/1412
f 1607/2105/1896 1615/2107/1898 1617/1558/1412
f 1606/2106/1897 1616/1864/1686 1607/2105/1896
f 1607/2105/1896 1616/1864/1686 1614/1970/1775
f 1614/1970/1775 1615/2107/1898 1607/2105/1896
f 2499/1559/1413 1617/1558/1412 1615/2107/1898
f 1613/1863/1685 1497/1867/1689 1498/1971/1776
f 1616/1864/1686 1606/2106/1897 1601/2096/1892
f 1498/1971/1776 1614/1970/1775 1616/1864/1686
f 1498/1971/1776 1616/1864/1686 1613/1863/1685
f 1497/1867/1689 1613/1863/1685 1425/1865/1687
f 1424/1868/1690 1422/34/34 1497/1867/1689
f 1619/1775/1606 2432/2108/1899 1618/2109/1900
f 1619/1775/1606 1618/2109/1900 2047/2110/1901
f 1618/2109/1900 2432/2108/1899 1620/2111/1902
f 1300/1738/1573 592/890/816 807/1176/1070
f 1300/1738/1573 807/1176/1070 806/1173/1067
f 1621/1872/1693 651/970/887 662/993/904
f 651/970/887 661/969/886 662/993/904
f 1622/2112/1903 651/970/887 1621/1872/1693
f 1622/2112/1903 1548/504/470 651/970/887
f 1548/504/470 516/2033/1834 651/970/887
f 651/970/887 516/2033/1834 2891/972/889
f 1625/447/417 1626/620/571 271/444/414
f 269/446/416 1623/449/419 1625/447/417
f 1625/447/417 2275/2113/1904 1626/620/571
f 1625/447/417 1623/449/419 2275/2113/1904
f 1627/2114/1905 401/619/570 1626/620/571
f 292/477/445 401/619/570 1627/2114/1905
f 1627/2114/1905 1626/620/571 1624/2115/1906
f 292/477/445 1627/2114/1905 2279/2116/1907
f 2279/2116/1907 1627/2114/1905 1624/2115/1906
f 2275/2113/1904 1624/2115/1906 1626/620/571
f 692/1030/938 1623/449/419 694/448/418
f 1623/449/419 692/1030/938 2273/2117/1908
f 1355/1031/939 1999/1795/1624 692/1030/938
f 81/110/108 1636/2118/1909 1632/113/111
f 1632/113/111 1636/2118/1909 1635/2119/1910
f 222/111/109 1632/113/111 1629/365/345
f 1635/2119/1910 1631/2120/1911 1632/113/111
f 1635/2119/1910 1634/2121/1912 1631/2120/1911
f 1632/113/111 1631/2120/1911 1629/365/345
f 1629/365/345 1631/2120/1911 1630/2082/1878
f 1629/365/345 221/364/344 1628/1041/948
f 1633/2055/1856 1630/2082/1878 1634/2121/1912
f 1634/2121/1912 1630/2082/1878 1631/2120/1911
f 1630/2082/1878 1633/2055/1856 223/363/343
f 1645/2122/1913 1644/2123/1914 1638/2124/1915
f 1645/2122/1913 1638/2124/1915 1642/2125/1916
f 1283/1719/1556 1646/2126/1917 1644/2123/1914
f 1646/2126/1917 1643/2127/1918 1644/2123/1914
f 1645/2122/1913 1647/2128/1919 1644/2123/1914
f 1283/1719/1556 1644/2123/1914 1647/2128/1919
f 1644/2123/1914 1639/2129/1920 1638/2124/1915
f 1639/2129/1920 1644/2123/1914 1643/2127/1918
f 1647/2128/1919 1645/2122/1913 2374/2130/1921
f 2374/2130/1921 1645/2122/1913 1642/2125/1916
f 1642/2125/1916 1638/2124/1915 897/2131/1922
f 2370/2132/1923 1642/2125/1916 897/2131/1922
f 896/2133/1924 898/2134/1925 897/2131/1922
f 1637/2135/1926 897/2131/1922 1638/2124/1915
f 1639/2129/1920 1637/2135/1926 1638/2124/1915
f 1643/2127/1918 1641/2136/1927 1639/2129/1920
f 1641/2136/1927 1646/2126/1917 1640/2137/1928
f 1641/2136/1927 1640/2137/1928 1639/2129/1920
f 1646/2126/1917 1641/2136/1927 1643/2127/1918
f 264/438/408 1651/2138/1929 3274/2139/1930
f 1648/2140/1931 817/1188/1080 70/98/98
f 1650/2141/1932 2005/2142/1933 1652/2143/919
f 1650/2141/1932 1648/2140/1931 1649/2144/1934
f 1651/2138/1929 1649/2144/1934 3274/2139/1930
f 1650/2141/1932 1649/2144/1934 1651/2138/1929
f 1651/2138/1929 2005/2142/1933 1650/2141/1932
f 817/1188/1080 1650/2141/1932 818/1189/917
f 1652/2143/919 818/1189/917 1650/2141/1932
f 1650/2141/1932 817/1188/1080 1648/2140/1931
f 1653/235/229 3419/2145/1935 2067/2146/1936
f 2067/2146/1936 3419/2145/1935 1654/2147/1937
f 2067/2146/1936 1654/2147/1937 1655/2148/1938
f 3422/2149/1939 1654/2147/1937 3419/2145/1935
f 1656/1095/996 1655/2148/1938 1654/2147/1937
f 445/691/638 1656/1095/996 1654/2147/1937
f 1654/2147/1937 446/692/639 445/691/638
f 446/692/639 3422/2149/1939 1657/2150/1940
f 446/692/639 1654/2147/1937 3422/2149/1939
f 1656/1095/996 445/691/638 171/267/259
f 1660/1329/1202 934/1327/1201 1292/1723/1559
f 1660/1329/1202 1658/1537/1391 1659/1078/979
f 1659/1078/979 1658/1537/1391 1750/1079/980
f 1660/1329/1202 1060/1456/1317 1658/1537/1391
f 1060/1456/1317 1058/1458/1319 1658/1537/1391
f 56/26/26 1664/2067/1866 18/27/27
f 1664/2067/1866 1663/2069/1868 18/27/27
f 18/27/27 1663/2069/1868 55/1873/1694
f 1663/2069/1868 1621/1872/1693 55/1873/1694
f 1663/2069/1868 1661/2073/1870 1621/1872/1693
f 1575/2068/1867 1661/2073/1870 1663/2069/1868
f 1661/2073/1870 1622/2112/1903 1621/1872/1693
f 1662/2072/1869 314/501/467 1622/2112/1903
f 314/501/467 313/500/466 1622/2112/1903
f 1662/2072/1869 1622/2112/1903 1661/2073/1870
f 1622/2112/1903 313/500/466 1548/504/470
f 543/2151/1941 3247/2152/1942 1670/2153/1943
f 1668/2154/1944 1670/2153/1943 1666/2155/1945
f 1668/2154/1944 1666/2155/1945 1667/2156/1946
f 1667/2156/1946 1669/2157/1947 1668/2154/1944
f 1667/2156/1946 1666/2155/1945 1665/2158/1948
f 1667/2156/1946 998/1393/1256 2732/2159/1949
f 1667/2156/1946 2732/2159/1949 2733/2160/1950
f 997/1390/1253 998/1393/1256 1667/2156/1946
f 1667/2156/1946 1665/2158/1948 997/1390/1253
f 1326/1762/1594 1676/894/819 75/1933/1746
f 1676/2161/819 1326/2162/1594 1675/2163/1951
f 1326/2162/1594 1325/1765/1596 1675/2163/1951
f 348/541/500 1676/2161/819 1675/2163/1951
f 1675/2163/1951 927/1316/1190 928/2164/1952
f 1325/1765/1596 927/1316/1190 1675/2163/1951
f 348/541/500 1674/2165/1953 285/459/429
f 1674/2165/1953 1671/2166/1954 285/459/429
f 928/2164/1952 1674/2165/1953 1675/2163/1951
f 1675/2163/1951 1674/2165/1953 348/541/500
f 927/1316/1190 1672/1313/1187 928/2164/1952
f 928/2164/1952 1672/1313/1187 1674/2165/1953
f 1674/2165/1953 1672/1313/1187 1671/2166/1954
f 656/1368/891 653/1370/895 654/2167/892
f 674/1171/1065 3324/2168/1955 1681/2169/1956
f 3324/2168/1955 804/1172/1066 158/246/240
f 674/1171/1065 804/1172/1066 3324/2168/1955
f 1678/2170/1957 674/1171/1065 1681/2169/1956
f 1678/2170/1957 1680/2171/1958 674/1171/1065
f 1677/1003/915 672/1000/912 674/1171/1065
f 674/1171/1065 1680/2171/1958 1677/1003/915
f 1677/1003/915 673/1002/914 671/1001/913
f 1678/2172/1957 1679/1005/916 1680/2173/1958
f 1593/2174/1959 1679/1005/916 1678/2172/1957
f 1679/1005/916 1593/2174/1959 1592/2083/1879
f 673/1002/914 1680/2171/1958 1679/1004/916
f 1680/2171/1958 673/1002/914 1677/1003/915
f 475/727/674 1687/2175/1960 836/1201/1091
f 836/1201/1091 1687/2175/1960 835/1202/1092
f 1687/2175/1960 1686/2176/1961 835/1202/1092
f 1688/2177/1962 1683/2178/1963 1687/2175/1960
f 1687/2175/1960 1683/2178/1963 1686/2176/1961
f 835/1202/1092 1686/2176/1961 1684/2179/1964
f 1683/2178/1963 2791/2180/1965 1686/2176/1961
f 1686/2176/1961 2791/2180/1965 1684/2179/1964
f 2791/2180/1965 1682/2181/1966 1684/2179/1964
f 1684/2179/1964 1685/1204/1094 835/1202/1092
f 1685/1204/1094 1684/2179/1964 2789/2182/1967
f 1682/2181/1966 2789/2182/1967 1684/2179/1964
f 1701/2183/1968 2111/2184/1969 1700/2185/1970
f 1699/2186/1971 1698/2187/1972 1700/2185/1970
f 2111/2184/1969 1701/2183/1968 1451/1905/1724
f 1701/2183/1968 1446/1907/1726 1451/1905/1724
f 1701/2183/1968 1696/1915/1731 1446/1907/1726
f 1696/1915/1731 1701/2183/1968 1697/2188/1973
f 1697/2188/1973 1701/2183/1968 1695/2189/1974
f 1445/1909/1728 1446/1907/1726 1696/1915/1731
f 1696/2190/1731 1694/1917/1732 1444/1913/1730
f 1697/2188/1973 1693/2191/1975 1696/1915/1731
f 1693/2191/1975 1689/2192/1976 1696/1915/1731
f 1696/2190/1731 1689/2193/1976 1694/1917/1732
f 1689/2193/1976 1891/2194/1977 1694/1917/1732
f 1700/2185/1970 1695/2189/1974 1701/2183/1968
f 1700/2185/1970 1698/2187/1972 1695/2189/1974
f 1693/2191/1975 1695/2189/1974 1690/2195/1978
f 1697/2188/1973 1695/2189/1974 1693/2191/1975
f 1693/2191/1975 1690/2195/1978 1692/2196/1979
f 1695/2189/1974 1698/2187/1972 1690/2195/1978
f 1698/2187/1972 1811/2197/1980 1690/2195/1978
f 1693/2191/1975 1692/2196/1979 1689/2192/1976
f 1691/2198/1981 1692/2196/1979 1690/2195/1978
f 1692/2196/1979 1543/2199/1826 1689/2192/1976
f 1691/2198/1981 1543/2199/1826 1692/2196/1979
f 1708/2200/1982 1707/712/659 465/85/85
f 1704/2201/1983 1707/712/659 1708/2200/1982
f 1707/712/659 1706/2202/1984 463/713/660
f 1704/2201/1983 1706/2202/1984 1707/712/659
f 1703/2203/1985 1702/2204/1986 3055/2015/1816
f 313/500/466 315/502/468 1524/2003/1804
f 315/502/468 1709/1781/1612 1524/2003/1804
f 1709/1781/1612 1341/1782/1613 1525/871/799
f 1709/1781/1612 1525/871/799 1524/2003/1804
f 1403/1848/1676 1720/2205/1987 1721/2206/1988
f 1716/2207/1989 1718/2208/1990 1720/2205/1987
f 1720/2205/1987 1719/2209/1991 1721/2206/1988
f 1719/2209/1991 1720/2205/1987 1718/2208/1990
f 1715/2210/1992 1711/2211/1993 1716/2207/1989
f 1716/2207/1989 1711/2211/1993 1718/2208/1990
f 1718/2208/1990 1711/2211/1993 1713/2212/1994
f 1719/2209/1991 1713/2212/1994 1717/2213/1995
f 1713/2212/1994 1719/2209/1991 1718/2208/1990
f 1713/2212/1994 1711/2211/1993 1712/2214/1996
f 1713/2212/1994 1710/2215/1997 1714/2216/1998
f 1713/2212/1994 501/763/706 1717/2213/1995
f 2959/2217/1999 1711/2211/1993 1715/2210/1992
f 1710/2215/1997 1712/2214/1996 1711/2211/1993
f 1712/2214/1996 1710/2215/1997 1713/2212/1994
f 1249/946/865 1247/415/388 1248/1160/1054
f 1249/946/865 1248/1160/1054 1722/948/867
f 1722/948/867 629/943/862 1249/946/865
f 1722/948/867 794/1159/1053 795/1615/1468
f 1248/1160/1054 794/1159/1053 1722/948/867
f 526/1861/1683 1217/1036/943 1216/2218/1496
f 1216/2218/1496 3131/2219/2000 526/1861/1683
f 3057/2220/2001 3131/2219/2000 1216/2218/1496
f 1726/2221/2002 1725/516/480 588/515/479
f 1729/2222/810 1724/2223/2003 1726/2224/2002
f 1729/2222/810 1728/2225/2004 1724/2223/2003
f 1726/2224/2002 2532/2226/2005 1725/2227/480
f 2532/2226/2005 1726/2224/2002 1724/2223/2003
f 2034/2228/2006 1727/2229/2007 1728/2225/2004
f 1728/2225/2004 1727/2229/2007 1724/2223/2003
f 1727/2229/2007 1723/2230/2008 1724/2223/2003
f 1723/2230/2008 1727/2229/2007 1730/2231/2009
f 1723/2230/2008 2531/2232/2010 1724/2223/2003
f 1737/229/223 1736/2233/2011 1557/2035/1836
f 1736/2233/2011 1731/2234/2012 1733/2235/2013
f 1733/2235/2013 1557/2035/1836 1736/2233/2011
f 1555/2036/1837 1557/2035/1836 1733/2235/2013
f 1555/2036/1837 1733/2235/2013 1731/2234/2012
f 1550/2039/1840 1555/2036/1837 1731/2234/2012
f 1550/2039/1840 1731/2234/2012 1549/1442/1303
f 193/295/283 1735/2236/2014 194/17/17
f 1732/2237/2015 1736/2233/2011 1734/2238/2016
f 1736/2233/2011 1732/2237/2015 1731/2234/2012
f 1732/2237/2015 304/489/457 1731/2234/2012
f 1735/2236/2014 193/295/283 1734/2238/2016
f 1734/2238/2016 193/295/283 1732/2237/2015
f 1732/2237/2015 193/295/283 304/489/457
f 304/489/457 302/487/455 1731/2234/2012
f 1731/2234/2012 302/487/455 1549/1442/1303
f 304/489/457 300/485/453 302/487/455
f 2332/2239/2017 1371/1812/1641 1372/1811/1640
f 1371/1812/1641 2332/2239/2017 1688/2177/1962
f 475/727/674 1688/2177/1962 1687/2175/1960
f 1738/2240/2018 1683/2178/1963 1688/2177/1962
f 1748/2241/2019 1746/2242/2020 1749/2243/2021
f 1746/2242/2020 1747/2244/2022 1749/2243/2021
f 1743/2245/2023 1748/2241/2019 2971/2246/2024
f 1744/2247/2025 1743/2248/2023 2971/2249/2024
f 1746/2242/2020 1748/2241/2019 1743/2245/2023
f 1743/2248/2023 1742/2250/2026 1746/2251/2020
f 1746/2251/2020 1742/2250/2026 3396/2252/2027
f 1742/2250/2026 3393/2253/2028 3392/2254/2029
f 1745/2255/2030 2638/2256/2031 1744/2247/2025
f 1744/2247/2025 2638/2256/2031 1743/2248/2023
f 1743/2248/2023 2638/2256/2031 1742/2250/2026
f 1742/2250/2026 2638/2256/2031 1741/2257/2032
f 1741/2257/2032 2638/2256/2031 2637/2258/2033
f 1741/2257/2032 2637/2258/2033 1740/2259/2034
f 3393/2253/2028 1742/2250/2026 1741/2257/2032
f 1750/1079/980 1124/1538/1392 1071/1474/1332
f 1658/1537/1391 1124/1538/1392 1750/1079/980
f 1124/1538/1392 1070/1435/1296 1071/1474/1332
f 1766/2260/2035 1758/2261/2036 1761/2262/2037
f 1763/2263/2038 1844/2264/2039 1766/2260/2035
f 1766/2260/2035 1761/2262/2037 1763/2263/2038
f 1844/2264/2039 1763/2263/2038 1841/2265/2040
f 1758/2261/2036 1752/2266/2041 1761/2262/2037
f 1761/2262/2037 1752/2266/2041 1754/2267/2042
f 1758/2261/2036 1751/2268/2043 1752/2266/2041
f 1763/2263/2038 1764/2269/2044 1841/2265/2040
f 1764/2269/2044 1763/2263/2038 1762/2270/2045
f 1763/2263/2038 1754/2267/2042 1762/2270/2045
f 1761/2262/2037 1754/2267/2042 1763/2263/2038
f 1754/2267/2042 1757/2271/2046 1762/2270/2045
f 1751/2268/2043 1758/2261/2036 1756/2272/2047
f 1751/2268/2043 2238/2273/2048 2158/2274/2049
f 1762/2270/2045 1759/2275/2050 1764/2269/2044
f 1762/2270/2045 1757/2271/2046 1759/2275/2050
f 1755/2276/2051 1840/2277/2052 1759/2275/2050
f 1755/2276/2051 1760/2278/2053 215/348/329
f 1755/2276/2051 2162/2279/2054 1760/2278/2053
f 2162/2279/2054 1753/2280/2055 1760/2278/2053
f 1768/2281/2056 1769/816/751 535/815/750
f 380/597/551 382/596/550 425/651/602
f 1769/816/751 425/651/602 382/596/550
f 1768/2281/2056 1767/2282/2057 1769/816/751
f 1769/816/751 1767/2282/2057 425/651/602
f 94/138/136 1768/2281/2056 2747/136/134
f 1768/2281/2056 94/138/136 95/139/137
f 1767/2282/2057 1768/2281/2056 95/139/137
f 1767/2282/2057 517/653/604 425/651/602
f 517/653/604 1767/2282/2057 95/139/137
f 1111/1522/808 1257/1678/1522 1108/1524/1378
f 1108/1524/1378 1257/1678/1522 1401/1525/1379
f 1198/1632/1481 1400/1634/1483 1485/1834/1663
f 1781/2283/2058 1782/199/191 1783/2284/2059
f 1783/2285/2059 3392/2254/2029 1774/2286/2060
f 1783/2284/2059 1774/2287/2060 1781/2283/2058
f 1774/2287/2060 1773/2288/2061 1781/2283/2058
f 1774/2286/2060 1775/6/6 1771/2289/2062
f 1775/6/6 1777/2290/2063 9/4/4
f 1771/2289/2062 1775/6/6 8/5/5
f 8/5/5 1770/1901/1720 1771/2289/2062
f 1771/2291/2062 1773/2288/2061 1774/2287/2060
f 1771/2291/2062 1770/2292/1720 1773/2288/2061
f 1781/2283/2058 1776/2293/2064 1782/199/191
f 1782/199/191 1776/2293/2064 1779/2294/2065
f 1779/2294/2065 127/200/194 1782/199/191
f 1779/2294/2065 1776/2293/2064 1780/2295/2066
f 1780/2295/2066 1776/2293/2064 1773/2288/2061
f 1781/2283/2058 1773/2288/2061 1776/2293/2064
f 127/200/194 1779/2294/2065 1953/2296/2067
f 1770/2292/1720 1772/2297/2068 1773/2288/2061
f 1772/2297/2068 1778/2298/2069 1773/2288/2061
f 1778/2298/2069 1780/2295/2066 1773/2288/2061
f 1785/2299/2070 3039/2300/2071 1786/2301/2072
f 3033/2302/2073 1785/2299/2070 1784/2303/2074
f 958/1165/1059 11/10/10 1796/8/8
f 1793/394/370 1796/8/8 237/7/7
f 1794/2304/2075 1796/8/8 1793/394/370
f 1796/8/8 1795/2305/2076 958/1165/1059
f 1795/2305/2076 1796/8/8 1789/2306/2077
f 1789/2306/2077 1796/8/8 1794/2304/2075
f 1793/394/370 1791/2307/2078 1794/2304/2075
f 3458/2308/2079 1792/2309/2080 1791/2307/2078
f 1792/2309/2080 1794/2304/2075 1791/2307/2078
f 1792/2309/2080 1789/2306/2077 1794/2304/2075
f 958/1165/1059 1795/2305/2076 1790/2310/2081
f 958/1165/1059 1790/2310/2081 137/208/202
f 1789/2306/2077 1790/2310/2081 1795/2305/2076
f 1787/2311/2082 1790/2310/2081 1789/2306/2077
f 137/208/202 1790/2310/2081 136/210/204
f 1790/2310/2081 1787/2311/2082 136/210/204
f 136/210/204 1787/2311/2082 2967/2312/2083
f 1789/2306/2077 1792/2309/2080 1787/2311/2082
f 1792/2309/2080 3457/2313/2084 1787/2311/2082
f 1788/2314/2085 3457/2313/2084 1792/2309/2080
f 1637/2135/1926 2731/2315/2086 897/2131/1922
f 312/490/458 1800/492/460 1801/643/594
f 1802/642/593 1801/643/594 1800/492/460
f 1282/1714/1551 1804/645/596 1646/2126/1917
f 1283/1719/1556 1282/1714/1551 1646/2126/1917
f 1803/2316/2087 1639/2129/1920 1640/2137/1928
f 1637/2135/1926 1639/2129/1920 1803/2316/2087
f 1646/2126/1917 1804/645/596 1640/2137/1928
f 1804/645/596 421/647/598 1640/2137/1928
f 1802/642/593 1640/2137/1928 421/647/598
f 1800/492/460 1803/2316/2087 1640/2137/1928
f 1640/2137/1928 1802/642/593 1800/492/460
f 1797/2317/2088 1800/492/460 307/493/461
f 1797/2317/2088 307/493/461 305/284/274
f 1797/2317/2088 305/284/274 2730/2318/2089
f 1799/2319/2090 1798/2320/2091 1637/2135/1926
f 1803/2316/2087 1799/2319/2090 1637/2135/1926
f 1797/2317/2088 2730/2318/2089 1798/2320/2091
f 1637/2135/1926 1798/2320/2091 2731/2315/2086
f 1798/2320/2091 2730/2318/2089 2731/2315/2086
f 1799/2319/2090 1797/2317/2088 1798/2320/2091
f 1800/492/460 1797/2317/2088 1799/2319/2090
f 1800/492/460 1799/2319/2090 1803/2316/2087
f 1699/2186/1971 1812/2321/2092 1811/2197/1980
f 1699/2186/1971 1811/2197/1980 1698/2187/1972
f 1806/2322/2093 1808/2323/2094 3437/2324/2095
f 1811/2197/1980 1812/2321/2092 1810/2325/2096
f 1806/2322/2093 1810/2325/2096 1812/2321/2092
f 1806/2322/2093 1807/2326/2097 1810/2325/2096
f 1811/2197/1980 1691/2198/1981 1690/2195/1978
f 1691/2198/1981 1811/2197/1980 1809/2327/1828
f 1543/2025/1826 1691/2328/1981 1541/2026/1827
f 1809/2027/1828 1541/2026/1827 1691/2328/1981
f 1807/2326/2097 1811/2197/1980 1810/2325/2096
f 1811/2197/1980 1807/2326/2097 1809/2327/1828
f 1807/2326/2097 1806/2322/2093 1805/2329/2098
f 3437/2324/2095 1805/2329/2098 1806/2322/2093
f 1807/2326/2097 1805/2329/2098 1540/2330/1829
f 1807/2326/2097 1540/2330/1829 1809/2327/1828
f 1818/2331/2099 1819/2332/2100 2310/2333/2101
f 1816/2334/2102 1813/2335/2103 1814/2336/2104
f 1815/2337/2105 1816/2334/2102 1814/2336/2104
f 1813/2335/2103 1816/2334/2102 1817/2338/2106
f 1813/2335/2103 2383/2339/2107 1814/2336/2104
f 3040/2340/2108 1815/2337/2105 1814/2336/2104
f 1815/2337/2105 3040/2340/2108 2984/2341/2109
f 2383/2339/2107 3039/2300/2071 1814/2336/2104
f 1827/2342/2110 1832/2343/2111 1828/2344/2112
f 1824/2345/2113 1827/2342/2110 1828/2344/2112
f 1827/2342/2110 1830/2346/2114 1832/2343/2111
f 1830/2346/2114 1827/2342/2110 1826/2347/2115
f 1824/2345/2113 1823/2348/2116 1827/2342/2110
f 1823/2348/2116 1826/2347/2115 1827/2342/2110
f 1823/2348/2116 1824/2345/2113 1822/2349/2117
f 1824/2345/2113 1820/2350/2118 1822/2349/2117
f 1823/2348/2116 1822/2349/2117 363/556/512
f 1822/2349/2117 1820/2350/2118 363/556/512
f 1830/2346/2114 1829/2351/2119 1831/2352/2120
f 1831/2352/2120 1829/2351/2119 1833/2353/2121
f 1829/2351/2119 1830/2346/2114 1826/2347/2115
f 1826/2347/2115 1825/2354/2122 1829/2351/2119
f 1825/2354/2122 3105/2355/2123 1829/2351/2119
f 1823/2348/2116 1825/2354/2122 1826/2347/2115
f 1821/2356/2124 1825/2354/2122 1823/2348/2116
f 363/556/512 361/558/514 1821/2356/2124
f 1823/2348/2116 363/556/512 1821/2356/2124
f 1825/2354/2122 1821/2356/2124 364/559/515
f 364/559/515 3105/2355/2123 1825/2354/2122
f 3105/2355/2123 364/559/515 3101/2357/2125
f 364/559/515 1821/2356/2124 361/558/514
f 1836/2358/2126 1838/2359/2127 1835/245/239
f 1834/2360/2128 1836/2358/2126 1835/245/239
f 1835/245/239 618/928/847 617/927/846
f 1835/245/239 1839/1320/1194 1834/2360/2128
f 801/1168/1062 618/928/847 1835/245/239
f 1834/2360/2128 1839/1320/1194 1837/2361/2129
f 1835/245/239 617/927/846 1839/1320/1194
f 3101/2357/2125 362/560/516 1853/2362/2130
f 362/560/516 1847/2363/2131 1849/2364/2132
f 362/560/516 1849/2364/2132 1853/2362/2130
f 359/561/517 1847/2363/2131 362/560/516
f 357/2365/2133 1847/2363/2131 359/561/517
f 357/2365/2133 1844/2264/2039 1847/2363/2131
f 1849/2364/2132 1852/2366/2134 1853/2362/2130
f 1849/2364/2132 1850/2367/2135 1852/2366/2134
f 1847/2363/2131 1843/2368/2136 1849/2364/2132
f 1843/2368/2136 1847/2363/2131 1841/2265/2040
f 357/2365/2133 1766/2260/2035 1844/2264/2039
f 1847/2363/2131 1844/2264/2039 1841/2265/2040
f 1843/2368/2136 1841/2265/2040 1765/2369/2137
f 1764/2269/2044 1765/2369/2137 1841/2265/2040
f 1849/2364/2132 1848/2370/2138 1850/2367/2135
f 1849/2364/2132 1843/2368/2136 1848/2370/2138
f 1848/2370/2138 1843/2368/2136 1846/2371/2139
f 1845/2372/2140 1848/2370/2138 1846/2371/2139
f 1851/2373/2141 1850/2367/2135 621/2374/325
f 1848/2370/2138 621/2374/325 1850/2367/2135
f 1848/2370/2138 1845/2372/2140 1842/347/326
f 1848/2370/2138 1842/347/326 621/2374/325
f 1846/2371/2139 1843/2368/2136 1765/2369/2137
f 1765/2369/2137 1764/2269/2044 1840/2277/2052
f 1840/2277/2052 1845/2372/2140 1765/2369/2137
f 1765/2369/2137 1845/2372/2140 1846/2371/2139
f 1764/2269/2044 1759/2275/2050 1840/2277/2052
f 1840/2277/2052 1755/2276/2051 1845/2372/2140
f 1845/2372/2140 1755/2276/2051 1842/347/326
f 1755/2276/2051 215/348/329 1842/347/326
f 1859/2375/2142 343/536/495 1168/1593/1446
f 1168/1593/1446 3403/2376/2143 1859/2375/2142
f 340/535/494 341/534/493 1854/537/496
f 1859/2375/2142 3400/2377/2144 1857/2378/2145
f 1858/2379/2146 1855/2380/2147 1857/2378/2145
f 1856/2381/2148 3345/2382/2149 1855/2380/2147
f 1858/2379/2146 1856/2381/2148 1855/2380/2147
f 1859/2375/2142 1857/2378/2145 343/536/495
f 1857/2378/2145 341/534/493 343/536/495
f 1857/2378/2145 1854/537/496 341/534/493
f 1857/2378/2145 1855/2380/2147 1854/537/496
f 2699/2383/2150 1280/1880/1701 1437/1882/1703
f 1452/2384/1721 1450/2385/1723 1770/2292/1720
f 1447/1910/1722 1865/2386/2151 1866/2387/2152
f 1866/2387/2152 1450/2385/1723 1447/1910/1722
f 1770/2292/1720 1450/2385/1723 1866/2387/2152
f 1772/2297/2068 1770/2292/1720 1866/2387/2152
f 1772/2297/2068 1866/2387/2152 1865/2386/2151
f 3237/2388/2153 1865/2386/2151 3236/2389/2154
f 1864/2390/2155 1447/1910/1722 1863/1912/1729
f 1865/2386/2151 1447/1910/1722 1864/2390/2155
f 1444/1913/1730 1860/1918/1733 1863/1912/1729
f 1860/1918/1733 1861/2391/2156 1863/1912/1729
f 1860/1918/1733 1862/2392/2157 1861/2391/2156
f 1864/2390/2155 3236/2389/2154 1865/2386/2151
f 1863/1912/1729 1861/2391/2156 1864/2390/2155
f 1864/2390/2155 1861/2391/2156 1898/2393/2158
f 1861/2391/2156 1862/2392/2157 1898/2393/2158
f 1657/2150/1940 1867/53/53 446/692/639
f 1873/988/902 1872/2394/2159 1871/989/903
f 1873/988/902 1875/2395/2160 1874/2396/2161
f 3483/2397/2162 1878/2398/2163 1876/2399/2164
f 717/1054/961 1878/2398/2163 3487/1057/964
f 1877/2400/2165 716/1055/962 1876/2399/2164
f 716/1055/962 1877/2400/2165 717/1054/961
f 1877/2400/2165 1876/2399/2164 1878/2398/2163
f 717/1054/961 1877/2400/2165 1878/2398/2163
f 1870/2401/2166 1874/2396/2161 716/1055/962
f 1870/2401/2166 1869/2402/2167 1872/2394/2159
f 3424/2403/2168 1869/2402/2167 1868/2404/2169
f 1869/2402/2167 1870/2401/2166 1868/2404/2169
f 1870/2401/2166 716/1055/962 32/50/50
f 1867/53/53 1870/2401/2166 32/50/50
f 1870/2401/2166 1867/53/53 1868/2404/2169
f 1874/2396/2161 1870/2401/2166 1872/2394/2159
f 1876/2399/2164 716/1055/962 1874/2396/2161
f 1875/2395/2160 3483/2397/2162 1876/2399/2164
f 1874/2396/2161 1875/2395/2160 1876/2399/2164
f 1874/2396/2161 1872/2394/2159 1873/988/902
f 1879/2405/2170 830/1199/1089 833/1200/1090
f 1837/2361/2129 1879/2405/2170 833/1200/1090
f 1879/2405/2170 444/688/635 830/1199/1089
f 1879/2405/2170 943/1331/1204 444/688/635
f 440/687/634 444/688/635 943/1331/1204
f 1879/2405/2170 1837/2361/2129 1880/2406/2171
f 833/1200/1090 1834/2360/2128 1837/2361/2129
f 1881/2407/2172 1879/2405/2170 1880/2406/2171
f 1881/2407/2172 943/1331/1204 1879/2405/2170
f 1881/2407/2172 942/1334/1206 943/1331/1204
f 1882/1322/1196 1880/2406/2171 1837/2361/2129
f 1839/1320/1194 1882/1322/1196 1837/2361/2129
f 1839/1320/1194 35/212/206 1882/1322/1196
f 1882/1322/1196 932/1321/1195 1880/2406/2171
f 1880/2406/2171 932/1321/1195 1881/2407/2172
f 240/1335/383 932/1321/1195 241/410/381
f 443/1330/1203 943/1331/1204 942/1334/1206
f 932/1321/1195 942/1334/1206 1881/2407/2172
f 932/1321/1195 941/1332/1205 942/1334/1206
f 941/1332/1205 932/1321/1195 240/1335/383
f 2888/2408/2173 2594/2409/2174 3248/2410/2175
f 1885/2411/2176 1884/2412/2177 3248/2410/2175
f 3248/2410/2175 1884/2412/2177 2888/2408/2173
f 1886/2413/2178 1888/2414/2179 1889/2415/2180
f 1888/2414/2179 1884/2412/2177 1885/2411/2176
f 1886/2413/2178 1884/2412/2177 1888/2414/2179
f 1884/2412/2177 2887/2416/2181 2888/2408/2173
f 1883/2417/2182 1886/2413/2178 1887/2418/2183
f 1886/2413/2178 1883/2417/2182 1884/2412/2177
f 1883/2417/2182 2887/2416/2181 1884/2412/2177
f 1332/1778/1609 2887/2416/2181 1883/2417/2182
f 2174/2419/2184 2887/2416/2181 2039/2420/2185
f 1694/1917/1732 1894/2421/2186 1860/1918/1733
f 1860/1918/1733 1894/2421/2186 1862/2392/2157
f 1694/1917/1732 1891/2194/1977 1894/2421/2186
f 1891/2194/1977 1895/2422/2187 1894/2421/2186
f 1862/2392/2157 1894/2421/2186 1896/2423/2188
f 1896/2423/2188 1898/2393/2158 1862/2392/2157
f 1895/2422/2187 1896/2423/2188 1894/2421/2186
f 1891/2194/1977 1890/2024/1825 1895/2422/2187
f 1891/2194/1977 1689/2193/1976 1890/2024/1825
f 1689/2193/1976 1543/2025/1826 1890/2024/1825
f 1892/2424/2189 1895/2422/2187 1890/2024/1825
f 1892/2424/2189 1890/2024/1825 1893/2029/1830
f 1892/2424/2189 1897/2425/2190 1896/2423/2188
f 1895/2422/2187 1892/2424/2189 1896/2423/2188
f 1898/2393/2158 1896/2423/2188 1897/2425/2190
f 1907/2041/1842 1905/2426/2191 1908/2042/1843
f 1907/2041/1842 1906/2427/2192 1905/2426/2191
f 1899/2428/2193 1904/2429/2194 1905/2426/2191
f 1552/2044/1845 1908/2042/1843 1909/2045/1846
f 1908/2042/1843 1904/2429/2194 1909/2045/1846
f 1903/2430/2195 1909/2045/1846 1904/2429/2194
f 1908/2042/1843 1905/2426/2191 1904/2429/2194
f 1899/2428/2193 1900/2431/2196 1904/2429/2194
f 1904/2429/2194 1902/2432/2197 1903/2430/2195
f 1903/2430/2195 1902/2432/2197 1900/2431/2196
f 1900/2431/2196 1902/2432/2197 1904/2429/2194
f 1549/1442/1303 1047/1443/1304 1907/2041/1842
f 1906/2427/2192 1907/2041/1842 1047/1443/1304
f 1047/1443/1304 1046/629/580 1899/2428/2193
f 1047/1443/1304 1899/2428/2193 1906/2427/2192
f 1906/2427/2192 1899/2428/2193 1905/2426/2191
f 408/628/579 1046/629/580 1047/1443/1304
f 1046/629/580 1045/1444/1305 1989/2433/2198
f 1046/629/580 1989/2433/2198 1899/2428/2193
f 1989/2433/2198 1900/2431/2196 1899/2428/2193
f 1903/2430/2195 1900/2431/2196 1990/2434/2199
f 1924/2435/2200 1921/2436/2201 1919/2437/2202
f 1924/2435/2200 1919/2437/2202 1925/2438/2203
f 1925/2438/2203 1919/2437/2202 1923/2439/2204
f 1923/2439/2204 1919/2437/2202 1917/2440/2205
f 1921/2436/2201 1915/2441/2206 1919/2437/2202
f 1916/2442/2207 1915/2441/2206 1921/2436/2201
f 1915/2441/2206 1917/2440/2205 1919/2437/2202
f 1922/2443/2208 1923/2439/2204 1917/2440/2205
f 1922/2443/2208 1917/2440/2205 1918/2444/2209
f 1916/2442/2207 2989/2445/2210 2985/1730/1565
f 2985/1730/1565 1915/2441/2206 1916/2442/2207
f 1911/2446/2211 1915/2441/2206 2985/1730/1565
f 1915/2441/2206 1912/2447/2212 1914/2448/2213
f 1915/2441/2206 1911/2446/2211 1912/2447/2212
f 2985/1730/1565 1299/1729/1564 1911/2446/2211
f 1915/2441/2206 1914/2448/2213 1917/2440/2205
f 1918/2444/2209 1917/2440/2205 1914/2448/2213
f 1911/2446/2211 1910/2449/2214 1912/2447/2212
f 1912/2447/2212 1910/2449/2214 1914/2448/2213
f 1911/2446/2211 1299/1729/1564 1910/2449/2214
f 1299/1729/1564 1298/1734/1569 1910/2449/2214
f 1297/1737/1572 1914/2448/2213 1910/2449/2214
f 1298/1734/1569 1297/1737/1572 1910/2449/2214
f 1922/2450/2208 1918/2451/2209 1920/2452/2215
f 1914/2448/2213 1913/2453/2216 1918/2444/2209
f 1914/2448/2213 1297/1737/1572 1913/2453/2216
f 1297/1737/1572 2398/2454/2217 1913/2453/2216
f 1932/2455/2218 1935/2456/2219 1934/2457/2220
f 1932/2455/2218 1931/2458/2221 1935/2456/2219
f 1934/2457/2220 1929/2459/2222 1932/2455/2218
f 1932/2455/2218 1929/2459/2222 1931/2458/2221
f 2460/2460/2223 1935/2456/2219 1931/2458/2221
f 1933/2461/2224 2460/2460/2223 1931/2458/2221
f 1931/2458/2221 1929/2459/2222 1930/2462/2225
f 1931/2458/2221 1930/2462/2225 1933/2461/2224
f 1933/2461/2224 1930/2462/2225 1348/2005/1806
f 1930/2462/2225 1929/2459/2222 1928/2463/2226
f 3195/2464/2227 3193/2465/2228 1929/2459/2222
f 1929/2459/2222 3193/2465/2228 1928/2463/2226
f 3193/2465/2228 1927/2466/2229 1928/2463/2226
f 1926/2467/2230 1928/2463/2226 1927/2466/2229
f 1527/2011/1812 1928/2463/2226 1926/2467/2230
f 1530/2006/1807 1348/2005/1806 1930/2462/2225
f 1930/2462/2225 1928/2463/2226 1530/2006/1807
f 1530/2006/1807 1928/2463/2226 1528/2007/1808
f 1528/2007/1808 1928/2463/2226 1527/2011/1812
f 1941/2468/2231 961/2469/2232 3466/2470/2233
f 1938/2471/2234 1940/2472/2235 1941/2468/2231
f 1941/2468/2231 3464/2473/2236 1938/2471/2234
f 1941/2468/2231 1940/2472/2235 1943/2474/2237
f 1940/2472/2235 1938/2471/2234 1939/2475/2238
f 1940/2472/2235 1942/2476/2239 1943/2474/2237
f 1942/2476/2239 2021/2477/2240 331/527/487
f 2021/2477/2240 1942/2476/2239 1940/2472/2235
f 2020/2478/2241 1939/2475/2238 1938/2471/2234
f 1937/2059/1860 2020/2478/2241 3459/2479/2242
f 1947/350/330 858/352/332 859/1231/1114
f 1947/350/330 859/1231/1114 860/1233/1116
f 860/1233/1116 1945/1928/1741 1946/2480/2243
f 1947/350/330 860/1233/1116 1946/2480/2243
f 1944/354/334 1636/2118/1909 81/110/108
f 1947/350/330 1944/354/334 217/351/331
f 1947/350/330 1946/2480/2243 1944/354/334
f 1636/2118/1909 1945/1928/1741 1634/2121/1912
f 1636/2118/1909 1946/2480/2243 1945/1928/1741
f 1636/2118/1909 1944/354/334 1946/2480/2243
f 1636/2118/1909 1634/2121/1912 1635/2119/1910
f 860/1233/1116 856/1235/1118 1945/1928/1741
f 1634/2121/1912 1945/1928/1741 1633/2055/1856
f 1571/1929/1742 1633/2055/1856 1945/1928/1741
f 531/807/743 1949/2481/2244 1561/2050/1851
f 1952/132/130 1562/2051/1852 1561/2050/1851
f 1952/132/130 1561/2050/1851 163/254/246
f 163/254/246 1561/2050/1851 1951/2482/2245
f 1951/2482/2245 1950/255/247 163/254/246
f 73/100/100 163/254/246 165/252/244
f 1561/2050/1851 1949/2481/2244 1951/2482/2245
f 1949/2481/2244 1950/255/247 1951/2482/2245
f 1949/2481/2244 1948/401/377 1950/255/247
f 2864/2483/2246 238/400/376 1948/401/377
f 238/400/376 2864/2483/2246 329/402/378
f 2362/2484/2247 2693/2485/2248 1964/2486/2249
f 1964/2487/2249 2693/2488/2248 1962/2489/2250
f 2691/2490/2251 1962/2489/2250 2693/2488/2248
f 1962/2489/2250 1960/2491/2252 1964/2487/2249
f 1964/2487/2249 1960/2491/2252 1961/2492/2253
f 1962/2489/2250 1956/2493/2254 1960/2491/2252
f 1956/2493/2254 1957/2494/2255 1960/2491/2252
f 2691/2490/2251 1955/2495/2256 1956/2493/2254
f 128/201/195 127/200/194 1955/2495/2256
f 1955/2495/2256 127/200/194 1953/2296/2067
f 1954/2496/2257 1956/2493/2254 1953/2296/2067
f 1955/2495/2256 1953/2296/2067 1956/2493/2254
f 2691/2490/2251 1956/2493/2254 1962/2489/2250
f 1957/2494/2255 1958/2497/2258 1960/2491/2252
f 1959/2498/2259 1963/2499/2260 1961/2492/2253
f 1961/2492/2253 1960/2491/2252 1958/2497/2258
f 1959/2498/2259 1961/2492/2253 1958/2497/2258
f 1958/2497/2258 3395/2500/2261 1959/2498/2259
f 1958/2497/2258 1957/2494/2255 3395/2500/2261
f 1954/2496/2257 1957/2494/2255 1956/2493/2254
f 1979/2501/2262 1977/2046/1847 1976/2502/2263
f 1977/2046/1847 1975/2503/2264 1976/2502/2263
f 1909/2045/1846 1975/2503/2264 1977/2046/1847
f 1909/2045/1846 1903/2430/2195 1975/2503/2264
f 1980/2504/2265 1979/2501/2262 1976/2502/2263
f 1980/2504/2265 1976/2502/2263 1978/2505/2266
f 1978/2505/2266 1976/2502/2263 1974/2506/2267
f 1976/2502/2263 1975/2503/2264 1974/2506/2267
f 1978/2505/2266 1974/2506/2267 1973/2507/2268
f 1972/2508/2269 1973/2507/2268 1974/2506/2267
f 1971/2509/2270 1973/2507/2268 1972/2508/2269
f 1971/2509/2270 1972/2508/2269 1970/2510/2271
f 1970/2510/2271 1969/2511/2272 1968/2512/2273
f 1968/2512/2273 1969/2511/2272 1967/2513/2274
f 1970/2510/2271 1968/2512/2273 1971/2509/2270
f 1975/2503/2264 1972/2508/2269 1974/2506/2267
f 1969/2511/2272 1970/2510/2271 1966/2514/2275
f 1967/2513/2274 1969/2511/2272 1966/2514/2275
f 1966/2514/2275 1965/2515/2276 1967/2513/2274
f 1966/2514/2275 1970/2510/2271 1901/2516/2277
f 1968/2512/2273 2800/2517/2278 1971/2509/2270
f 1972/2508/2269 1975/2503/2264 1903/2430/2195
f 1972/2508/2269 1901/2516/2277 1970/2510/2271
f 1901/2516/2277 1965/2515/2276 1966/2514/2275
f 1903/2430/2195 1901/2516/2277 1972/2508/2269
f 1903/2430/2195 1990/2434/2199 1901/2516/2277
f 1989/2433/2198 1988/2518/2279 1900/2431/2196
f 183/283/273 1985/2519/2280 1988/2518/2279
f 1900/2431/2196 1988/2518/2279 1990/2434/2199
f 1990/2434/2199 1985/2519/2280 1986/2520/2281
f 1990/2434/2199 1988/2518/2279 1985/2519/2280
f 1985/2521/2280 1982/2522/2282 1981/2523/2283
f 1987/2524/2284 1986/2525/2281 1985/2521/2280
f 2198/2526/2285 1986/2525/2281 1987/2524/2284
f 1987/2524/2284 1983/2527/2286 2198/2526/2285
f 1987/2524/2284 1985/2521/2280 1983/2527/2286
f 1983/2527/2286 1985/2521/2280 1981/2523/2283
f 1981/2523/2283 2196/2528/2287 1983/2527/2286
f 1045/1444/1305 183/283/273 1989/2433/2198
f 1988/2518/2279 1989/2433/2198 183/283/273
f 1045/1444/1305 184/282/272 183/283/273
f 1985/2519/2280 183/283/273 1984/422/395
f 1985/2521/2280 1984/424/395 1982/2522/2282
f 255/420/393 1984/422/395 183/283/273
f 1982/2522/2282 1984/424/395 252/426/397
f 252/426/397 250/771/714 1982/2522/2282
f 250/771/714 2195/2529/2288 1982/2522/2282
f 2195/2529/2288 1981/2523/2283 1982/2522/2282
f 1986/2525/2281 2198/2526/2285 2049/2530/2289
f 1999/1795/1624 1996/1796/1625 1995/2531/2290
f 1999/1795/1624 1995/2531/2290 1998/2532/2291
f 1992/2533/2292 1995/2531/2290 1996/1796/1625
f 1354/1798/1627 1154/1570/1424 1996/1796/1625
f 1996/1796/1625 1154/1570/1424 1992/2533/2292
f 1994/2534/2293 1995/2531/2290 1992/2533/2292
f 1993/2535/2294 1994/2534/2293 1992/2533/2292
f 1995/2531/2290 1994/2534/2293 1997/2536/2295
f 1997/2536/2295 1994/2534/2293 2707/2537/2296
f 1992/2533/2292 1154/1570/1424 1991/2538/2297
f 1991/2538/2297 2271/2539/2298 1992/2533/2292
f 1992/2533/2292 2271/2539/2298 1993/2535/2294
f 1993/2535/2294 2271/2539/2298 2702/2540/2299
f 2007/2541/2300 2008/2542/2301 264/438/408
f 264/438/408 263/436/406 2007/2541/2300
f 2008/2542/2301 2007/2541/2300 2009/2543/2302
f 2007/2541/2300 263/436/406 265/439/409
f 265/2544/409 2002/676/411 2007/2545/2300
f 2011/2546/2303 2009/2547/2302 2006/2548/2304
f 2002/676/411 2006/2548/2304 2007/2545/2300
f 2007/2545/2300 2006/2548/2304 2009/2547/2302
f 2012/2549/2305 2005/2142/1933 2008/2542/2301
f 2009/2543/2302 2012/2549/2305 2008/2542/2301
f 2012/2550/2305 2009/2547/2302 2010/2551/2306
f 2010/2551/2306 2005/2552/1933 2012/2550/2305
f 2010/2551/2306 2003/2553/2307 2005/2552/1933
f 264/438/408 2008/2542/2301 1651/2138/1929
f 1651/2138/1929 2008/2542/2301 2005/2142/1933
f 2010/2551/2306 2001/2554/2308 2003/2553/2307
f 680/2555/2309 1652/1009/919 2005/2552/1933
f 2005/2552/1933 2003/2553/2307 680/2555/2309
f 1652/1009/919 680/2555/2309 679/1010/920
f 2009/2547/2302 2011/2546/2303 2010/2551/2306
f 2004/2556/2310 2010/2551/2306 2011/2546/2303
f 291/472/440 2004/2556/2310 2011/2546/2303
f 2006/2548/2304 289/468/436 2011/2546/2303
f 2010/2551/2306 2004/2556/2310 2001/2554/2308
f 2003/2553/2307 2001/2554/2308 680/2555/2309
f 680/2555/2309 2001/2554/2308 679/1010/920
f 679/1010/920 2001/2554/2308 677/1012/922
f 677/1012/922 2001/2554/2308 2000/469/437
f 287/467/435 2000/469/437 2001/2554/2308
f 2002/676/411 289/468/436 2006/2548/2304
f 289/468/436 2002/676/411 436/673/623
f 291/472/440 2001/2554/2308 2004/2556/2310
f 2011/2546/2303 289/468/436 291/472/440
f 436/673/623 290/474/442 289/468/436
f 2001/2554/2308 291/472/440 287/467/435
f 1940/2472/2235 1939/2475/2238 2021/2477/2240
f 1939/2475/2238 2015/2557/2311 2017/2558/2312
f 1939/2475/2238 2020/2478/2241 2015/2557/2311
f 2020/2478/2241 1937/2059/1860 2015/2557/2311
f 2021/2477/2240 2022/2559/2313 331/527/487
f 2017/2558/2312 2021/2477/2240 1939/2475/2238
f 2022/2559/2313 2021/2477/2240 2019/2560/2314
f 2021/2477/2240 2017/2558/2312 2019/2560/2314
f 2022/2559/2313 330/525/485 331/527/487
f 2019/2560/2314 3322/2561/2315 2022/2559/2313
f 330/525/485 2022/2559/2313 3322/2561/2315
f 2017/2558/2312 2014/2562/2316 2016/2563/2317
f 2017/2558/2312 2015/2557/2311 2014/2562/2316
f 2013/2564/2318 2014/2562/2316 2015/2557/2311
f 2013/2564/2318 2343/2565/2319 2014/2562/2316
f 2017/2558/2312 2016/2563/2317 2019/2560/2314
f 2019/2560/2314 2016/2563/2317 2018/2566/2320
f 2014/2562/2316 90/126/124 2016/2563/2317
f 2014/2562/2316 2343/2565/2319 90/126/124
f 2023/2567/2321 2223/2568/2322 2550/2569/2323
f 2515/2570/2324 2550/2569/2323 2223/2568/2322
f 2223/2568/2322 2516/2571/2325 2515/2570/2324
f 2028/2572/2326 2026/2573/2327 2030/2574/2328
f 2032/2575/2329 2030/2574/2328 2034/2228/2006
f 2034/2228/2006 1730/2231/2009 1727/2229/2007
f 2030/2574/2328 1730/2231/2009 2034/2228/2006
f 2030/2574/2328 2026/2573/2327 1730/2231/2009
f 2033/2576/2330 2030/2574/2328 2032/2575/2329
f 2028/2572/2326 2024/2577/2331 2025/2578/2332
f 1730/2231/2009 2026/2573/2327 1723/2230/2008
f 2026/2573/2327 2025/2578/2332 1723/2230/2008
f 2026/2573/2327 2028/2572/2326 2025/2578/2332
f 2031/2579/2333 2030/2574/2328 2033/2576/2330
f 2028/2572/2326 2030/2574/2328 2027/2580/2334
f 2031/2579/2333 2029/2581/2335 2027/2580/2334
f 2030/2574/2328 2031/2579/2333 2027/2580/2334
f 2029/2581/2335 2227/2582/2336 2027/2580/2334
f 2028/2572/2326 2027/2580/2334 2023/2567/2321
f 2028/2572/2326 2023/2567/2321 2024/2577/2331
f 2023/2567/2321 2027/2580/2334 2227/2582/2336
f 2043/2583/2337 2044/1771/1602 2048/1776/1607
f 2044/1771/1602 2045/1773/1604 1335/1772/1603
f 2042/2584/2338 2044/1771/1602 2043/2583/2337
f 1332/1778/1609 2039/2420/2185 2887/2416/2181
f 1333/1777/1608 2039/2420/2185 1332/1778/1609
f 2044/1771/1602 2037/2585/2339 2041/2586/2340
f 2041/2586/2340 2037/2585/2339 2038/2587/2341
f 2045/1773/1604 2044/1771/1602 1333/1777/1608
f 1333/1777/1608 2041/2586/2340 2039/2420/2185
f 2044/1771/1602 2041/2586/2340 1333/1777/1608
f 2039/2420/2185 2041/2586/2340 2038/2587/2341
f 2040/2588/2342 2042/2584/2338 2043/2583/2337
f 2048/1776/1607 1619/1775/1606 2047/2110/1901
f 2047/2110/1901 2043/2583/2337 2048/1776/1607
f 2047/2110/1901 2046/2589/2343 2043/2583/2337
f 1618/2109/1900 2046/2589/2343 2047/2110/1901
f 2043/2583/2337 2046/2589/2343 2040/2588/2342
f 2040/2588/2342 2036/2590/2344 2035/2591/2345
f 2042/2584/2338 2035/2591/2345 2037/2585/2339
f 2040/2588/2342 2035/2591/2345 2042/2584/2338
f 2035/2591/2345 2036/2590/2344 2421/2592/2346
f 2044/1771/1602 2042/2584/2338 2037/2585/2339
f 2054/2593/2347 1990/2434/2199 1986/2520/2281
f 1967/2513/2274 2058/2594/2348 1968/2512/2273
f 2058/2594/2348 2059/2595/2349 1968/2512/2273
f 1965/2515/2276 2055/2596/2350 1967/2513/2274
f 2055/2596/2350 2058/2594/2348 1967/2513/2274
f 2059/2595/2349 2058/2594/2348 2057/2597/2351
f 2057/2598/2351 2058/2599/2348 2056/2600/2352
f 2058/2599/2348 2053/2601/2353 2056/2600/2352
f 2055/2596/2350 2053/2602/2353 2058/2594/2348
f 2056/2600/2352 2051/2603/2354 2057/2598/2351
f 954/1344/1213 2052/2604/2355 2051/2603/2354
f 2056/2600/2352 2053/2601/2353 2051/2603/2354
f 2055/2596/2350 2049/2605/2289 2053/2602/2353
f 2053/2601/2353 2050/2606/2356 2051/2603/2354
f 1965/2515/2276 2054/2593/2347 2055/2596/2350
f 1901/2516/2277 1990/2434/2199 1965/2515/2276
f 1965/2515/2276 1990/2434/2199 2054/2593/2347
f 2054/2593/2347 1986/2520/2281 2055/2596/2350
f 2055/2596/2350 1986/2520/2281 2049/2605/2289
f 2049/2530/2289 2359/2607/2357 2361/2608/2358
f 2198/2526/2285 2359/2607/2357 2049/2530/2289
f 2198/2526/2285 2197/2609/2359 2359/2607/2357
f 2053/2601/2353 2049/2610/2289 2050/2606/2356
f 2049/2530/2289 2361/2608/2358 2050/2611/2356
f 1655/2148/1938 2065/2612/2360 2067/2146/1936
f 2065/2612/2360 1655/2148/1938 1656/1095/996
f 1656/1095/996 2066/2613/2361 2065/2612/2360
f 2061/2614/2362 2064/236/230 2065/2612/2360
f 2064/236/230 1653/235/229 2067/2146/1936
f 2067/2146/1936 2065/2612/2360 2064/236/230
f 2061/2614/2362 2032/2575/2329 2064/236/230
f 2064/236/230 2032/2575/2329 2034/2228/2006
f 2061/2614/2362 2065/2612/2360 2062/2615/2363
f 2061/2614/2362 2062/2615/2363 2033/2576/2330
f 2033/2576/2330 2032/2575/2329 2061/2614/2362
f 2068/2616/2364 2063/2617/2365 2066/2613/2361
f 2062/2615/2363 2066/2613/2361 2063/2617/2365
f 1656/1095/996 2069/1096/997 2066/2613/2361
f 2068/2616/2364 2066/2613/2361 2069/1096/997
f 172/268/260 2069/1096/997 1656/1095/996
f 2060/2618/2366 2033/2576/2330 2062/2615/2363
f 2033/2576/2330 2060/2618/2366 2031/2579/2333
f 2063/2617/2365 2060/2618/2366 2062/2615/2363
f 2063/2617/2365 2372/2619/2367 2060/2618/2366
f 2060/2618/2366 2372/2619/2367 2031/2579/2333
f 2065/2612/2360 2066/2613/2361 2062/2615/2363
f 940/1338/1207 240/407/383 938/76/76
f 240/407/383 2070/1174/1068 938/76/76
f 239/406/382 2070/1174/1068 240/407/383
f 2070/1174/1068 1150/77/77 938/76/76
f 880/75/75 1149/1560/1414 877/1264/1141
f 2070/1174/1068 239/406/382 806/1173/1067
f 2073/766/709 1710/2215/1997 2072/1315/1189
f 2072/1315/1189 500/768/711 2073/766/709
f 2956/2620/2368 2074/2621/2369 2072/1315/1189
f 1713/2212/1994 2073/766/709 501/763/706
f 1713/2212/1994 1714/2216/1998 2073/766/709
f 2959/2217/1999 2071/2622/2370 1710/2215/1997
f 1714/2216/1998 1710/2215/1997 2073/766/709
f 2956/2620/2368 2072/1315/1189 2071/2622/2370
f 2072/1315/1189 1710/2215/1997 2071/2622/2370
f 2075/1314/1188 2072/1315/1189 2074/2621/2369
f 2072/1315/1189 2075/1314/1188 925/770/713
f 2081/2623/2371 2086/2624/2372 2080/2625/2373
f 2087/2626/2374 2086/2624/2372 2085/2627/2375
f 2085/2627/2375 2086/2624/2372 2082/2628/2376
f 2086/2624/2372 2081/2623/2371 2082/2628/2376
f 2215/2629/2377 2079/2630/2378 2687/2631/2379
f 2687/2631/2379 2688/2632/2380 2215/2629/2377
f 2079/2630/2378 2081/2623/2371 2077/2633/2381
f 2079/2630/2378 2082/2628/2376 2081/2623/2371
f 2081/2623/2371 2080/2625/2373 2077/2633/2381
f 2083/2634/2382 2127/2635/2383 2080/2625/2373
f 2080/2625/2373 2127/2635/2383 2077/2633/2381
f 2077/2633/2381 2127/2635/2383 2078/2636/2384
f 2079/2630/2378 2077/2633/2381 2687/2631/2379
f 2078/2636/2384 2684/2637/2385 2077/2633/2381
f 2077/2633/2381 2684/2637/2385 2685/2638/2386
f 2078/2636/2384 2076/2639/2387 2684/2637/2385
f 2078/2636/2384 2124/2640/2388 2076/2639/2387
f 1586/2078/1874 2102/2641/2389 2107/2002/1803
f 2107/2002/1803 2102/2641/2389 2105/2642/2390
f 2107/2002/1803 2105/2642/2390 2295/2643/2391
f 1586/2078/1874 1584/2080/1876 2102/2641/2389
f 2102/2641/2389 1584/2080/1876 2099/2644/2392
f 2099/2644/2392 2293/2645/2393 2105/2642/2390
f 2105/2642/2390 2102/2641/2389 2099/2644/2392
f 2099/2644/2392 2097/2646/2394 2293/2645/2393
f 2099/2644/2392 2092/2647/2395 2097/2646/2394
f 2091/2648/2396 2092/2647/2395 1584/2080/1876
f 1584/2080/1876 1582/2081/1877 2091/2648/2396
f 1582/2081/1877 2089/2649/2397 2091/2648/2396
f 1582/2081/1877 811/1182/1074 2089/2649/2397
f 810/1302/1176 2089/2649/2397 811/1182/1074
f 810/1302/1176 922/1304/1178 2089/2649/2397
f 2089/2649/2397 922/1304/1178 2091/2648/2396
f 1584/2080/1876 2092/2647/2395 2099/2644/2392
f 2088/1308/1182 2092/2647/2395 2091/2648/2396
f 2091/2648/2396 922/1304/1178 2088/1308/1182
f 2293/2645/2393 2097/2646/2394 2108/2650/2398
f 2097/2646/2394 2104/2651/2399 2108/2650/2398
f 2101/2652/2400 2104/2651/2399 2097/2646/2394
f 2097/2646/2394 2095/2653/2401 2101/2652/2400
f 2101/2652/2400 2095/2653/2401 2098/2654/2402
f 2104/2651/2399 2103/2655/2403 2108/2650/2398
f 2104/2651/2399 2101/2652/2400 2103/2655/2403
f 2103/2656/2403 2100/2657/2404 2235/2658/2405
f 2103/2655/2403 2098/2654/2402 2100/2659/2404
f 2098/2654/2402 2103/2655/2403 2101/2652/2400
f 2097/2646/2394 2092/2647/2395 2095/2653/2401
f 2088/1308/1182 923/1307/1181 2092/2647/2395
f 2092/2647/2395 924/1310/1184 2095/2653/2401
f 2092/2647/2395 923/1307/1181 924/1310/1184
f 2098/2654/2402 2095/2653/2401 2094/2660/2406
f 2098/2654/2402 2094/2660/2406 2100/2659/2404
f 2094/2660/2406 2093/2661/2407 2100/2659/2404
f 2093/2662/2407 2090/2663/2408 2096/2664/2409
f 924/1310/1184 2093/2661/2407 2094/2660/2406
f 2095/2653/2401 924/1310/1184 2094/2660/2406
f 2093/2662/2407 924/2665/1184 2090/2663/2408
f 430/665/616 1317/664/615 1313/1756/1590
f 431/661/612 2114/2666/2410 2117/666/617
f 430/665/616 1313/1756/1590 431/661/612
f 2114/2666/2410 431/661/612 1313/1756/1590
f 2118/2667/2411 2119/667/618 2115/2668/2412
f 2119/667/618 2117/666/617 2115/2668/2412
f 2115/2668/2412 2116/2669/2413 2118/2667/2411
f 2116/2669/2413 2115/2668/2412 2113/2670/2414
f 2114/2666/2410 2115/2668/2412 2117/666/617
f 2114/2666/2410 2113/2670/2414 2115/2668/2412
f 2112/2671/2415 2113/2670/2414 2114/2666/2410
f 2113/2670/2414 2112/2671/2415 2111/2184/1969
f 1313/1756/1590 1307/1757/1591 2112/2671/2415
f 1313/1756/1590 2112/2671/2415 2114/2666/2410
f 2112/2671/2415 1307/1757/1591 3221/1758/1592
f 2112/2671/2415 3221/1758/1592 3218/2672/2416
f 3218/2672/2416 2109/2673/2417 2112/2671/2415
f 2112/2671/2415 2109/2673/2417 2110/2674/2418
f 2111/2184/1969 2112/2671/2415 2110/2674/2418
f 2110/2674/2418 1700/2185/1970 2111/2184/1969
f 2110/2674/2418 2109/2673/2417 1700/2185/1970
f 2109/2673/2417 2352/2675/2419 2350/2676/2420
f 1700/2185/1970 2109/2673/2417 1699/2186/1971
f 2350/2676/2420 1699/2186/1971 2109/2673/2417
f 2116/2669/2413 2113/2670/2414 2627/2677/2421
f 2113/2670/2414 2111/2184/1969 2623/1906/1725
f 2126/2678/2422 394/2679/2423 2121/2680/2424
f 2126/2678/2422 395/612/563 394/2679/2423
f 395/612/563 393/610/561 394/2679/2423
f 2123/2681/2425 2126/2678/2422 2121/2680/2424
f 2123/2681/2425 2121/2680/2424 2122/2682/2426
f 2120/2683/2427 2493/2684/2428 2122/2682/2426
f 2493/2684/2428 2496/2685/2429 2122/2682/2426
f 2121/2680/2424 2120/2683/2427 2122/2682/2426
f 394/2679/2423 552/829/759 2121/2680/2424
f 552/829/759 394/2679/2423 393/610/561
f 2121/2680/2424 552/829/759 549/830/760
f 549/830/760 548/831/761 2492/1232/1115
f 549/830/760 2492/1232/1115 2121/2680/2424
f 2121/2680/2424 2492/1232/1115 2120/2683/2427
f 2127/2686/2383 2083/2687/2382 2084/2688/2430
f 2084/2688/2430 2128/2689/2431 2127/2686/2383
f 2127/2686/2383 2128/2689/2431 2125/2690/2432
f 2128/2689/2431 2126/2678/2422 2125/2690/2432
f 2127/2635/2383 2124/2640/2388 2078/2636/2384
f 2127/2686/2383 2125/2690/2432 2124/2691/2388
f 2124/2691/2388 2125/2690/2432 2122/2682/2426
f 2076/2639/2387 2124/2640/2388 2494/2692/2433
f 2124/2691/2388 2122/2682/2426 2494/2693/2433
f 2126/2678/2422 2123/2681/2425 2125/2690/2432
f 2125/2690/2432 2123/2681/2425 2122/2682/2426
f 2128/2689/2431 395/612/563 2126/2678/2422
f 2133/693/640 2132/703/650 1286/1720/1557
f 1286/1720/1557 1289/1721/1558 2133/693/640
f 449/697/644 2132/703/650 2133/693/640
f 2131/1713/1550 1284/1712/1549 1286/1720/1557
f 2131/1713/1550 2130/2694/2434 422/646/597
f 422/646/597 2130/2694/2434 421/647/598
f 2130/2694/2434 419/650/601 418/648/599
f 1286/1720/1557 2132/703/650 2131/1713/1550
f 2132/703/650 2130/2694/2434 2131/1713/1550
f 418/648/599 421/647/598 2130/2694/2434
f 2132/703/650 448/702/649 2130/2694/2434
f 448/702/649 419/650/601 2130/2694/2434
f 448/702/649 2129/2695/2435 419/650/601
f 2129/2695/2435 448/702/649 690/1022/930
f 2129/2695/2435 937/1324/1198 419/650/601
f 936/1326/1200 937/1324/1198 2129/2695/2435
f 2129/2695/2435 690/1022/930 936/1326/1200
f 688/1024/932 936/1326/1200 690/1022/930
f 936/1326/1200 688/1024/932 934/2696/1201
f 1752/2266/2041 2159/2697/2436 1754/2267/2042
f 2159/2697/2436 1752/2266/2041 2156/2698/2437
f 1759/2275/2050 1757/2271/2046 2160/2699/2438
f 1757/2271/2046 1754/2267/2042 2159/2697/2436
f 2160/2699/2438 1757/2271/2046 2159/2697/2436
f 2157/2700/2439 2160/2699/2438 2159/2697/2436
f 2156/2698/2437 2153/2701/2440 2157/2700/2439
f 2156/2698/2437 1752/2266/2041 1751/2268/2043
f 2158/2274/2049 2156/2698/2437 1751/2268/2043
f 2154/2702/2441 2156/2698/2437 2158/2274/2049
f 2144/2703/2442 2156/2698/2437 2154/2702/2441
f 2144/2703/2442 2150/2704/2443 2156/2698/2437
f 1747/2244/2022 2158/2274/2049 2238/2273/2048
f 1747/2244/2022 2154/2702/2441 2158/2274/2049
f 1747/2244/2022 2146/2705/2444 2154/2702/2441
f 2146/2705/2444 2144/2703/2442 2154/2702/2441
f 2157/2700/2439 2159/2697/2436 2156/2698/2437
f 2150/2704/2443 2151/2706/2445 2153/2701/2440
f 2150/2704/2443 2153/2701/2440 2156/2698/2437
f 2150/2704/2443 2142/2707/2446 2141/2708/2447
f 2145/2709/2448 2144/2703/2442 2146/2705/2444
f 2141/2708/2447 2149/2710/2449 2151/2706/2445
f 2141/2708/2447 2151/2706/2445 2150/2704/2443
f 2141/2708/2447 2138/2711/2450 2149/2710/2449
f 2138/2711/2450 2141/2708/2447 2136/2712/2451
f 2150/2704/2443 2144/2703/2442 2142/2707/2446
f 2136/2712/2451 2141/2708/2447 2142/2707/2446
f 2144/2703/2442 2137/2713/2452 2142/2707/2446
f 2137/2713/2452 2136/2712/2451 2142/2707/2446
f 2137/2713/2452 2144/2703/2442 2145/2709/2448
f 2145/2714/2448 2140/2715/2453 2137/2716/2452
f 130/197/193 2137/2716/2452 3394/2717/2454
f 2137/2716/2452 130/197/193 2136/2718/2451
f 2162/2279/2054 1755/2276/2051 1759/2275/2050
f 2160/2699/2438 2162/2279/2054 1759/2275/2050
f 2155/2719/2455 2162/2279/2054 2160/2699/2438
f 2155/2719/2455 2160/2699/2438 2157/2700/2439
f 2153/2701/2440 2155/2719/2455 2157/2700/2439
f 2147/2720/2456 2153/2701/2440 2151/2706/2445
f 2153/2701/2440 2147/2720/2456 2155/2719/2455
f 2151/2706/2445 2149/2710/2449 2147/2720/2456
f 2162/2279/2054 2161/2721/2457 1753/2280/2055
f 2162/2279/2054 2155/2719/2455 2161/2721/2457
f 2155/2719/2455 2152/2722/2458 2161/2721/2457
f 2152/2722/2458 2155/2719/2455 2147/2720/2456
f 2152/2722/2458 2148/2723/2459 2161/2721/2457
f 2143/2724/2460 2147/2720/2456 2149/2710/2449
f 2152/2722/2458 2147/2720/2456 2148/2723/2459
f 2147/2720/2456 2139/2725/2461 2148/2723/2459
f 2149/2710/2449 2138/2711/2450 2143/2724/2460
f 2143/2724/2460 2138/2711/2450 2135/2726/2462
f 2135/2726/2462 2134/2727/2463 2143/2724/2460
f 2136/2712/2451 2135/2726/2462 2138/2711/2450
f 130/197/193 2135/2728/2462 2136/2718/2451
f 129/196/192 2135/2728/2462 130/197/193
f 2135/2728/2462 129/196/192 2134/2729/2463
f 2139/2725/2461 2147/2720/2456 2143/2724/2460
f 2134/2727/2463 2139/2725/2461 2143/2724/2460
f 2134/2727/2463 131/2730/196 2139/2725/2461
f 131/2730/196 2134/2727/2463 129/2731/192
f 2174/2419/2184 2039/2420/2185 2038/2587/2341
f 2174/2419/2184 2168/2732/2464 2173/2733/2465
f 2038/2587/2341 2168/2732/2464 2174/2419/2184
f 2171/2734/2466 2168/2732/2464 2167/2735/2467
f 2171/2734/2466 2173/2733/2465 2168/2732/2464
f 2037/2585/2339 2035/2591/2345 2038/2587/2341
f 2035/2591/2345 2172/2736/2468 2038/2587/2341
f 2172/2736/2468 2168/2732/2464 2038/2587/2341
f 2172/2736/2468 2035/2591/2345 2421/2592/2346
f 2843/2737/2469 2172/2736/2468 2421/2592/2346
f 2172/2736/2468 2843/2737/2469 2166/2738/2470
f 2170/2739/2471 2166/2738/2470 2843/2737/2469
f 2168/2732/2464 2172/2736/2468 2166/2738/2470
f 2168/2732/2464 2166/2738/2470 2165/2740/2472
f 2168/2732/2464 2165/2740/2472 2167/2735/2467
f 2166/2738/2470 2164/2741/2473 2165/2740/2472
f 2164/2741/2473 2163/2742/2474 2653/2743/2475
f 2179/2744/2476 2186/2745/2477 2185/2746/2478
f 2185/2746/2478 2180/2747/2479 2179/2744/2476
f 2184/2748/2480 2180/2747/2479 2185/2746/2478
f 2184/2748/2480 2183/2749/2481 2180/2747/2479
f 2183/2749/2481 2181/2750/2482 2178/2751/2483
f 2178/2751/2483 2180/2747/2479 2183/2749/2481
f 2186/2745/2477 2184/2748/2480 2185/2746/2478
f 1979/2501/2262 2177/2752/2484 2179/2744/2476
f 2179/2744/2476 2175/2753/2485 1979/2501/2262
f 2175/2753/2485 2180/2747/2479 2178/2751/2483
f 2175/2753/2485 2179/2744/2476 2180/2747/2479
f 2181/2750/2482 2182/2754/2486 1558/2034/1835
f 1559/230/224 1558/2034/1835 2182/2754/2486
f 1558/2034/1835 1559/230/224 1737/229/223
f 2176/2755/2487 2181/2750/2482 1558/2034/1835
f 1558/2034/1835 1556/2043/1844 2176/2755/2487
f 2183/2749/2481 2184/2748/2480 2182/2754/2486
f 2183/2749/2481 2182/2754/2486 2181/2750/2482
f 2178/2751/2483 2181/2750/2482 2176/2755/2487
f 1554/2038/1839 1556/2043/1844 1558/2034/1835
f 2178/2751/2483 2176/2755/2487 2175/2753/2485
f 2175/2753/2485 2176/2755/2487 1552/2044/1845
f 2175/2753/2485 1977/2046/1847 1979/2501/2262
f 1552/2044/1845 1977/2046/1847 2175/2753/2485
f 1556/2043/1844 1551/2040/1841 2176/2755/2487
f 1551/2040/1841 1552/2044/1845 2176/2755/2487
f 2177/2752/2484 2571/2756/2488 2179/2744/2476
f 2197/2609/2359 2198/2526/2285 2193/2757/2489
f 2198/2526/2285 2196/2528/2287 2193/2757/2489
f 2198/2526/2285 1983/2527/2286 2196/2528/2287
f 2194/2758/2490 2193/2757/2489 2196/2528/2287
f 2189/2759/2491 2193/2757/2489 2194/2758/2490
f 2189/2759/2491 2194/2758/2490 2196/2528/2287
f 2196/2528/2287 2190/2760/2492 2189/2759/2491
f 2188/2761/2493 2128/2689/2431 2189/2759/2491
f 2191/2762/2494 1981/2523/2283 2195/2529/2288
f 2196/2528/2287 1981/2523/2283 2191/2762/2494
f 2196/2528/2287 2191/2762/2494 2190/2760/2492
f 511/772/715 2191/2762/2494 2195/2529/2288
f 250/771/714 511/772/715 2195/2529/2288
f 511/772/715 412/630/581 2191/2762/2494
f 2191/2762/2494 412/630/581 2188/2761/2493
f 2190/2760/2492 2188/2761/2493 2189/2759/2491
f 2190/2760/2492 2191/2762/2494 2188/2761/2493
f 2188/2761/2493 395/612/563 2128/2689/2431
f 412/630/581 410/632/583 2187/2763/2495
f 2187/2763/2495 2188/2761/2493 412/630/581
f 2188/2761/2493 410/632/583 395/612/563
f 2188/2761/2493 2187/2763/2495 410/632/583
f 395/612/563 410/632/583 397/611/562
f 2192/2764/2496 2197/2609/2359 2193/2757/2489
f 2193/2757/2489 2189/2759/2491 2192/2764/2496
f 2192/2764/2496 2189/2759/2491 2084/2688/2430
f 2189/2759/2491 2128/2689/2431 2084/2688/2430
f 332/526/486 2209/2765/2497 2210/389/367
f 332/526/486 2205/2766/2498 2209/2765/2497
f 332/526/486 330/525/485 2205/2766/2498
f 2204/2767/2499 2205/2766/2498 330/525/485
f 2205/2766/2498 2207/2768/2500 2209/2765/2497
f 2207/2768/2500 2205/2766/2498 2202/2769/2501
f 2201/2770/2502 2202/2769/2501 2205/2766/2498
f 2204/2767/2499 2201/2770/2502 2205/2766/2498
f 2204/2767/2499 3320/2771/2503 2201/2770/2502
f 2207/2772/2500 2208/395/371 2210/392/367
f 2210/389/367 2209/2765/2497 2207/2768/2500
f 2208/395/371 2207/2772/2500 2206/2773/2504
f 2203/2774/2505 1793/394/370 2208/395/371
f 2206/2773/2504 2203/2774/2505 2208/395/371
f 2207/2768/2500 2202/2769/2501 2206/2775/2504
f 2201/2770/2502 2200/2776/2506 2202/2769/2501
f 2202/2777/2501 2200/2778/2506 2199/2779/2507
f 2206/2773/2504 2202/2777/2501 2203/2774/2505
f 2203/2774/2505 2202/2777/2501 2199/2779/2507
f 2620/2780/2508 2217/2781/2509 2212/1092/993
f 2214/2782/2510 2217/2781/2509 2216/2783/2511
f 2217/2781/2509 2214/2782/2510 2212/1092/993
f 2212/1092/993 2214/2782/2510 2211/2784/2512
f 2213/2785/2513 2211/2784/2512 2214/2782/2510
f 2215/2629/2377 2688/2632/2380 2213/2785/2513
f 2686/2786/2514 2683/2787/2515 2213/2785/2513
f 2688/2632/2380 2689/2788/2516 2213/2785/2513
f 2689/2788/2516 2686/2786/2514 2213/2785/2513
f 2216/2783/2511 2335/2789/2517 2213/2785/2513
f 2216/2783/2511 2213/2785/2513 2214/2782/2510
f 2213/2785/2513 2683/2787/2515 2211/2784/2512
f 2212/1092/993 2211/2784/2512 191/1093/994
f 2211/2784/2512 2683/2787/2515 191/1093/994
f 191/1093/994 190/293/281 189/292/280
f 2683/2787/2515 190/293/281 191/1093/994
f 2231/2790/2518 2227/2582/2336 2029/2581/2335
f 2229/2791/2519 2233/2792/2520 2230/2793/2521
f 2231/2790/2518 2226/2794/2522 2227/2582/2336
f 2231/2790/2518 2228/2795/2523 2226/2794/2522
f 2231/2790/2518 2229/2791/2519 2228/2795/2523
f 2226/2794/2522 2222/2796/2524 2223/2568/2322
f 2223/2568/2322 2023/2567/2321 2227/2582/2336
f 2226/2794/2522 2223/2568/2322 2227/2582/2336
f 2223/2568/2322 2221/2797/2525 2516/2571/2325
f 2222/2796/2524 2221/2797/2525 2223/2568/2322
f 2232/2798/2526 898/2134/1925 2233/2792/2520
f 896/2133/1924 895/1278/1155 898/2134/1925
f 2230/2793/2521 898/2134/1925 2225/2799/2527
f 2220/1279/1156 2224/2800/2528 895/1278/1155
f 895/1278/1155 2224/2800/2528 898/2134/1925
f 898/2134/1925 2224/2800/2528 2225/2799/2527
f 898/2134/1925 2230/2793/2521 2233/2792/2520
f 2230/2793/2521 2225/2799/2527 2229/2791/2519
f 2228/2795/2523 2229/2791/2519 2225/2799/2527
f 2224/2800/2528 2220/1279/1156 2218/2801/2529
f 2219/2802/2530 2224/2800/2528 2218/2801/2529
f 2511/1280/1157 2220/1279/1156 892/1143/1039
f 2219/2802/2530 2218/2801/2529 2221/2797/2525
f 2218/2801/2529 2511/1280/1157 2221/2797/2525
f 2218/2801/2529 2220/1279/1156 2511/1280/1157
f 2226/2794/2522 2224/2800/2528 2219/2802/2530
f 2228/2795/2523 2225/2799/2527 2224/2800/2528
f 2226/2794/2522 2228/2795/2523 2224/2800/2528
f 2219/2802/2530 2222/2796/2524 2226/2794/2522
f 2219/2802/2530 2221/2797/2525 2222/2796/2524
f 2372/2619/2367 2029/2581/2335 2031/2579/2333
f 2103/2656/2403 2235/2658/2405 2106/2803/2531
f 2235/2658/2405 2292/2804/2532 2106/2803/2531
f 2235/2658/2405 2236/2805/2533 2292/2804/2532
f 2236/2805/2533 2235/2658/2405 2234/2806/2534
f 2100/2657/2404 2093/2662/2407 2235/2658/2405
f 2096/2664/2409 2235/2658/2405 2093/2662/2407
f 2235/2658/2405 2096/2664/2409 2234/2806/2534
f 2096/2664/2409 3083/2807/2535 2234/2806/2534
f 2248/2808/2536 2617/2809/2537 2247/2810/2538
f 2617/2809/2537 2243/2811/2539 2247/2810/2538
f 2244/1094/995 2977/2812/2540 2243/2811/2539
f 2243/2811/2539 2977/2812/2540 2979/2813/2541
f 360/555/511 2251/557/513 2249/2814/2542
f 2251/557/513 2250/2815/2543 2249/2814/2542
f 2248/2808/2536 2249/2814/2542 2250/2815/2543
f 2249/2814/2542 2248/2808/2536 2246/2816/2544
f 2249/2814/2542 2246/2816/2544 2245/2817/2545
f 2246/2816/2544 2248/2808/2536 2247/2810/2538
f 360/555/511 2249/2814/2542 358/562/518
f 2249/2814/2542 2245/2817/2545 358/562/518
f 357/2365/2133 359/561/517 358/562/518
f 1766/2260/2035 357/2365/2133 358/562/518
f 1766/2260/2035 358/562/518 2245/2817/2545
f 2245/2817/2545 2246/2816/2544 2241/2818/2546
f 2245/2817/2545 2241/2818/2546 1766/2260/2035
f 1758/2261/2036 1766/2260/2035 2241/2818/2546
f 1756/2272/2047 1758/2261/2036 2241/2818/2546
f 2242/2819/2547 2241/2818/2546 2247/2810/2538
f 2247/2810/2538 2241/2818/2546 2246/2816/2544
f 2243/2811/2539 2242/2819/2547 2247/2810/2538
f 2979/2813/2541 2242/2819/2547 2243/2811/2539
f 2242/2819/2547 2979/2813/2541 2240/2820/2548
f 2240/2820/2548 2239/2821/2549 2242/2819/2547
f 2239/2821/2549 2241/2818/2546 2242/2819/2547
f 2241/2818/2546 2239/2821/2549 1756/2272/2047
f 2238/2273/2048 1751/2268/2043 1756/2272/2047
f 1756/2272/2047 2239/2821/2549 2238/2273/2048
f 2237/2822/2550 2238/2273/2048 2239/2821/2549
f 1747/2244/2022 2238/2273/2048 1749/2243/2021
f 2237/2822/2550 1749/2243/2021 2238/2273/2048
f 2259/2823/2551 2257/2824/2552 2258/1709/1546
f 2257/2824/2552 2414/2825/2553 2258/1709/1546
f 2258/1709/1546 2414/2825/2553 2256/1710/1547
f 2414/2825/2553 2254/2826/2554 2256/1710/1547
f 2415/2827/2555 2257/2824/2552 3275/2828/2556
f 2257/2824/2552 2415/2827/2555 2414/2825/2553
f 1280/1880/1701 2254/2826/2554 1436/1881/1702
f 2255/1347/1216 954/1344/1213 955/1346/1215
f 2255/1347/1216 951/1348/1217 2253/2829/2557
f 953/1345/1214 951/1348/1217 2255/1347/1216
f 2253/2829/2557 2252/1888/1709 1435/1887/1708
f 951/1348/1217 2252/1888/1709 2253/2829/2557
f 2271/2539/2298 2269/2830/2558 2702/2540/2299
f 2267/2831/2559 2266/2832/2560 2264/2833/2561
f 2702/2540/2299 2269/2830/2558 2270/2834/2562
f 2269/2830/2558 2265/1890/1711 2270/2834/2562
f 2267/2831/2559 2264/2833/2561 2269/2835/2558
f 2264/2833/2561 2265/2836/1711 2269/2835/2558
f 2263/2837/2563 2262/2838/2564 2266/2832/2560
f 2264/2833/2561 2266/2832/2560 2262/2838/2564
f 2261/2839/2565 2264/2833/2561 2262/2838/2564
f 2261/2839/2565 2262/2838/2564 2263/2837/2563
f 2268/2840/2566 2270/2834/2562 2265/1890/1711
f 458/1889/1710 2268/2840/2566 2265/1890/1711
f 2264/2833/2561 1439/1894/1712 2265/2836/1711
f 2261/2839/2565 1439/1894/1712 2264/2833/2561
f 1439/1894/1712 2261/2839/2565 854/1225/1108
f 2261/2839/2565 2260/2841/2567 854/1225/1108
f 2279/2116/1907 1624/2115/1906 2277/2842/2568
f 2276/2843/2569 2279/2116/1907 2277/2842/2568
f 1623/449/419 2273/2117/1908 2275/2113/1904
f 692/1030/938 1999/1795/1624 2273/2117/1908
f 2277/2842/2568 1624/2115/1906 2275/2113/1904
f 2275/2113/1904 2273/2117/1908 2277/2842/2568
f 1999/1795/1624 1998/2532/2291 2273/2117/1908
f 2279/2116/1907 2276/2843/2569 292/477/445
f 1343/1784/1615 292/477/445 2276/2843/2569
f 2276/2843/2569 2277/2842/2568 2274/2844/2570
f 2276/2843/2569 2278/2845/2571 1343/1784/1615
f 2277/2842/2568 2273/2117/1908 2274/2844/2570
f 2273/2117/1908 1997/2536/2295 2274/2844/2570
f 2273/2117/1908 1998/2532/2291 1997/2536/2295
f 1998/2532/2291 1995/2531/2290 1997/2536/2295
f 2274/2844/2570 1997/2536/2295 2272/2846/2572
f 1997/2536/2295 2707/2537/2296 2272/2846/2572
f 2574/2847/2573 2291/2848/2574 2837/2849/2575
f 2837/2849/2575 2291/2848/2574 2834/2850/2576
f 2291/2848/2574 2287/2851/2577 2834/2850/2576
f 2287/2851/2577 2289/2852/2578 2286/2853/2579
f 2291/2848/2574 2289/2852/2578 2287/2851/2577
f 2288/2854/2580 2285/2855/2581 2289/2852/2578
f 2286/2853/2579 2289/2852/2578 2285/2855/2581
f 2287/2851/2577 2284/2856/2582 2826/2857/2583
f 2284/2856/2582 2287/2851/2577 2286/2853/2579
f 2283/2858/2584 2284/2856/2582 2281/2859/2585
f 2284/2856/2582 2286/2853/2579 2285/2855/2581
f 2282/2860/2586 2281/2859/2585 2284/2856/2582
f 1980/2504/2265 2288/2854/2580 2290/2861/2587
f 2288/2854/2580 1978/2505/2266 2285/2855/2581
f 2288/2854/2580 1980/2504/2265 1978/2505/2266
f 2285/2855/2581 2282/2860/2586 2284/2856/2582
f 2282/2860/2586 2285/2855/2581 1978/2505/2266
f 2282/2860/2586 1978/2505/2266 1973/2507/2268
f 2281/2859/2585 2280/2862/2588 2804/2863/2589
f 2282/2860/2586 2280/2862/2588 2281/2859/2585
f 2282/2860/2586 1973/2507/2268 2280/2862/2588
f 1971/2509/2270 2800/2517/2278 1973/2507/2268
f 1973/2507/2268 2800/2517/2278 2280/2862/2588
f 1522/1920/1735 1520/1995/1796 1457/1919/1734
f 1520/1995/1796 2303/2864/2590 1457/1919/1734
f 1520/1995/1796 1519/1996/1797 2300/2865/2591
f 1520/1995/1796 2300/2865/2591 2303/2864/2590
f 1457/1919/1734 2304/1924/1738 1456/1922/1737
f 1457/1919/1734 2303/2864/2590 2304/1924/1738
f 2304/1924/1738 2303/2864/2590 2301/2866/2592
f 2300/2865/2591 2301/2866/2592 2303/2864/2590
f 2300/2865/2591 2296/2867/2593 2301/2866/2592
f 1519/1996/1797 2295/2643/2391 2300/2865/2591
f 1514/2000/1801 2295/2643/2391 1519/1996/1797
f 1512/1999/1800 2295/2643/2391 1514/2000/1801
f 1512/1999/1800 2107/2002/1803 2295/2643/2391
f 2295/2643/2391 2105/2642/2390 2293/2645/2393
f 2296/2867/2593 2300/2865/2591 2295/2643/2391
f 2295/2643/2391 2293/2645/2393 2296/2867/2593
f 2297/2868/2594 2301/2866/2592 2296/2867/2593
f 1455/1925/1739 2304/1924/1738 2299/2869/2595
f 2304/1924/1738 2301/2866/2592 2297/2868/2594
f 2304/1924/1738 2297/2868/2594 2299/2869/2595
f 2299/2870/2595 2294/2871/2596 1455/1926/1739
f 2302/566/522 1455/1926/1739 2294/2871/2596
f 2108/2650/2398 2297/2868/2594 2296/2867/2593
f 2296/2867/2593 2293/2645/2393 2108/2650/2398
f 2297/2872/2594 2294/2871/2596 2299/2870/2595
f 2298/2873/2597 2294/2871/2596 2297/2872/2594
f 2108/2650/2398 2106/2874/2531 2298/2875/2597
f 2108/2650/2398 2103/2655/2403 2106/2874/2531
f 2297/2868/2594 2108/2650/2398 2298/2875/2597
f 2298/2873/2597 2106/2803/2531 2292/2804/2532
f 2298/2873/2597 2292/2804/2532 2294/2871/2596
f 2292/2804/2532 2236/2805/2533 2294/2871/2596
f 2319/2876/2598 2167/2735/2467 2165/2740/2472
f 2169/2877/2599 2317/2878/2600 2780/2879/2601
f 2169/2877/2599 2319/2876/2598 2317/2878/2600
f 2318/2880/2602 2317/2878/2600 2312/2881/2603
f 2169/2877/2599 2167/2735/2467 2319/2876/2598
f 2317/2878/2600 2313/2882/2604 2312/2881/2603
f 2319/2876/2598 2313/2882/2604 2317/2878/2600
f 2311/2883/2605 2313/2882/2604 2319/2876/2598
f 2312/2884/2603 2315/2885/2606 2318/2886/2602
f 2315/2885/2606 2309/2887/2607 2310/2333/2101
f 2310/2333/2101 2309/2887/2607 2392/2888/2608
f 2312/2884/2603 2309/2887/2607 2315/2885/2606
f 2309/2887/2607 2307/2889/2609 2392/2888/2608
f 2392/2888/2608 2307/2889/2609 2391/2890/2610
f 2165/2740/2472 2316/2891/2611 2319/2876/2598
f 2311/2883/2605 2319/2876/2598 2316/2891/2611
f 2165/2740/2472 2164/2741/2473 2316/2891/2611
f 2164/2741/2473 2314/2892/2612 2316/2891/2611
f 2316/2891/2611 2314/2892/2612 2311/2883/2605
f 2164/2741/2473 2653/2743/2475 2314/2892/2612
f 2314/2892/2612 2647/2893/2613 2311/2883/2605
f 2647/2893/2613 2314/2892/2612 2651/2894/2614
f 2309/2887/2607 2313/2895/2604 2311/2896/2605
f 2309/2887/2607 2311/2896/2605 2308/2897/2615
f 2311/2896/2605 2647/2898/2613 2308/2897/2615
f 2313/2895/2604 2309/2887/2607 2312/2884/2603
f 2308/2897/2615 2306/2899/2616 2309/2887/2607
f 2309/2887/2607 2306/2899/2616 2307/2889/2609
f 2307/2889/2609 2306/2899/2616 2388/2900/2617
f 2306/2899/2616 2308/2897/2615 2647/2898/2613
f 2642/2901/2618 2305/2902/2619 2306/2899/2616
f 624/1969/853 2331/2903/852 2334/1968/1774
f 2334/1968/1774 2331/2903/852 1372/1811/1640
f 2331/2903/852 2333/2904/2620 1372/1811/1640
f 2331/2903/852 2329/2905/2621 2333/2904/2620
f 1372/1811/1640 2333/2904/2620 2332/2239/2017
f 2330/2906/2622 2333/2904/2620 2329/2905/2621
f 2330/2906/2622 2332/2239/2017 2333/2904/2620
f 623/2907/854 2327/346/328 2331/2903/852
f 623/2907/854 622/936/855 2327/346/328
f 2331/2903/852 2327/346/328 2329/2905/2621
f 2327/346/328 2328/2908/2623 2329/2905/2621
f 2329/2905/2621 2328/2908/2623 2330/2906/2622
f 2330/2906/2622 2328/2908/2623 1738/2240/2018
f 2328/2908/2623 2327/346/328 2326/345/327
f 2326/345/327 2325/2909/2624 2328/2908/2623
f 2324/2910/2625 2325/2909/2624 2326/345/327
f 2332/2239/2017 1738/2240/2018 1688/2177/1962
f 2330/2906/2622 1738/2240/2018 2332/2239/2017
f 1688/2177/1962 1739/2911/2626 1371/1812/1641
f 3085/2912/2627 1739/2911/2626 1688/2177/1962
f 1688/2177/1962 475/727/674 3085/2912/2627
f 2323/2913/2628 1683/2178/1963 1738/2240/2018
f 1738/2240/2018 2328/2908/2623 2325/2909/2624
f 1738/2240/2018 2325/2909/2624 2323/2913/2628
f 2323/2913/2628 2325/2909/2624 2324/2910/2625
f 2321/2914/2629 2323/2913/2628 2324/2910/2625
f 2322/2915/2630 2788/2916/2631 2323/2913/2628
f 2323/2913/2628 2321/2914/2629 2322/2915/2630
f 2320/2917/2632 2788/2916/2631 2322/2915/2630
f 2322/2915/2630 2321/2914/2629 2320/2917/2632
f 1437/1882/1703 1436/1881/1702 2340/1883/1704
f 2336/2918/2633 2337/1885/1706 2340/1883/1704
f 2338/2919/2634 1434/1884/1705 2337/1885/1706
f 2338/2919/2634 2216/2783/2511 2217/2781/2509
f 2338/2919/2634 2337/1885/1706 2216/2783/2511
f 2339/2920/2635 2336/2918/2633 2340/1883/1704
f 2340/1883/1704 1433/1886/1707 2339/2920/2635
f 2252/1888/1709 2085/2627/2375 1433/1886/1707
f 2085/2627/2375 2082/2628/2376 1433/1886/1707
f 2339/2920/2635 2082/2628/2376 2336/2918/2633
f 1433/1886/1707 2082/2628/2376 2339/2920/2635
f 2215/2629/2377 2082/2628/2376 2079/2630/2378
f 2336/2918/2633 2216/2783/2511 2337/1885/1706
f 2335/2789/2517 2216/2783/2511 2336/2918/2633
f 2335/2789/2517 2215/2629/2377 2213/2785/2513
f 2336/2918/2633 2082/2628/2376 2335/2789/2517
f 2082/2628/2376 2215/2629/2377 2335/2789/2517
f 1937/2059/1860 1573/2058/1859 2345/2921/2636
f 1937/2059/1860 2345/2921/2636 2013/2564/2318
f 1937/2059/1860 2013/2564/2318 2015/2557/2311
f 1572/2062/1863 2344/2063/1864 1573/2058/1859
f 2345/2921/2636 1573/2058/1859 2344/2063/1864
f 1564/2049/1850 1562/2051/1852 2344/2063/1864
f 2343/2565/2319 2013/2564/2318 2345/2921/2636
f 2343/2565/2319 2345/2921/2636 2341/2922/2637
f 2344/2063/1864 2341/2922/2637 2345/2921/2636
f 2341/2922/2637 1952/132/130 2342/127/125
f 90/126/124 2343/2565/2319 2342/127/125
f 2341/2922/2637 2342/127/125 2343/2565/2319
f 1562/2051/1852 2341/2922/2637 2344/2063/1864
f 2341/2922/2637 1562/2051/1852 1952/132/130
f 1952/132/130 163/254/246 73/100/100
f 2353/2923/2638 2109/2673/2417 3218/2672/2416
f 2109/2673/2417 2353/2923/2638 2352/2675/2419
f 2352/2675/2419 2353/2923/2638 2349/2924/2639
f 2353/2923/2638 2351/2925/2640 2349/2924/2639
f 2349/2924/2639 2350/2676/2420 2352/2675/2419
f 2350/2676/2420 2349/2924/2639 1812/2321/2092
f 2349/2924/2639 2348/2926/2641 1812/2321/2092
f 2350/2676/2420 1812/2321/2092 1699/2186/1971
f 1806/2322/2093 1812/2321/2092 2348/2926/2641
f 2348/2926/2641 1808/2323/2094 1806/2322/2093
f 2351/2925/2640 2347/2927/2642 2349/2924/2639
f 2349/2924/2639 2347/2927/2642 2348/2926/2641
f 2348/2926/2641 2347/2927/2642 3439/2928/2643
f 2348/2926/2641 3439/2928/2643 1808/2323/2094
f 1808/2323/2094 3439/2928/2643 3437/2324/2095
f 2346/2929/2644 1540/2330/1829 1805/2329/2098
f 952/1349/1218 953/1345/1214 954/1344/1213
f 2051/2603/2354 2050/2606/2356 2360/2930/2645
f 2051/2603/2354 2360/2930/2645 954/1344/1213
f 954/1344/1213 2360/2930/2645 952/1349/1218
f 2360/2930/2645 2357/2931/2646 952/1349/1218
f 2087/2626/2374 2252/1888/1709 2086/2624/2372
f 2355/1350/1219 2252/1888/1709 951/1348/1217
f 2086/2624/2372 2252/1888/1709 2355/1350/1219
f 952/1349/1218 2356/2932/2647 2355/1350/1219
f 2356/2932/2647 2354/2933/2648 2355/1350/1219
f 2355/1350/1219 2080/2625/2373 2086/2624/2372
f 2355/1350/1219 2354/2933/2648 2080/2625/2373
f 2359/2607/2357 2197/2609/2359 2192/2764/2496
f 2358/2934/2649 2361/2608/2358 2359/2607/2357
f 2358/2934/2649 2359/2607/2357 2192/2764/2496
f 2192/2764/2496 2357/2935/2646 2358/2934/2649
f 2050/2606/2356 2361/2936/2358 2360/2930/2645
f 2360/2937/2645 2361/2608/2358 2358/2934/2649
f 2360/2937/2645 2358/2934/2649 2357/2935/2646
f 2357/2931/2646 2356/2932/2647 952/1349/1218
f 2083/2634/2382 2080/2625/2373 2354/2933/2648
f 2192/2764/2496 2084/2688/2430 2357/2935/2646
f 2084/2688/2430 2083/2687/2382 2357/2935/2646
f 2356/2932/2647 2357/2931/2646 2083/2938/2382
f 2356/2932/2647 2083/2938/2382 2354/2933/2648
f 216/342/324 2365/2939/2650 2326/345/327
f 216/342/324 215/2940/329 2365/2939/2650
f 2365/2939/2650 2367/2941/2651 2324/2910/2625
f 2326/345/327 2365/2939/2650 2324/2910/2625
f 215/2940/329 1760/2942/2053 1753/2943/2055
f 2365/2939/2650 215/2940/329 1753/2943/2055
f 1753/2943/2055 2363/2944/2652 2365/2939/2650
f 2161/2945/2457 2363/2944/2652 1753/2943/2055
f 2324/2910/2625 2367/2941/2651 2321/2914/2629
f 2367/2941/2651 2366/2946/2653 2321/2914/2629
f 2367/2941/2651 2364/2947/2654 2366/2946/2653
f 2321/2914/2629 2366/2946/2653 2320/2917/2632
f 2364/2947/2654 2404/2948/2655 2366/2946/2653
f 2367/2941/2651 2365/2939/2650 2364/2947/2654
f 2364/2947/2654 2363/2944/2652 2404/2948/2655
f 2365/2939/2650 2363/2944/2652 2364/2947/2654
f 2404/2948/2655 2363/2944/2652 2362/2484/2247
f 771/1126/1027 1161/1532/1386 773/1124/1025
f 771/1126/1027 2368/1128/1029 1092/1502/1358
f 2368/1128/1029 2369/1129/1030 323/512/476
f 1092/1502/1358 2368/1128/1029 1091/1503/1359
f 2368/1128/1029 865/1246/1125 1091/1503/1359
f 2368/1128/1029 323/512/476 865/1246/1125
f 323/512/476 321/328/314 865/1246/1125
f 321/328/314 3179/327/313 865/1246/1125
f 2378/2949/2656 2371/2950/2657 2376/2951/2658
f 2378/2949/2656 2377/2952/2659 2371/2950/2657
f 2372/2619/2367 2376/2951/2658 2373/2953/2660
f 2373/2953/2660 2231/2790/2518 2029/2581/2335
f 2029/2581/2335 2372/2619/2367 2373/2953/2660
f 2373/2953/2660 2376/2951/2658 2371/2950/2657
f 2373/2953/2660 2371/2950/2657 2233/2792/2520
f 2233/2792/2520 2229/2791/2519 2373/2953/2660
f 2231/2790/2518 2373/2953/2660 2229/2791/2519
f 2374/2130/1921 1642/2125/1916 2375/2954/2661
f 2379/2955/2662 2374/2130/1921 2377/2952/2659
f 2375/2954/2661 2371/2950/2657 2377/2952/2659
f 2377/2952/2659 2374/2130/1921 2375/2954/2661
f 2375/2954/2661 2232/2798/2526 2371/2950/2657
f 1642/2125/1916 2370/2132/1923 2375/2954/2661
f 2370/2132/1923 898/2134/1925 2232/2798/2526
f 2370/2132/1923 897/2131/1922 898/2134/1925
f 2232/2798/2526 2233/2792/2520 2371/2950/2657
f 2375/2954/2661 2370/2132/1923 2232/2798/2526
f 2380/2956/2663 2378/2949/2656 2068/2616/2364
f 2378/2949/2656 2376/2951/2658 2063/2617/2365
f 2378/2949/2656 2063/2617/2365 2068/2616/2364
f 2380/2956/2663 2377/2952/2659 2378/2949/2656
f 2376/2951/2658 2372/2619/2367 2063/2617/2365
f 2379/2955/2662 2377/2952/2659 2380/2956/2663
f 2310/2333/2101 2392/2888/2608 1818/2331/2099
f 1817/2338/2106 1818/2331/2099 2392/2888/2608
f 2387/2957/2664 2391/2890/2610 2390/2958/2665
f 1817/2338/2106 2392/2888/2608 2391/2890/2610
f 2391/2890/2610 2387/2957/2664 1817/2338/2106
f 2387/2957/2664 1813/2335/2103 1817/2338/2106
f 2307/2889/2609 2388/2900/2617 2391/2890/2610
f 2390/2958/2665 2391/2890/2610 2388/2900/2617
f 2306/2899/2616 2389/2959/2666 2388/2900/2617
f 2390/2958/2665 2388/2900/2617 2382/2960/2667
f 2390/2958/2665 2382/2960/2667 2387/2957/2664
f 2305/2902/2619 2389/2959/2666 2306/2899/2616
f 2388/2900/2617 2389/2959/2666 2382/2960/2667
f 2389/2959/2666 2385/2961/2668 2382/2960/2667
f 2389/2959/2666 2386/2962/2669 2385/2961/2668
f 2382/2960/2667 2383/2339/2107 2387/2957/2664
f 2387/2957/2664 2383/2339/2107 1813/2335/2103
f 2385/2961/2668 2386/2962/2669 2384/2963/2670
f 2385/2961/2668 2381/2964/2671 2382/2960/2667
f 2385/2961/2668 2384/2963/2670 2381/2964/2671
f 2381/2964/2671 1786/2301/2072 2382/2960/2667
f 2383/2339/2107 2382/2960/2667 1786/2301/2072
f 3039/2300/2071 2383/2339/2107 1786/2301/2072
f 1918/2451/2209 2401/2965/2672 1920/2452/2215
f 1920/2452/2215 2401/2965/2672 1927/2466/2229
f 2401/2965/2672 1926/2467/2230 1927/2466/2229
f 2401/2965/2672 1918/2451/2209 1913/2966/2216
f 1913/2966/2216 2399/2967/2673 2401/2965/2672
f 2400/2084/1880 1926/2467/2230 2401/2965/2672
f 1527/2011/1812 1926/2467/2230 2400/2084/1880
f 2401/2965/2672 2396/2968/2674 2400/2084/1880
f 2399/2967/2673 2396/2968/2674 2401/2965/2672
f 2397/2086/1882 2400/2084/1880 2396/2968/2674
f 2398/2969/2217 2399/2967/2673 1913/2966/2216
f 1297/1737/1572 2395/1736/1571 2398/2454/2217
f 2398/2454/2217 2395/1736/1571 2394/2970/2675
f 2396/2968/2674 2399/2967/2673 2398/2969/2217
f 2396/2968/2674 2398/2969/2217 2394/2971/2675
f 2396/2968/2674 2394/2971/2675 2393/2972/2676
f 2397/2086/1882 1597/2089/1885 1598/2085/1881
f 2396/2968/2674 2393/2972/2676 2397/2086/1882
f 2393/2972/2676 1595/1957/1766 2397/2086/1882
f 1597/2089/1885 2397/2086/1882 1595/1957/1766
f 2393/2972/2676 1494/1955/1764 1595/1957/1766
f 2366/2946/2653 2412/2973/2677 2320/2917/2632
f 2412/2973/2677 2366/2946/2653 2407/2974/2678
f 2412/2973/2677 2409/2975/2679 2413/2976/2680
f 2412/2973/2677 2407/2974/2678 2409/2975/2679
f 2409/2975/2679 2410/2977/2681 2413/2976/2680
f 2413/2976/2680 2410/2977/2681 2782/2978/2682
f 2409/2975/2679 2407/2974/2678 2410/2977/2681
f 2410/2977/2681 2407/2974/2678 2405/2979/2683
f 2366/2946/2653 2404/2948/2655 2407/2974/2678
f 2362/2484/2247 1964/2486/2249 2404/2948/2655
f 2404/2948/2655 2403/2980/2684 2407/2974/2678
f 2404/2948/2655 1964/2486/2249 2403/2980/2684
f 1964/2487/2249 1961/2492/2253 2403/2981/2684
f 2410/2977/2681 2408/2982/2685 2782/2978/2682
f 2785/2983/2686 2782/2978/2682 2408/2982/2685
f 2410/2977/2681 2405/2979/2683 2408/2982/2685
f 2405/2979/2683 2406/2984/2687 2408/2982/2685
f 2408/2982/2685 2406/2984/2687 2411/2985/2688
f 2407/2974/2678 2403/2980/2684 2405/2979/2683
f 2403/2980/2684 2402/2986/2689 2405/2979/2683
f 1963/2987/2260 2406/2984/2687 2402/2986/2689
f 1961/2492/2253 1963/2499/2260 2402/2988/2689
f 1963/2499/2260 543/2151/1941 2406/2989/2687
f 2405/2979/2683 2402/2986/2689 2406/2984/2687
f 543/2151/1941 1963/2499/2260 1959/2498/2259
f 2403/2981/2684 1961/2492/2253 2402/2988/2689
f 2417/2990/2690 2259/2823/2551 2416/2991/2691
f 2254/2826/2554 2414/2825/2553 1436/1881/1702
f 1435/1887/1708 1436/1881/1702 2414/2825/2553
f 2793/2992/2692 2415/2827/2555 3275/2828/2556
f 2793/2992/2692 2255/1347/1216 2415/2827/2555
f 2415/2827/2555 2253/2829/2557 2414/2825/2553
f 2415/2827/2555 2255/1347/1216 2253/2829/2557
f 2414/2825/2553 2253/2829/2557 1435/1887/1708
f 2087/2626/2374 2085/2627/2375 2252/1888/1709
f 2842/2993/2693 2420/2994/2694 2418/2995/2695
f 2418/2995/2695 2837/2849/2575 2842/2993/2693
f 2418/2995/2695 2419/2996/2696 2574/2847/2573
f 2576/2997/2697 2574/2847/2573 2419/2996/2696
f 2574/2847/2573 2837/2849/2575 2418/2995/2695
f 2036/2590/2344 2040/2588/2342 2429/2998/2698
f 2429/2998/2698 2426/2999/2699 2036/2590/2344
f 2426/2999/2699 2429/2998/2698 2427/3000/2700
f 2427/3001/2700 2430/3002/2701 2428/3003/2702
f 2430/3004/2701 2427/3000/2700 2429/2998/2698
f 2422/3005/2703 2423/3006/2704 2426/3007/2699
f 2426/3007/2699 2427/3001/2700 2422/3005/2703
f 1618/2109/1900 2429/2998/2698 2046/2589/2343
f 2040/2588/2342 2046/2589/2343 2429/2998/2698
f 2036/2590/2344 2426/2999/2699 2423/3008/2704
f 2423/3008/2704 2421/2592/2346 2036/2590/2344
f 2421/3009/2346 2420/2994/2694 2844/3010/2705
f 2423/3006/2704 2422/3005/2703 2420/2994/2694
f 2423/3006/2704 2420/2994/2694 2421/3009/2346
f 2425/3011/2706 2427/3001/2700 2428/3003/2702
f 2427/3001/2700 2424/3012/2707 2422/3005/2703
f 2425/3011/2706 2584/3013/2708 2581/3014/2709
f 2524/3015/2710 2584/3013/2708 2425/3011/2706
f 2425/3011/2706 2424/3012/2707 2427/3001/2700
f 2424/3012/2707 2425/3011/2706 2419/2996/2696
f 2419/2996/2696 2425/3011/2706 2581/3014/2709
f 2422/3005/2703 2418/2995/2695 2420/2994/2694
f 2420/2994/2694 2842/2993/2693 2841/3016/2711
f 2424/3012/2707 2418/2995/2695 2422/3005/2703
f 2424/3012/2707 2419/2996/2696 2418/2995/2695
f 2438/3017/2712 2439/3018/2713 2436/887/813
f 70/98/98 2441/97/97 2443/3019/2714
f 2443/3019/2714 3270/3020/2715 70/98/98
f 2440/3021/2716 2433/3022/2717 2437/3023/2718
f 2438/3017/2712 2433/3022/2717 2440/3021/2716
f 2441/97/97 2439/3018/2713 2440/3021/2716
f 2439/3018/2713 2441/97/97 2442/96/96
f 2442/96/96 68/99/99 2436/887/813
f 2436/887/813 2439/3018/2713 2442/96/96
f 2438/3017/2712 2440/3021/2716 2439/3018/2713
f 2437/3023/2718 2433/3022/2717 2431/3024/2719
f 2438/3017/2712 2432/2108/1899 2433/3022/2717
f 2431/3024/2719 1619/1775/1606 1336/1770/1601
f 2431/3024/2719 2432/2108/1899 1619/1775/1606
f 2431/3024/2719 2433/3022/2717 2432/2108/1899
f 2431/3024/2719 2435/3025/2720 2437/3023/2718
f 325/517/481 2436/887/813 589/886/812
f 2436/887/813 325/517/481 2434/518/482
f 2432/2108/1899 2436/887/813 2434/518/482
f 2434/518/482 1620/2111/1902 2432/2108/1899
f 1620/2111/1902 2434/518/482 2533/3026/2721
f 2432/2108/1899 2438/3017/2712 2436/887/813
f 2451/309/297 2449/3027/2722 3219/308/296
f 3214/3028/2723 2449/3027/2722 2448/3029/2724
f 2449/3027/2722 2450/3030/2725 2448/3029/2724
f 2451/309/297 2450/3030/2725 2449/3027/2722
f 2451/309/297 3306/169/165 2450/3030/2725
f 352/544/502 2448/3029/2724 2450/3030/2725
f 3306/169/165 352/544/502 2450/3030/2725
f 2445/3031/2726 2448/3029/2724 352/544/502
f 352/544/502 2447/3032/2727 2445/3031/2726
f 2446/3033/2728 2445/3031/2726 2444/3034/2729
f 2847/3035/2730 1345/2009/1810 2459/3036/2731
f 1529/2008/1809 2459/3036/2731 1345/2009/1810
f 2459/3036/2731 1529/2008/1809 2457/2010/1811
f 2846/3037/2732 2459/3036/2731 2457/2010/1811
f 2846/3037/2732 2457/2010/1811 2458/3038/2733
f 2456/3039/2734 2457/2010/1811 1526/2012/1813
f 2769/2087/1883 2456/3039/2734 1526/2012/1813
f 2456/3039/2734 2769/2087/1883 2453/3040/2735
f 2458/3038/2733 2455/3041/2736 2454/3042/2737
f 2456/3039/2734 2455/3041/2736 2457/2010/1811
f 2457/2010/1811 2455/3041/2736 2458/3038/2733
f 2458/3038/2733 2454/3042/2737 2874/3043/2738
f 2458/3038/2733 2874/3043/2738 2772/3044/2739
f 2872/3045/2740 2874/3043/2738 2454/3042/2737
f 2453/3040/2735 2455/3041/2736 2456/3039/2734
f 2453/3040/2735 2765/3046/2741 2767/3047/2742
f 2453/3040/2735 2452/3048/2743 2455/3041/2736
f 2452/3048/2743 2454/3042/2737 2455/3041/2736
f 2453/3040/2735 2767/3047/2742 2452/3048/2743
f 2601/3049/2744 2470/3050/2745 2466/3051/2746
f 2470/3050/2745 2469/3052/2747 2466/3051/2746
f 2470/3050/2745 2464/3053/2748 2469/3052/2747
f 2464/3053/2748 2466/3051/2746 2469/3052/2747
f 2601/3049/2744 2466/3051/2746 2468/3054/2749
f 2464/3053/2748 2462/3055/2750 2466/3051/2746
f 2462/3055/2750 2461/3056/2751 2466/3051/2746
f 2464/3053/2748 2463/3057/2752 2462/3055/2750
f 1935/2456/2219 2463/3057/2752 1936/3058/2753
f 1934/2457/2220 1935/2456/2219 1936/3058/2753
f 1935/2456/2219 2460/2460/2223 2463/3057/2752
f 2462/3055/2750 2463/3057/2752 2460/2460/2223
f 1348/2005/1806 2462/3055/2750 2460/2460/2223
f 1348/2005/1806 2460/2460/2223 1933/2461/2224
f 2462/3055/2750 1348/2005/1806 2461/3056/2751
f 2466/3051/2746 2465/3059/2754 2468/3054/2749
f 2465/3059/2754 1352/1788/1617 2468/3054/2749
f 2468/3054/2749 1352/1788/1617 2467/3060/2755
f 2466/3051/2746 2461/3056/2751 2465/3059/2754
f 2465/3059/2754 2461/3056/2751 1350/1789/1618
f 1350/1789/1618 1352/1788/1617 2465/3059/2754
f 2467/3060/2755 1352/1788/1617 2856/1577/1430
f 2856/1577/1430 1352/1788/1617 1351/1791/1620
f 1346/1792/1621 1350/1789/1618 2461/3056/2751
f 1346/1792/1621 2461/3056/2751 1348/2005/1806
f 2471/695/642 2472/3061/2756 2473/3062/2757
f 2930/3063/2758 2477/3064/2759 2476/3065/2760
f 2478/3066/2761 2474/3067/2762 2476/3065/2760
f 2930/3063/2758 2476/3065/2760 2474/3067/2762
f 1135/1551/1405 488/745/690 2479/3068/2763
f 488/745/690 2480/3069/2764 2479/3068/2763
f 1135/1551/1405 2477/3064/2759 3066/1552/1406
f 1135/1551/1405 2479/3068/2763 2477/3064/2759
f 2479/3068/2763 2476/3065/2760 2477/3064/2759
f 2479/3068/2763 2480/3069/2764 2476/3065/2760
f 2480/3069/2764 2478/3066/2761 2476/3065/2760
f 2483/3070/2765 2478/3066/2761 2480/3069/2764
f 3119/3071/2766 2483/3070/2765 2480/3069/2764
f 2475/3072/2767 2481/3073/2768 2482/1196/1086
f 2475/3072/2767 2482/1196/1086 3191/3074/2769
f 2475/3072/2767 2473/3062/2757 2478/3066/2761
f 2474/3067/2762 2478/3066/2761 2473/3062/2757
f 2473/3062/2757 2472/3061/2756 2474/3067/2762
f 2475/3072/2767 3192/3075/2770 2473/3062/2757
f 2483/3070/2765 2475/3072/2767 2478/3066/2761
f 2483/3070/2765 2481/3073/2768 2475/3072/2767
f 2497/3076/2771 2494/2693/2433 2491/3077/2772
f 2491/3077/2772 2495/3078/2773 2497/3076/2771
f 2122/2682/2426 2496/2685/2429 2494/2693/2433
f 2496/2685/2429 2488/3079/2774 2494/2693/2433
f 2494/2693/2433 2488/3079/2774 2491/3077/2772
f 218/353/333 2489/3080/2775 2488/3079/2774
f 2484/3081/2776 2485/3082/2777 2489/3080/2775
f 2489/3080/2775 218/353/333 2484/3081/2776
f 2485/3082/2777 2484/3081/2776 2819/3083/2778
f 2491/3077/2772 2489/3080/2775 2487/3084/2779
f 2491/3077/2772 2679/3085/2780 2495/3078/2773
f 2491/3077/2772 2487/3084/2779 2679/3085/2780
f 2486/3086/2781 2679/3085/2780 2487/3084/2779
f 2486/3086/2781 2487/3084/2779 2485/3082/2777
f 2488/3079/2774 2489/3080/2775 2491/3077/2772
f 2489/3080/2775 2485/3082/2777 2487/3084/2779
f 2493/2684/2428 2492/1232/1115 2490/3087/2782
f 2492/1232/1115 858/352/332 2490/3087/2782
f 2488/3079/2774 2496/2685/2429 2493/2684/2428
f 2493/2684/2428 2490/3087/2782 2488/3079/2774
f 2120/2683/2427 2492/1232/1115 2493/2684/2428
f 2488/3079/2774 2490/3087/2782 217/351/331
f 218/353/333 81/110/108 2484/3081/2776
f 217/351/331 2490/3087/2782 858/352/332
f 217/351/331 218/353/333 2488/3079/2774
f 2076/3088/2387 2494/2693/2433 2497/3076/2771
f 1503/1852/1680 1611/1977/1782 1144/1851/1679
f 1611/1977/1782 1142/1557/1411 1144/1851/1679
f 1611/1977/1782 1608/2102/1893 1142/1557/1411
f 1144/1851/1679 1142/1557/1411 1143/1553/1407
f 1142/1557/1411 1608/2102/1893 1617/1558/1412
f 3310/397/373 2499/1559/1413 2498/3089/2783
f 2499/1559/1413 1615/2107/1898 2498/3089/2783
f 2498/3089/2783 1615/2107/1898 1614/1970/1775
f 2516/2571/2325 2221/2797/2525 2512/3090/2784
f 2516/3091/2325 2514/3092/2785 2515/3093/2324
f 2515/3093/2324 2514/3092/2785 2513/3094/2786
f 2513/3094/2786 2514/3092/2785 2509/3095/2787
f 2512/3096/2784 2508/3097/2788 2514/3092/2785
f 2508/3097/2788 2509/3095/2787 2514/3092/2785
f 2504/3098/2789 2508/3097/2788 2512/3096/2784
f 2508/3097/2788 2504/3098/2789 2503/3099/2790
f 2512/3096/2784 2514/3092/2785 2516/3091/2325
f 2186/2745/2477 2505/3100/2791 2503/3099/2790
f 2509/3095/2787 2503/3099/2790 2505/3100/2791
f 2513/3094/2786 2509/3095/2787 2510/3101/2792
f 2510/3101/2792 2509/3095/2787 2505/3100/2791
f 2508/3097/2788 2503/3099/2790 2509/3095/2787
f 2501/3102/2793 2184/2748/2480 2503/3099/2790
f 2184/2748/2480 2186/2745/2477 2503/3099/2790
f 2511/1280/1157 782/1142/1038 2506/1141/1037
f 2504/3103/2789 2221/2797/2525 2511/1280/1157
f 2507/227/221 150/226/220 2502/3104/2794
f 2507/227/221 2502/3104/2794 2506/3105/1037
f 2506/1141/1037 2504/3103/2789 2511/1280/1157
f 2502/3106/2794 2504/3103/2789 2506/1141/1037
f 2221/2797/2525 2504/3103/2789 2512/3090/2784
f 2504/3098/2789 2500/3107/2795 2503/3099/2790
f 2182/2754/2486 2501/3102/2793 2500/3107/2795
f 2502/3104/2794 2500/3107/2795 2504/3098/2789
f 2502/3104/2794 150/226/220 2500/3107/2795
f 1559/230/224 2500/3107/2795 150/226/220
f 2182/2754/2486 2500/3107/2795 1559/230/224
f 2500/3107/2795 2501/3102/2793 2503/3099/2790
f 2184/2748/2480 2501/3102/2793 2182/2754/2486
f 2305/2902/2619 2523/3108/2796 2389/2959/2666
f 2642/2901/2618 2523/3108/2796 2305/2902/2619
f 2386/2962/2669 2389/2959/2666 2523/3108/2796
f 2386/2962/2669 2521/3109/2797 2384/2963/2670
f 2641/3110/2798 2520/3111/2799 2523/3108/2796
f 2520/3111/2799 2386/2962/2669 2523/3108/2796
f 2520/3111/2799 2521/3109/2797 2386/2962/2669
f 2520/3111/2799 2519/3112/2800 2521/3109/2797
f 2518/3113/2801 2519/3112/2800 2520/3111/2799
f 2521/3109/2797 2381/2964/2671 2384/2963/2670
f 2521/3109/2797 2519/3112/2800 2381/2964/2671
f 2519/3112/2800 2700/3114/2802 2381/2964/2671
f 2519/3112/2800 2518/3113/2801 2700/3114/2802
f 2518/3113/2801 2517/3115/2803 2700/3114/2802
f 2522/3116/2804 1281/1711/1548 2520/3111/2799
f 2518/3113/2801 2520/3111/2799 1281/1711/1548
f 2518/3113/2801 1281/1711/1548 2517/3115/2803
f 2522/3116/2804 2416/2991/2691 1281/1711/1548
f 1281/1711/1548 2416/2991/2691 2258/1709/1546
f 2416/2991/2691 2259/2823/2551 2258/1709/1546
f 1281/1711/1548 2256/1710/1547 2517/3115/2803
f 2517/3115/2803 1280/1880/1701 2700/3114/2802
f 2699/2383/2150 2700/3114/2802 1280/1880/1701
f 2254/2826/2554 2517/3115/2803 2256/1710/1547
f 2254/2826/2554 1280/1880/1701 2517/3115/2803
f 2434/518/482 1725/516/480 2533/3026/2721
f 1725/516/480 2532/3117/2005 2533/3026/2721
f 2533/3118/2721 2532/2226/2005 2529/3119/2805
f 2529/3119/2805 2532/2226/2005 2530/3120/2806
f 2531/2232/2010 2530/3120/2806 2532/2226/2005
f 2430/3004/2701 2429/2998/2698 2526/3121/2807
f 2430/3004/2701 2526/3121/2807 2529/3122/2805
f 1620/2111/1902 2526/3121/2807 1618/2109/1900
f 2533/3026/2721 2529/3123/2805 2526/3121/2807
f 2533/3026/2721 2526/3121/2807 1620/2111/1902
f 2429/2998/2698 1618/2109/1900 2526/3121/2807
f 1724/2223/2003 2531/2232/2010 2532/2226/2005
f 2527/3124/2808 2530/3120/2806 2531/2232/2010
f 2531/2232/2010 1723/2230/2008 2025/2578/2332
f 2531/2232/2010 2025/2578/2332 2528/3125/2809
f 2527/3124/2808 2531/2232/2010 2528/3125/2809
f 2527/3124/2808 2430/3126/2701 2529/3119/2805
f 2430/3126/2701 2527/3124/2808 2525/3127/2810
f 2430/3126/2701 2525/3127/2810 2428/3128/2702
f 2425/3011/2706 2428/3003/2702 2524/3015/2710
f 2525/3127/2810 2524/3129/2710 2428/3128/2702
f 2546/3130/2811 2525/3127/2810 2527/3124/2808
f 2528/3125/2809 2546/3130/2811 2527/3124/2808
f 2529/3119/2805 2530/3120/2806 2527/3124/2808
f 1052/1449/1310 1051/1451/1312 1321/1759/1593
f 1321/1759/1593 1051/1451/1312 201/1430/1291
f 2536/3131/2812 201/1430/1291 1051/1451/1312
f 2536/3131/2812 1051/1451/1312 220/1452/1313
f 201/1430/1291 2536/3131/2812 2535/358/338
f 1467/355/335 1189/1613/1466 2534/1432/1293
f 201/1430/1291 2535/358/338 2534/1432/1293
f 2534/1432/1293 1189/1613/1466 1187/1433/1294
f 220/1452/1313 2535/358/338 2536/3131/2812
f 1467/355/335 2534/1432/1293 219/356/336
f 2535/358/338 219/356/336 2534/1432/1293
f 2548/3132/2813 2542/3133/2814 2543/3134/2815
f 2547/3135/2816 2548/3136/2813 2543/3137/2815
f 2550/2569/2323 2515/2570/2324 2547/3135/2816
f 2547/3138/2816 2515/3093/2324 2548/3132/2813
f 2542/3133/2814 2510/3101/2792 2541/3139/2817
f 2548/3132/2813 2515/3093/2324 2542/3133/2814
f 2515/3093/2324 2513/3094/2786 2542/3133/2814
f 2541/3139/2817 2505/3100/2791 2537/3140/2818
f 2541/3139/2817 2538/3141/2819 2540/3142/2820
f 2541/3139/2817 2537/3140/2818 2538/3141/2819
f 2541/3139/2817 2510/3101/2792 2505/3100/2791
f 2513/3094/2786 2510/3101/2792 2542/3133/2814
f 2537/3140/2818 2505/3100/2791 2578/3143/2821
f 2528/3125/2809 2549/3144/2822 2546/3130/2811
f 2024/2577/2331 2550/2569/2323 2549/3144/2822
f 2547/3135/2816 2545/3145/2823 2550/2569/2323
f 2550/2569/2323 2545/3145/2823 2549/3144/2822
f 2025/2578/2332 2024/2577/2331 2549/3144/2822
f 2025/2578/2332 2549/3144/2822 2528/3125/2809
f 2525/3127/2810 2546/3130/2811 2544/3146/2824
f 2545/3145/2823 2546/3130/2811 2549/3144/2822
f 2546/3130/2811 2545/3145/2823 2544/3146/2824
f 2544/3147/2824 2524/3015/2710 2525/3148/2810
f 2524/3015/2710 2540/3142/2820 2584/3013/2708
f 2524/3015/2710 2544/3147/2824 2540/3142/2820
f 2544/3146/2824 2545/3145/2823 2543/3137/2815
f 2543/3137/2815 2545/3145/2823 2547/3135/2816
f 2544/3147/2824 2543/3134/2815 2540/3142/2820
f 2540/3142/2820 2539/3149/2825 2584/3013/2708
f 2023/2567/2321 2550/2569/2323 2024/2577/2331
f 2542/3133/2814 2541/3139/2817 2543/3134/2815
f 2543/3134/2815 2541/3139/2817 2540/3142/2820
f 2539/3149/2825 2540/3142/2820 2538/3141/2819
f 2564/291/279 2563/3150/2826 189/292/280
f 2563/3151/2826 2560/3152/2827 2562/3153/2828
f 2561/3154/2829 2562/3153/2828 2560/3152/2827
f 2564/3155/279 2559/1938/1750 2560/3152/2827
f 2564/3155/279 2560/3152/2827 2563/3151/2826
f 2564/3155/279 1474/1936/1748 2559/1938/1750
f 2560/3152/2827 2559/1938/1750 2557/3156/2830
f 2557/3156/2830 2970/3157/2831 2561/3154/2829
f 2970/3157/2831 2557/3156/2830 1745/2255/2030
f 2560/3152/2827 2557/3156/2830 2561/3154/2829
f 2556/3158/2832 2554/3159/2833 2557/3156/2830
f 2554/3159/2833 2556/3158/2832 2555/3160/2834
f 2559/1938/1750 1473/1937/1749 1469/1944/1756
f 435/659/610 1469/1944/1756 1468/1945/1757
f 1468/1945/1757 2813/657/608 435/659/610
f 2557/3156/2830 2559/1938/1750 2558/3161/2835
f 2559/1938/1750 1469/1944/1756 2558/3161/2835
f 2558/3161/2835 2555/3160/2834 2557/3156/2830
f 1469/1944/1756 2552/3162/2836 2558/3161/2835
f 435/659/610 2552/3162/2836 1469/1944/1756
f 2555/3160/2834 2558/3161/2835 2552/3162/2836
f 434/660/611 2552/3162/2836 435/659/610
f 2555/3160/2834 2556/3158/2832 2557/3156/2830
f 2553/3163/2837 2555/3160/2834 2552/3162/2836
f 434/660/611 432/662/613 2552/3162/2836
f 432/662/613 2551/3164/2838 2552/3162/2836
f 2119/667/618 2551/3164/2838 432/662/613
f 2557/3156/2830 2554/3159/2833 1745/2255/2030
f 2638/2256/2031 1745/2255/2030 2554/3159/2833
f 2554/3159/2833 2555/3160/2834 2553/3163/2837
f 2553/3163/2837 2552/3162/2836 2551/3164/2838
f 116/174/170 643/959/878 644/960/879
f 633/949/868 643/959/878 635/952/871
f 643/959/878 116/174/170 635/952/871
f 3487/1057/964 1088/1491/1349 719/1056/963
f 1088/1491/1349 2569/1497/1355 2567/3165/2839
f 2565/3166/2840 718/1053/960 719/1056/963
f 719/1056/963 2567/3165/2839 2566/3167/2841
f 2566/3167/2841 2565/3166/2840 719/1056/963
f 1088/1491/1349 2567/3165/2839 719/1056/963
f 2569/1497/1355 42/844/772 579/843/771
f 2568/3168/2842 2569/1497/1355 118/862/790
f 2569/1497/1355 579/843/771 118/862/790
f 2568/3168/2842 116/174/170 2565/3166/2840
f 2565/3166/2840 644/960/879 718/1053/960
f 116/174/170 644/960/879 2565/3166/2840
f 2568/3168/2842 118/862/790 117/175/171
f 2568/3168/2842 117/175/171 116/174/170
f 2566/3167/2841 2567/3165/2839 2569/1497/1355
f 2569/1497/1355 2568/3168/2842 2566/3167/2841
f 2566/3167/2841 2568/3168/2842 2565/3166/2840
f 2579/3169/2843 2576/2997/2697 2582/3170/2844
f 2581/3014/2709 2576/2997/2697 2419/2996/2696
f 2576/2997/2697 2581/3014/2709 2582/3170/2844
f 2576/2997/2697 2577/3171/2845 2573/3172/2846
f 2576/2997/2697 2579/3169/2843 2577/3171/2845
f 2576/2997/2697 2573/3172/2846 2574/2847/2573
f 2573/3172/2846 2289/2852/2578 2574/2847/2573
f 2291/2848/2574 2574/2847/2573 2289/2852/2578
f 2583/3173/2847 2538/3141/2819 2582/3170/2844
f 2580/3174/2848 2582/3170/2844 2538/3141/2819
f 2186/2745/2477 2575/3175/2849 2578/3143/2821
f 2505/3100/2791 2186/2745/2477 2578/3143/2821
f 2186/2745/2477 2179/2744/2476 2575/3175/2849
f 2577/3171/2845 2579/3169/2843 2572/3176/2850
f 2583/3173/2847 2581/3014/2709 2584/3013/2708
f 2583/3173/2847 2582/3170/2844 2581/3014/2709
f 2539/3149/2825 2583/3173/2847 2584/3013/2708
f 2583/3173/2847 2539/3149/2825 2538/3141/2819
f 2577/3171/2845 2572/3176/2850 2573/3172/2846
f 2573/3172/2846 2572/3176/2850 2570/3177/2851
f 2570/3177/2851 2289/2852/2578 2573/3172/2846
f 2538/3141/2819 2537/3140/2818 2578/3143/2821
f 2538/3141/2819 2578/3143/2821 2580/3174/2848
f 2582/3170/2844 2580/3174/2848 2579/3169/2843
f 2578/3143/2821 2575/3175/2849 2572/3176/2850
f 2571/2756/2488 2572/3176/2850 2575/3175/2849
f 2580/3174/2848 2572/3176/2850 2579/3169/2843
f 2578/3143/2821 2572/3176/2850 2580/3174/2848
f 2575/3175/2849 2179/2744/2476 2571/2756/2488
f 2571/2756/2488 2570/3177/2851 2572/3176/2850
f 2570/3177/2851 2288/2854/2580 2289/2852/2578
f 2570/3177/2851 2290/2861/2587 2288/2854/2580
f 2290/2861/2587 2570/3177/2851 2571/2756/2488
f 2571/2756/2488 2177/2752/2484 2290/2861/2587
f 2177/2752/2484 1980/2504/2265 2290/2861/2587
f 2177/2752/2484 1979/2501/2262 1980/2504/2265
f 2596/3178/2852 2597/3179/2853 2594/2409/2174
f 2596/3178/2852 2585/3180/2854 2592/3181/2855
f 2596/3178/2852 2592/3181/2855 2597/3179/2853
f 2594/2409/2174 2585/3180/2854 2596/3178/2852
f 2594/2409/2174 2589/3182/2856 2585/3180/2854
f 2597/3179/2853 2595/2075/1871 1513/1991/1792
f 2592/3181/2855 2595/2075/1871 2597/3179/2853
f 2592/3181/2855 2586/3183/2857 2591/3184/2858
f 2585/3180/2854 2586/3183/2857 2592/3181/2855
f 3384/3185/2859 2585/3180/2854 2781/3186/2860
f 2586/3183/2857 2585/3180/2854 3384/3185/2859
f 2585/3180/2854 2589/3182/2856 2781/3186/2860
f 2595/2075/1871 2592/3181/2855 2591/3184/2858
f 2586/3183/2857 2588/3187/2861 2591/3184/2858
f 2591/3184/2858 2588/3187/2861 2587/3188/2862
f 2595/2075/1871 2591/3184/2858 2593/2076/1872
f 1585/2077/1873 2593/2076/1872 1583/2079/1875
f 2587/3188/2862 2593/2076/1872 2591/3184/2858
f 2587/3188/2862 2590/3189/2863 2593/2076/1872
f 2590/3189/2863 1583/2079/1875 2593/2076/1872
f 2588/3187/2861 3383/3190/2864 2587/3188/2862
f 3383/3190/2864 2590/3189/2863 2587/3188/2862
f 1581/1183/1075 1583/2079/1875 2590/3189/2863
f 1581/1183/1075 2590/3189/2863 3383/3190/2864
f 2611/3191/2865 2612/3192/2866 2615/3193/2867
f 2612/3192/2866 2614/3194/2868 2615/3193/2867
f 2612/3192/2866 2607/3195/2869 2614/3194/2868
f 2607/3195/2869 2609/3196/2870 2614/3194/2868
f 2603/3197/2871 2607/3195/2869 2608/3198/2872
f 2606/3199/2873 2609/3196/2870 2607/3195/2869
f 2612/3192/2866 2673/3200/2874 2607/3195/2869
f 2607/3195/2869 2673/3200/2874 2608/3198/2872
f 2611/3191/2865 2673/3200/2874 2612/3192/2866
f 2608/3198/2872 2604/3201/2875 2603/3197/2871
f 3082/3202/2876 2470/3050/2745 2604/3201/2875
f 2604/3201/2875 2470/3050/2745 2601/3049/2744
f 2607/3195/2869 2603/3197/2871 2602/3203/2877
f 2604/3201/2875 2601/3049/2744 2603/3197/2871
f 2673/3200/2874 2672/3204/2878 2608/3198/2872
f 2672/3204/2878 2604/3201/2875 2608/3198/2872
f 2603/3197/2871 2601/3049/2744 2468/3054/2749
f 2613/3205/2879 3011/3206/2880 2614/3194/2868
f 2614/3194/2868 2609/3196/2870 2613/3205/2879
f 2613/3205/2879 2609/3196/2870 2610/3207/2881
f 2610/3207/2881 2609/3196/2870 2606/3199/2873
f 2610/3207/2881 2606/3199/2873 2605/3208/1421
f 2602/3203/2877 2606/3199/2873 2607/3195/2869
f 1152/1571/1425 1153/1573/1422 2605/3208/1421
f 2606/3199/2873 1152/1571/1425 2605/3208/1421
f 2606/3199/2873 2600/1572/1426 1152/1571/1425
f 2606/3199/2873 2602/3203/2877 2600/1572/1426
f 2603/3197/2871 2468/3054/2749 2602/3203/2877
f 2602/3203/2877 2468/3054/2749 2600/1572/1426
f 2468/3054/2749 2467/3060/2755 2600/1572/1426
f 2467/3060/2755 2599/1575/1428 2600/1572/1426
f 2467/3060/2755 2598/1576/1429 2599/1575/1428
f 2598/1576/1429 1151/1574/1427 2599/1575/1428
f 2467/3060/2755 2856/1577/1430 2598/1576/1429
f 1828/2344/2112 2621/3209/2882 1824/2345/2113
f 2621/3209/2882 1828/2344/2112 3029/3210/2883
f 1820/2350/2118 1824/2345/2113 2619/3211/2884
f 2619/3211/2884 1824/2345/2113 2621/3209/2882
f 2251/557/513 1820/2350/2118 2619/3211/2884
f 2250/2815/2543 2251/557/513 2619/3211/2884
f 2251/557/513 363/556/512 1820/2350/2118
f 2621/3209/2882 2618/3212/2885 2619/3211/2884
f 2617/2809/2537 2619/3211/2884 2618/3212/2885
f 2250/2815/2543 2619/3211/2884 2617/2809/2537
f 2617/2809/2537 2248/2808/2536 2250/2815/2543
f 2621/3209/2882 3029/3210/2883 2620/2780/2508
f 2616/3213/2886 2621/3209/2882 2620/2780/2508
f 2621/3209/2882 2616/3213/2886 2618/3212/2885
f 741/1089/990 740/1091/992 2620/2780/2508
f 2620/2780/2508 740/1091/992 2616/3213/2886
f 2617/2809/2537 2618/3212/2885 2616/3213/2886
f 2616/3213/2886 2243/2811/2539 2617/2809/2537
f 2244/1094/995 2243/2811/2539 2616/3213/2886
f 2616/3213/2886 740/1091/992 2244/1094/995
f 2118/2667/2411 2551/3164/2838 2119/667/618
f 2638/2256/2031 2554/3159/2833 2553/3163/2837
f 2635/3214/2887 2634/3215/2888 2553/3163/2837
f 2635/3214/2887 2633/3216/2889 2634/3215/2888
f 2637/2258/2033 2636/3217/2890 1740/2259/2034
f 2636/3217/2890 2637/2258/2033 2638/2256/2031
f 2636/3217/2890 2638/2256/2031 2634/3215/2888
f 1740/2259/2034 2636/3217/2890 2631/3218/2891
f 2553/3163/2837 2634/3215/2888 2638/2256/2031
f 2633/3216/2889 2636/3217/2890 2634/3215/2888
f 2625/1900/1719 2629/3219/2892 2624/3220/2893
f 2625/1900/1719 2623/1906/1725 1453/1897/1716
f 2633/3216/2889 2631/3218/2891 2636/3217/2890
f 2631/3218/2891 2633/3216/2889 2630/3221/2894
f 2630/3221/2894 2625/1900/1719 2626/1899/1718
f 2631/3218/2891 2630/3221/2894 9/4/4
f 2626/1899/1718 9/4/4 2630/3221/2894
f 2630/3221/2894 2633/3216/2889 2629/3219/2892
f 2629/3219/2892 2625/1900/1719 2630/3221/2894
f 2553/3163/2837 2551/3164/2838 2635/3214/2887
f 2635/3214/2887 2551/3164/2838 2118/2667/2411
f 2635/3214/2887 2632/3222/2895 2633/3216/2889
f 2632/3222/2895 2635/3214/2887 2118/2667/2411
f 2118/2667/2411 2116/2669/2413 2632/3222/2895
f 2632/3222/2895 2627/2677/2421 2628/3223/2896
f 2632/3222/2895 2116/2669/2413 2627/2677/2421
f 2624/3220/2893 2628/3223/2896 2623/1906/1725
f 2629/3219/2892 2633/3216/2889 2628/3223/2896
f 2624/3220/2893 2629/3219/2892 2628/3223/2896
f 2628/3223/2896 2633/3216/2889 2632/3222/2895
f 2625/1900/1719 2624/3220/2893 2623/1906/1725
f 2623/1906/1725 2628/3223/2896 2627/2677/2421
f 2627/2677/2421 2113/2670/2414 2623/1906/1725
f 2623/1906/1725 2111/2184/1969 1451/1905/1724
f 2653/2743/2475 2651/2894/2614 2314/2892/2612
f 2652/3224/2897 2654/3225/2898 2650/3226/2899
f 2652/3224/2897 2649/3227/2900 2651/2894/2614
f 2649/3227/2900 2645/3228/2901 2651/2894/2614
f 2650/3229/2899 2643/3230/2902 2649/3231/2900
f 2653/2743/2475 2655/3232/2903 2652/3224/2897
f 2653/2743/2475 2652/3224/2897 2651/2894/2614
f 2827/3233/2904 2654/3225/2898 2652/3224/2897
f 2827/3233/2904 2652/3224/2897 2655/3232/2903
f 2649/3227/2900 2652/3224/2897 2650/3226/2899
f 2651/2894/2614 2645/3228/2901 2647/2893/2613
f 2645/3234/2901 2641/3110/2798 2642/2901/2618
f 2641/3110/2798 2645/3234/2901 2649/3231/2900
f 2642/2901/2618 2306/2899/2616 2647/2898/2613
f 2647/2898/2613 2645/3234/2901 2642/2901/2618
f 2641/3110/2798 2523/3108/2796 2642/2901/2618
f 2520/3111/2799 2641/3110/2798 2522/3116/2804
f 2654/3235/2898 2648/3236/2905 2650/3237/2899
f 2650/3229/2899 2644/3238/2906 2643/3230/2902
f 2283/3239/2584 2805/3240/2907 2648/3241/2905
f 2650/3229/2899 2648/3241/2905 2644/3238/2906
f 2648/3241/2905 2802/3242/2908 2644/3238/2906
f 2648/3241/2905 2805/3240/2907 2802/3242/2908
f 2805/3240/2907 2646/3243/2909 2802/3242/2908
f 2641/3110/2798 2649/3231/2900 2643/3230/2902
f 2643/3230/2902 2639/3244/2910 2641/3110/2798
f 2522/3116/2804 2641/3110/2798 2639/3244/2910
f 2644/3238/2906 2639/3244/2910 2643/3230/2902
f 2644/3238/2906 2640/3245/2911 2639/3244/2910
f 2644/3238/2906 2802/3242/2908 2640/3245/2911
f 2640/3245/2911 2416/2991/2691 2639/3244/2910
f 2522/3116/2804 2639/3244/2910 2416/2991/2691
f 277/453/423 429/456/426 428/655/606
f 2663/656/607 428/655/606 426/654/605
f 274/452/422 2663/656/607 275/450/420
f 783/1144/1040 2507/1140/221 782/1142/1038
f 783/3246/1040 2667/228/222 2507/227/221
f 893/3247/2912 2670/3248/2913 783/1144/1040
f 2720/3249/2914 783/3246/1040 2670/3250/2913
f 2720/3249/2914 2668/3251/2915 2666/3252/2916
f 2720/3249/2914 2666/3252/2916 783/3246/1040
f 783/3246/1040 2666/3252/2916 2667/228/222
f 2668/3251/2915 2660/3253/2917 2666/3252/2916
f 2668/3251/2915 2661/3254/2918 2660/3253/2917
f 2665/3255/2919 2661/3254/2918 2668/3251/2915
f 2664/3256/2920 2667/228/222 2666/3252/2916
f 2660/3253/2917 2664/3256/2920 2666/3252/2916
f 2664/3256/2920 2660/3253/2917 2659/3257/2921
f 150/226/220 2667/228/222 2664/3256/2920
f 2664/3256/2920 2659/3257/2921 150/226/220
f 2659/3257/2921 1737/229/223 150/226/220
f 2659/3257/2921 1736/2233/2011 1737/229/223
f 2657/3258/2922 2660/3253/2917 2661/3254/2918
f 2659/3257/2921 2660/3253/2917 2657/3258/2922
f 2659/3257/2921 1734/2238/2016 1736/2233/2011
f 2662/3259/2923 2665/3255/2919 2669/3260/2924
f 2669/3260/2924 2665/3255/2919 2668/3251/2915
f 2669/3260/2924 428/655/606 2662/3259/2923
f 2665/3255/2919 2662/3259/2923 2658/3261/2925
f 2665/3255/2919 2658/3261/2925 2657/3258/2922
f 2662/3259/2923 428/655/606 2663/656/607
f 2663/656/607 2658/3261/2925 2662/3259/2923
f 274/452/422 2658/3261/2925 2663/656/607
f 2657/3258/2922 2661/3254/2918 2665/3255/2919
f 2658/3261/2925 2656/18/18 2657/3258/2922
f 2656/18/18 2658/3261/2925 274/452/422
f 2657/3258/2922 2656/18/18 1735/2236/2014
f 2656/18/18 194/17/17 1735/2236/2014
f 2657/3258/2922 1735/2236/2014 2659/3257/2921
f 2659/3257/2921 1735/2236/2014 1734/2238/2016
f 2294/2871/2596 2678/3262/2926 2302/566/522
f 2294/2871/2596 2677/3263/2927 2678/3262/2926
f 2302/566/522 2678/3262/2926 365/567/523
f 365/567/523 2678/3262/2926 210/571/525
f 2677/3263/2927 2674/3264/2928 2678/3262/2926
f 2677/3263/2927 2294/2871/2596 2675/3265/2929
f 2294/2871/2596 2236/2805/2533 2675/3265/2929
f 2674/3264/2928 2677/3263/2927 2675/3265/2929
f 2675/3265/2929 3084/3266/2930 2671/3267/2931
f 2675/3265/2929 2236/2805/2533 3084/3266/2930
f 210/571/525 2676/341/323 209/340/321
f 2678/3262/2926 2676/341/323 210/571/525
f 2678/3262/2926 2674/3264/2928 2676/341/323
f 2676/341/323 2674/3264/2928 2611/3191/2865
f 211/335/320 2611/3191/2865 2615/3193/2867
f 211/335/320 2676/341/323 2611/3191/2865
f 2674/3264/2928 2673/3200/2874 2611/3191/2865
f 3082/3202/2876 2604/3201/2875 2672/3204/2878
f 2675/3265/2929 2671/3267/2931 2674/3264/2928
f 2674/3264/2928 2671/3267/2931 2672/3204/2878
f 2671/3267/2931 3084/3266/2930 3082/3202/2876
f 2674/3264/2928 2672/3204/2878 2673/3200/2874
f 2672/3204/2878 2671/3267/2931 3082/3202/2876
f 2679/3085/2780 2486/3086/2781 1472/1941/1753
f 2688/2632/2380 2686/2786/2514 2689/2788/2516
f 2688/2632/2380 2687/2631/2379 2685/2638/2386
f 2688/2632/2380 2681/3268/2932 2686/2786/2514
f 2685/2638/2386 2681/3268/2932 2688/2632/2380
f 2683/2787/2515 2686/2786/2514 2681/3268/2932
f 2683/2787/2515 2681/3268/2932 2680/3269/2933
f 2683/2787/2515 2680/3269/2933 1476/1934/1747
f 2680/3269/2933 1475/3270/1754 1476/1934/1747
f 190/293/281 2683/2787/2515 1476/1934/1747
f 1475/3270/1754 1474/1935/1748 1476/1934/1747
f 2687/2631/2379 2077/2633/2381 2685/2638/2386
f 2076/2639/2387 2497/3271/2771 2684/2637/2385
f 2684/2637/2385 2682/3272/2934 2685/2638/2386
f 2684/3273/2385 2497/3076/2771 2682/3274/2934
f 2495/3078/2773 2682/3274/2934 2497/3076/2771
f 2681/3268/2932 2685/2638/2386 2682/3272/2934
f 2680/3269/2933 2681/3268/2932 2682/3272/2934
f 2679/3085/2780 2680/3275/2933 2682/3274/2934
f 2682/3274/2934 2495/3078/2773 2679/3085/2780
f 2679/3085/2780 1472/1941/1753 2680/3275/2933
f 2680/3275/2933 1472/1941/1753 1471/1940/1752
f 1475/1942/1754 2680/3275/2933 1473/1937/1749
f 2680/3275/2933 1471/1940/1752 1473/1937/1749
f 1471/1940/1752 1470/1943/1755 1473/1937/1749
f 2161/2945/2457 2148/3276/2459 2694/3277/2935
f 2161/2945/2457 2694/3277/2935 2363/2944/2652
f 2694/3277/2935 2362/2484/2247 2363/2944/2652
f 2693/2488/2248 2694/3278/2935 2692/3279/2936
f 2694/3277/2935 2693/2485/2248 2362/2484/2247
f 2692/3279/2936 2694/3278/2935 2148/3280/2459
f 2148/3280/2459 2139/3281/2461 2692/3279/2936
f 2692/3279/2936 2139/3281/2461 131/202/196
f 2692/3279/2936 131/202/196 2690/3282/2937
f 2690/3282/2937 2691/2490/2251 2692/3279/2936
f 2692/3279/2936 2691/2490/2251 2693/2488/2248
f 2690/3282/2937 1955/2495/2256 2691/2490/2251
f 2690/3282/2937 131/202/196 128/201/195
f 2690/3282/2937 128/201/195 1955/2495/2256
f 1786/2301/2072 2381/2964/2671 2700/3114/2802
f 1785/2299/2070 1786/2301/2072 2700/3114/2802
f 2700/3114/2802 1784/2303/2074 1785/2299/2070
f 2700/3114/2802 2699/2383/2150 2697/3283/2938
f 2700/3114/2802 2697/3283/2938 1784/2303/2074
f 2697/3283/2938 2698/3284/2939 1784/2303/2074
f 2695/3285/2940 2696/3286/2941 2697/3283/2938
f 2699/2383/2150 1434/1884/1705 2695/3285/2940
f 2699/2383/2150 1437/1882/1703 1434/1884/1705
f 2699/2383/2150 2695/3285/2940 2697/3283/2938
f 2697/3283/2938 2696/3286/2941 2698/3284/2939
f 1434/1884/1705 2338/2919/2634 2695/3285/2940
f 2695/3285/2940 2338/2919/2634 2696/3286/2941
f 2707/2537/2296 1994/2534/2293 2704/3287/2942
f 1994/2534/2293 1993/2535/2294 2704/3287/2942
f 2707/2537/2296 2704/3287/2942 2706/3288/2943
f 2705/3289/2944 2706/3288/2943 2704/3287/2942
f 1993/2535/2294 2702/2540/2299 2704/3287/2942
f 2705/3289/2944 2704/3287/2942 2701/3290/2945
f 2702/2540/2299 2701/3290/2945 2704/3287/2942
f 2702/2540/2299 2268/2840/2566 2701/3290/2945
f 2268/2840/2566 2702/2540/2299 2270/2834/2562
f 2706/3288/2943 2705/3289/2944 2703/806/742
f 2701/3290/2945 2703/806/742 2705/3289/2944
f 532/808/744 2706/3288/2943 2703/806/742
f 2268/2840/2566 458/1889/1710 2701/3290/2945
f 2701/3290/2945 459/809/745 2703/806/742
f 459/809/745 2701/3290/2945 458/1889/1710
f 2716/3291/2946 996/1391/1254 997/1390/1253
f 996/1391/1254 2716/3291/2946 2715/3292/2947
f 995/1394/1257 996/1391/1254 1098/1508/1363
f 2715/3292/2947 1098/1508/1363 996/1391/1254
f 1098/1508/1363 2715/3292/2947 1097/1506/1361
f 2711/3293/2948 2715/3292/2947 2716/3291/2946
f 1097/1506/1361 2715/3292/2947 2711/3293/2948
f 2712/3294/2949 1898/2393/2158 2708/3295/2950
f 1898/2393/2158 1897/2425/2190 2708/3295/2950
f 2714/3296/2951 2711/3293/2948 2716/3291/2946
f 2712/3294/2949 2708/3295/2950 2711/3293/2948
f 2712/3294/2949 2711/3293/2948 2714/3296/2951
f 2711/3293/2948 1096/1510/1365 1097/1506/1361
f 2711/3293/2948 2710/3297/2952 1096/1510/1365
f 2710/3297/2952 3233/3298/2953 1096/1510/1365
f 2713/1511/1366 1096/1510/1365 3233/3298/2953
f 2708/3295/2950 1897/2425/2190 2710/3297/2952
f 1897/2425/2190 1893/2029/1830 2710/3297/2952
f 1897/2425/2190 1892/2424/2189 1893/2029/1830
f 2711/3293/2948 2708/3295/2950 2710/3297/2952
f 2710/3297/2952 1893/2029/1830 2709/3299/2954
f 2718/1277/1154 891/1274/1151 2719/1276/1153
f 587/872/800 2718/1277/1154 2717/873/801
f 1232/1659/1506 2718/1277/1154 2719/1276/1153
f 1232/1659/1506 1131/1540/1394 2718/1277/1154
f 586/874/802 2717/873/801 585/1275/1152
f 2717/873/801 583/878/806 585/1275/1152
f 2717/873/801 582/881/807 583/878/806
f 1110/879/804 583/878/806 582/881/807
f 2717/873/801 2718/1277/1154 1131/1540/1394
f 1131/1540/1394 582/881/807 2717/873/801
f 582/881/807 1126/1542/1396 1111/882/808
f 2728/3300/2955 896/2133/1924 897/2131/1922
f 895/1278/1155 896/2133/1924 894/3301/2956
f 896/2133/1924 2728/3300/2955 894/3301/2956
f 897/2131/1922 2731/2315/2086 2728/3300/2955
f 894/3301/2956 2728/3300/2955 2723/3302/2957
f 2730/2318/2089 2729/3303/2958 2728/3300/2955
f 894/3301/2956 2723/3302/2957 895/1278/1155
f 895/1278/1155 2723/3302/2957 892/1143/1039
f 893/3247/2912 783/1144/1040 892/1143/1039
f 2725/3304/2959 2723/3302/2957 2728/3300/2955
f 2725/3304/2959 2670/3248/2913 2723/3302/2957
f 2723/3302/2957 2670/3248/2913 893/3247/2912
f 2723/3302/2957 893/3247/2912 892/1143/1039
f 2726/3305/2960 2725/3304/2959 2729/3303/2958
f 187/286/276 2726/3305/2960 2730/2318/2089
f 2726/3305/2960 2729/3303/2958 2730/2318/2089
f 305/284/274 187/286/276 2730/2318/2089
f 185/159/155 2727/290/278 2726/3306/2960
f 2727/290/278 2724/3307/2961 2726/3306/2960
f 187/288/276 185/159/155 2726/3306/2960
f 2731/2315/2086 2730/2318/2089 2728/3300/2955
f 2725/3304/2959 2728/3300/2955 2729/3303/2958
f 2724/3308/2961 2722/3309/2962 2725/3304/2959
f 2725/3304/2959 2726/3305/2960 2724/3308/2961
f 2721/3310/2963 2722/3311/2962 2724/3307/2961
f 2722/3311/2962 2721/3310/2963 2720/3249/2914
f 2668/3251/2915 2720/3249/2914 2669/3260/2924
f 2669/3260/2924 2720/3249/2914 2721/3310/2963
f 2727/290/278 280/289/277 2724/3307/2961
f 2724/3307/2961 279/454/424 2721/3310/2963
f 2724/3307/2961 280/289/277 279/454/424
f 2721/3310/2963 279/454/424 2669/3260/2924
f 279/454/424 428/655/606 2669/3260/2924
f 428/655/606 279/454/424 277/453/423
f 2725/3304/2959 2722/3309/2962 2670/3248/2913
f 2720/3312/2914 2670/3248/2913 2722/3309/2962
f 2411/2985/2688 2406/2984/2687 2745/3313/2964
f 2744/3314/2965 2745/3313/2964 2406/2984/2687
f 2406/2984/2687 1670/3315/1943 2740/3316/2966
f 2406/2984/2687 2740/3316/2966 2744/3314/2965
f 2740/3316/2966 2743/3317/2967 2744/3314/2965
f 2743/3317/2967 2740/3316/2966 2739/3318/2968
f 2406/2989/2687 543/2151/1941 1670/2153/1943
f 1670/2153/1943 1668/2154/1944 2740/3319/2966
f 1668/2154/1944 1669/2157/1947 2740/3319/2966
f 2740/3319/2966 2736/3320/2969 2739/3321/2968
f 2733/2160/1950 2735/3322/2970 2736/3320/2969
f 2739/3321/2968 2736/3320/2969 2735/3322/2970
f 2735/3322/2970 2738/3323/2971 2739/3321/2968
f 2734/3324/2972 2738/3323/2971 2735/3322/2970
f 2734/3324/2972 2735/3322/2970 2732/2159/1949
f 2743/3317/2967 2739/3318/2968 2741/3325/2973
f 2743/3317/2967 2741/3325/2973 3157/3326/2974
f 2741/3327/2973 2739/3321/2968 2738/3323/2971
f 2742/3328/2975 2741/3327/2973 2737/3329/2976
f 2741/3327/2973 2738/3323/2971 2737/3329/2976
f 2738/3323/2971 2734/3324/2972 2737/3329/2976
f 2740/3319/2966 1669/2157/1947 2736/3320/2969
f 1667/2156/1946 2733/2160/1950 1669/2157/1947
f 2736/3320/2969 1669/2157/1947 2733/2160/1950
f 2733/2160/1950 2732/2159/1949 2735/3322/2970
f 2756/3330/2977 2753/3331/2978 2752/3332/2979
f 2757/3333/2980 2752/3332/2979 3425/3334/2981
f 2756/3330/2977 2752/3332/2979 2757/3333/2980
f 2752/3332/2979 2754/3335/2982 3425/3334/2981
f 2753/3331/2978 2750/3336/2983 2749/3337/2984
f 2753/3331/2978 2749/3337/2984 2752/3332/2979
f 2713/1511/1366 2750/3336/2983 3294/1507/1362
f 2750/3336/2983 2713/1511/1366 468/1533/1387
f 2749/3337/2984 2750/3336/2983 1122/1535/1389
f 2750/3336/2983 468/1533/1387 1122/1535/1389
f 2754/3335/2982 2748/3338/2985 2755/3339/2986
f 2752/3332/2979 2749/3337/2984 2748/3338/2985
f 2752/3332/2979 2748/3338/2985 2754/3335/2982
f 2748/3338/2985 2751/3340/2987 2755/3339/2986
f 2755/3339/2986 2751/3340/2987 535/815/750
f 2751/3340/2987 2748/3338/2985 535/815/750
f 535/815/750 2748/3338/2985 1768/2281/2056
f 2746/1536/1390 2749/3337/2984 1122/1535/1389
f 2749/3337/2984 2746/1536/1390 2747/136/134
f 2747/136/134 2748/3338/2985 2749/3337/2984
f 2748/3338/2985 2747/136/134 1768/2281/2056
f 2746/1536/1390 97/137/135 2747/136/134
f 2769/2087/1883 1598/2085/1881 2768/3341/2988
f 2768/3341/2988 1598/2085/1881 1597/2089/1885
f 2768/3341/2988 1597/2089/1885 2764/2090/1886
f 2766/3342/2989 2768/3341/2988 2764/2090/1886
f 2768/3341/2988 2766/3342/2989 2769/2087/1883
f 2453/3040/2735 2769/2087/1883 2766/3342/2989
f 2764/2090/1886 1596/2088/1884 2760/3343/2990
f 1594/2091/1887 1493/1958/1767 1596/2088/1884
f 1493/1958/1767 3099/3344/2991 1596/2088/1884
f 1596/2088/1884 3099/3344/2991 2761/3345/2992
f 2760/3343/2990 1596/2088/1884 2761/3345/2992
f 2760/3343/2990 2763/3346/2993 2764/2090/1886
f 2453/3040/2735 2766/3342/2989 2765/3046/2741
f 2764/2090/1886 2763/3346/2993 2766/3342/2989
f 2765/3046/2741 2766/3342/2989 2762/3347/2994
f 2766/3342/2989 2763/3346/2993 2762/3347/2994
f 3097/3348/2995 2760/3343/2990 2761/3345/2992
f 2760/3343/2990 3097/3348/2995 2759/3349/2996
f 3097/3350/2995 3094/3351/2997 2759/3352/2996
f 2760/3343/2990 2759/3349/2996 2763/3346/2993
f 2763/3353/2993 2759/3352/2996 2758/220/214
f 2763/3354/2993 2758/220/214 2762/3355/2994
f 2765/3046/2741 2902/3356/2998 2767/3047/2742
f 2759/3352/2996 149/218/212 2758/220/214
f 2777/3357/2999 2772/3044/2739 2774/3358/3000
f 2853/3359/3001 2779/3360/3002 2263/2837/2563
f 2853/3359/3001 2777/3357/2999 2779/3360/3002
f 2779/3360/3002 2777/3357/2999 2776/3361/3003
f 2774/3358/3000 2776/3361/3003 2777/3357/2999
f 2261/2839/2565 2263/2837/2563 2778/3362/3004
f 2779/3360/3002 2778/3362/3004 2263/2837/2563
f 2776/3361/3003 2773/3363/3005 2779/3360/3002
f 2779/3360/3002 2773/3363/3005 2775/3364/3006
f 2778/3362/3004 2779/3360/3002 2775/3364/3006
f 2261/2839/2565 2778/3362/3004 2260/2841/2567
f 2773/3363/3005 2776/3361/3003 2774/3358/3000
f 2774/3358/3000 2772/3044/2739 2873/3365/3007
f 2873/3365/3007 2773/3363/3005 2774/3358/3000
f 2773/3363/3005 2873/3365/3007 2771/3366/3008
f 2260/2841/2567 2778/3362/3004 854/1225/1108
f 2773/3363/3005 2771/3366/3008 2775/3364/3006
f 2778/3362/3004 853/1226/1109 854/1225/1108
f 2778/3362/3004 2775/3364/3006 853/1226/1109
f 2775/3364/3006 2771/3366/3008 853/1226/1109
f 2873/3365/3007 2871/3367/3009 2771/3366/3008
f 2771/3366/3008 2871/3367/3009 2770/3368/3010
f 3358/3369/3011 2771/3366/3008 2770/3368/3010
f 853/1226/1109 2771/3366/3008 3358/3369/3011
f 3358/3370/3011 2770/3371/3010 152/1608/1461
f 2780/2879/2601 3379/3372/3012 2781/3186/2860
f 2780/2879/2601 2317/2878/2600 2318/2880/2602
f 2780/2879/2601 2318/2880/2602 3376/3373/3013
f 2318/2886/2602 2315/2885/2606 3376/3374/3013
f 2323/2913/2628 2788/2916/2631 1683/2178/1963
f 2788/2916/2631 2784/3375/3014 1683/2178/1963
f 2788/2916/2631 2413/2976/2680 2784/3375/3014
f 2788/2916/2631 2320/2917/2632 2412/2973/2677
f 2788/2916/2631 2412/2973/2677 2413/2976/2680
f 2791/2180/1965 1683/2178/1963 2784/3375/3014
f 2784/3375/3014 1682/2181/1966 2791/2180/1965
f 2784/3375/3014 2413/2976/2680 2782/2978/2682
f 2792/1289/1165 908/1203/1093 1685/1204/1094
f 2789/2182/1967 2792/1289/1165 1685/1204/1094
f 2789/2182/1967 2790/3376/3015 2792/1289/1165
f 3165/3377/3016 905/1288/1164 2792/1289/1165
f 2790/3376/3015 2787/3378/3017 2792/1289/1165
f 2787/3378/3017 3165/3377/3016 2792/1289/1165
f 2789/2182/1967 2786/3379/3018 2790/3376/3015
f 2786/3379/3018 2787/3378/3017 2790/3376/3015
f 2789/2182/1967 1682/2181/1966 2785/2983/2686
f 2784/3375/3014 2782/2978/2682 1682/2181/1966
f 1682/2181/1966 2782/2978/2682 2785/2983/2686
f 2789/2182/1967 2785/2983/2686 2786/3379/3018
f 2785/2983/2686 2783/3380/3019 2786/3379/3018
f 2411/2985/2688 2785/2983/2686 2408/2982/2685
f 2783/3380/3019 2785/2983/2686 2411/2985/2688
f 2786/3379/3018 2783/3380/3019 3160/3381/3020
f 2283/3239/2584 2646/3243/2909 2805/3240/2907
f 2646/3243/2909 2803/3382/3021 2802/3242/2908
f 2646/3243/2909 2804/3383/2589 2803/3382/3021
f 2646/3243/2909 2283/3239/2584 2281/3384/2585
f 2804/3383/2589 2646/3243/2909 2281/3384/2585
f 2803/3382/3021 2796/3385/3022 2799/3386/3023
f 2803/3382/3021 2804/3383/2589 2796/3385/3022
f 2640/3245/2911 2802/3242/2908 2797/3387/3024
f 2803/3382/3021 2799/3386/3023 2802/3242/2908
f 2802/3242/2908 2799/3386/3023 2797/3387/3024
f 2417/2990/2690 2640/3245/2911 2797/3387/3024
f 2640/3245/2911 2417/2990/2690 2416/2991/2691
f 2797/3387/3024 2795/3388/3025 2417/2990/2690
f 2799/3386/3023 2795/3388/3025 2797/3387/3024
f 2799/3386/3023 2796/3385/3022 2795/3388/3025
f 2798/3389/3026 2804/2863/2589 2801/3390/3027
f 2804/2863/2589 2280/2862/2588 2801/3390/3027
f 2800/2517/2278 2801/3390/3027 2280/2862/2588
f 2796/3385/3022 2804/3383/2589 2798/3391/3026
f 2059/2595/2349 2798/3389/3026 2801/3390/3027
f 2798/3391/3026 2794/3392/3028 2796/3385/3022
f 2800/2517/2278 2059/2595/2349 2801/3390/3027
f 1968/2512/2273 2059/2595/2349 2800/2517/2278
f 2795/3388/3025 2796/3385/3022 3275/2828/2556
f 2796/3385/3022 2794/3392/3028 3275/2828/2556
f 2059/2595/2349 2057/2597/2351 2798/3389/3026
f 2794/3392/3028 2798/3391/3026 2057/2598/2351
f 2794/3392/3028 2057/2598/2351 2052/2604/2355
f 2052/2604/2355 2057/2598/2351 2051/2603/2354
f 2793/2992/2692 2052/2604/2355 2255/1347/1216
f 2818/3393/3029 2485/3082/2777 2819/3083/2778
f 2486/3086/2781 2823/3394/3030 1472/1941/1753
f 2486/3086/2781 2485/3082/2777 2823/3394/3030
f 2820/3395/3031 2821/3396/3032 2823/3394/3030
f 2485/3082/2777 2818/3393/3029 2823/3394/3030
f 2823/3394/3030 2818/3393/3029 2820/3395/3031
f 2820/3395/3031 2818/3393/3029 2817/3397/3033
f 2816/112/110 2484/3081/2776 81/110/108
f 2484/3081/2776 2816/112/110 2819/3083/2778
f 2819/3083/2778 2816/112/110 2818/3393/3029
f 222/111/109 714/362/342 2816/112/110
f 2814/3398/3034 2818/3393/3029 2816/112/110
f 2811/3399/3035 2817/3397/3033 2818/3393/3029
f 2814/3398/3034 2811/3399/3035 2818/3393/3029
f 2814/3398/3034 2810/3400/3036 2811/3399/3035
f 714/362/342 2814/3398/3034 2816/112/110
f 2814/3398/3034 714/362/342 2810/3400/3036
f 2810/3400/3036 2806/3401/3037 2811/3399/3035
f 2809/3402/3038 2811/3399/3035 2806/3401/3037
f 2810/3400/3036 714/362/342 713/1042/949
f 2810/3400/3036 712/1050/957 2806/3401/3037
f 712/1050/957 2810/3400/3036 713/1042/949
f 706/1051/958 2806/3401/3037 712/1050/957
f 706/1051/958 1319/1745/1579 2806/3401/3037
f 706/1051/958 3227/1742/1576 1319/1745/1579
f 2823/3394/3030 2821/3396/3032 2822/1939/1751
f 1472/1941/1753 2823/3394/3030 2822/1939/1751
f 2822/1939/1751 2821/3396/3032 2815/3403/3039
f 2821/3396/3032 2817/3397/3033 2815/3403/3039
f 2821/3396/3032 2820/3395/3031 2817/3397/3033
f 2822/1939/1751 1468/1945/1757 1470/1943/1755
f 1468/1945/1757 2822/1939/1751 2813/657/608
f 2822/1939/1751 2815/3403/3039 2813/657/608
f 2817/3397/3033 2812/3404/3040 2815/3403/3039
f 2815/3403/3039 2812/3404/3040 2808/3405/3041
f 2809/3402/3038 2808/3405/3041 2812/3404/3040
f 2815/3403/3039 2808/3405/3041 2813/657/608
f 2808/3405/3041 433/658/609 2813/657/608
f 1320/1753/1587 2808/3405/3041 2809/3402/3038
f 2808/3405/3041 1320/1753/1587 2807/663/614
f 433/658/609 2808/3405/3041 430/665/616
f 2808/3405/3041 2807/663/614 430/665/616
f 2817/3397/3033 2811/3399/3035 2812/3404/3040
f 2809/3402/3038 2812/3404/3040 2811/3399/3035
f 2806/3401/3037 1319/1745/1579 2809/3402/3038
f 1318/1748/1582 1320/1753/1587 1319/1745/1579
f 2809/3402/3038 1319/1745/1579 1320/1753/1587
f 1317/664/615 2807/663/614 1320/1753/1587
f 2842/2993/2693 2833/3406/3042 2836/3407/3043
f 2836/3407/3043 2833/3406/3042 2835/3408/3044
f 2837/2849/2575 2833/3406/3042 2842/2993/2693
f 2837/2849/2575 2834/2850/2576 2833/3406/3042
f 2834/2850/2576 2828/3409/3045 2833/3406/3042
f 2834/2850/2576 2287/2851/2577 2828/3409/3045
f 2833/3406/3042 2829/3410/3046 2835/3408/3044
f 2421/2592/2346 2844/3411/2705 2843/2737/2469
f 2420/2994/2694 2841/3016/2711 2844/3010/2705
f 2844/3411/2705 2840/3412/3047 2843/2737/2469
f 2839/3413/3048 2840/3412/3047 2844/3411/2705
f 2843/2737/2469 2840/3412/3047 2170/2739/2471
f 2170/2739/2471 2839/3413/3048 2838/3414/3049
f 2840/3412/3047 2839/3413/3048 2170/2739/2471
f 2841/3016/2711 2839/3415/3048 2844/3010/2705
f 2841/3016/2711 2835/3408/3044 2839/3415/3048
f 2835/3408/3044 2838/3416/3049 2839/3415/3048
f 2166/2738/2470 2170/2739/2471 2163/2742/2474
f 2166/2738/2470 2163/2742/2474 2164/2741/2473
f 2831/3417/3050 2170/2739/2471 2838/3414/3049
f 2838/3414/3049 2832/3418/3051 2831/3417/3050
f 2832/3418/3051 2827/3233/2904 2831/3417/3050
f 2831/3417/3050 2827/3233/2904 2655/3232/2903
f 2835/3408/3044 2832/3419/3051 2838/3416/3049
f 2829/3410/3046 2832/3419/3051 2835/3408/3044
f 2830/3420/3052 2832/3419/3051 2829/3410/3046
f 2832/3419/3051 2830/3420/3052 2827/3421/2904
f 2827/3421/2904 2830/3420/3052 2829/3410/3046
f 2829/3410/3046 2654/3235/2898 2827/3421/2904
f 2170/2739/2471 2831/3417/3050 2163/2742/2474
f 2163/2742/2474 2831/3417/3050 2655/3232/2903
f 2163/2742/2474 2655/3232/2903 2653/2743/2475
f 2842/2993/2693 2836/3407/3043 2841/3016/2711
f 2841/3016/2711 2836/3407/3043 2835/3408/3044
f 2828/3409/3045 2829/3410/3046 2833/3406/3042
f 2828/3409/3045 2825/3422/3053 2829/3410/3046
f 2829/3410/3046 2825/3422/3053 2654/3235/2898
f 2826/2857/2583 2824/3423/3054 2825/3422/3053
f 2654/3235/2898 2825/3422/3053 2648/3236/2905
f 2648/3236/2905 2825/3422/3053 2824/3423/3054
f 2828/3409/3045 2826/2857/2583 2825/3422/3053
f 2287/2851/2577 2826/2857/2583 2828/3409/3045
f 2284/2856/2582 2283/2858/2584 2826/2857/2583
f 2824/3423/3054 2826/2857/2583 2283/2858/2584
f 2648/3236/2905 2824/3423/3054 2283/2858/2584
f 1351/1791/1620 2852/3424/3055 2856/1577/1430
f 1351/1791/1620 2851/1794/1623 2852/3424/3055
f 2999/3425/3056 2856/1577/1430 2854/3426/3057
f 2856/1577/1430 2852/3424/3055 2854/3426/3057
f 2999/3425/3056 2854/3426/3057 2857/3427/3058
f 2851/1794/1623 2849/3428/3059 2852/3424/3055
f 1345/2009/1810 2851/1794/1623 1347/1793/1622
f 2851/1794/1623 1345/2009/1810 2847/3035/2730
f 2851/1794/1623 2847/3035/2730 2849/3428/3059
f 2846/3037/2732 2849/3428/3059 2847/3035/2730
f 2846/3037/2732 2847/3035/2730 2459/3036/2731
f 2850/3429/3060 2849/3428/3059 2846/3037/2732
f 2857/3427/3058 2854/3426/3057 2855/3430/3061
f 2854/3426/3057 2852/3424/3055 2855/3430/3061
f 2855/3430/3061 2852/3424/3055 2853/3359/3001
f 2852/3424/3055 2848/3431/3062 2853/3359/3001
f 2852/3424/3055 2849/3428/3059 2848/3431/3062
f 2850/3429/3060 2848/3431/3062 2849/3428/3059
f 2848/3431/3062 2850/3429/3060 2846/3037/2732
f 2772/3044/2739 2848/3431/3062 2846/3037/2732
f 2846/3037/2732 2845/3432/3063 2772/3044/2739
f 2458/3038/2733 2845/3432/3063 2846/3037/2732
f 2777/3357/2999 2848/3431/3062 2772/3044/2739
f 2845/3432/3063 2458/3038/2733 2772/3044/2739
f 2848/3431/3062 2777/3357/2999 2853/3359/3001
f 531/807/743 2865/3433/3064 1949/2481/2244
f 1949/2481/2244 2865/3433/3064 1948/401/377
f 531/807/743 459/809/745 2865/3433/3064
f 459/809/745 458/1889/1710 2861/3434/3065
f 2865/3433/3064 459/809/745 2861/3434/3065
f 2861/3434/3065 2863/3435/3066 2865/3433/3064
f 2863/3435/3066 2864/2483/2246 2865/3433/3064
f 1948/401/377 2865/3433/3064 2864/2483/2246
f 2864/2483/2246 2863/3435/3066 2862/3436/3067
f 2862/3436/3067 329/402/378 2864/2483/2246
f 2862/3436/3067 327/520/83 329/402/378
f 327/83/83 2862/3437/3067 2859/81/81
f 2861/3434/3065 2862/3436/3067 2863/3435/3066
f 2862/3437/3067 2858/3438/3068 2860/3439/3069
f 2858/3440/3068 2862/3436/3067 2861/3434/3065
f 2862/3437/3067 2860/3439/3069 2859/81/81
f 2860/3439/3069 2858/3438/3068 465/85/85
f 2860/3439/3069 465/85/85 2859/81/81
f 2873/3365/3007 2772/3044/2739 2874/3043/2738
f 2872/3045/2740 2873/3365/3007 2874/3043/2738
f 2452/3048/2743 2872/3045/2740 2454/3042/2737
f 2873/3365/3007 2872/3045/2740 2870/3441/3070
f 2767/3047/2742 2869/3442/3071 2452/3048/2743
f 2452/3048/2743 2868/3443/3072 2872/3045/2740
f 2452/3048/2743 2869/3442/3071 2868/3443/3072
f 2868/3443/3072 2870/3441/3070 2872/3045/2740
f 2868/3444/3072 2867/3445/3073 2866/3446/1463
f 2901/3447/3074 2866/3446/1463 2867/3445/3073
f 2873/3365/3007 2870/3441/3070 2871/3367/3009
f 1184/1609/1462 1185/1606/1459 2770/3371/3010
f 152/1608/1461 2770/3371/3010 1185/1606/1459
f 2871/3448/3009 1184/1609/1462 2770/3371/3010
f 2871/3448/3009 2870/3449/3070 1182/1612/1465
f 2871/3448/3009 1182/1612/1465 1184/1609/1462
f 2868/3450/3072 1183/3451/3075 2870/3449/3070
f 2866/1610/1463 1183/3451/3075 2868/3450/3072
f 1182/1612/1465 2870/3449/3070 1183/3451/3075
f 2866/1610/1463 1182/1612/1465 1183/3451/3075
f 2274/2844/2570 2278/2845/2571 2276/2843/2569
f 2278/2845/2571 2274/2844/2570 2272/2846/2572
f 2278/2845/2571 2272/2846/2572 2880/3452/3076
f 2272/2846/2572 2877/3453/3077 2880/3452/3076
f 2880/3452/3076 2877/3453/3077 2878/3454/3078
f 2707/2537/2296 2877/3453/3077 2272/2846/2572
f 2880/3452/3076 2881/3455/3079 2278/2845/2571
f 2876/3456/3080 2707/2537/2296 2706/3288/2943
f 2883/3457/3081 2881/3455/3079 2879/3458/3082
f 2880/3452/3076 2878/3454/3078 2881/3455/3079
f 2879/3458/3082 2881/3455/3079 2878/3454/3078
f 2879/3458/3082 1563/2048/1849 2882/2047/1848
f 2879/3458/3082 2878/3454/3078 1563/2048/1849
f 2877/3453/3077 2875/3459/3083 2878/3454/3078
f 2707/2537/2296 2875/3459/3083 2877/3453/3077
f 2876/3456/3080 2875/3459/3083 2707/2537/2296
f 2878/3454/3078 2875/3459/3083 1563/2048/1849
f 2875/3459/3083 1560/2052/1853 1563/2048/1849
f 2875/3459/3083 532/808/744 1560/2052/1853
f 2876/3456/3080 532/808/744 2875/3459/3083
f 2706/3288/2943 532/808/744 2876/3456/3080
f 2594/2409/2174 2888/2408/2173 2885/3460/3084
f 2594/2409/2174 2885/3460/3084 2589/3182/2856
f 2888/2408/2173 2887/2416/2181 2886/3461/3085
f 2888/2408/2173 2886/3461/3085 2885/3460/3084
f 2886/3461/3085 2174/2419/2184 2173/2733/2465
f 2887/2416/2181 2174/2419/2184 2886/3461/3085
f 2885/3460/3084 2886/3461/3085 2884/3462/3086
f 2885/3460/3084 2884/3462/3086 2589/3182/2856
f 2589/3182/2856 2884/3462/3086 2781/3186/2860
f 2171/2734/2466 2884/3462/3086 2886/3461/3085
f 2173/2733/2465 2171/2734/2466 2886/3461/3085
f 2171/2734/2466 2167/2735/2467 2169/2877/2599
f 2884/3462/3086 2171/2734/2466 2781/3186/2860
f 2780/2879/2601 2781/3186/2860 2171/2734/2466
f 2171/2734/2466 2169/2877/2599 2780/2879/2601
f 2890/3463/3087 2891/972/889 516/2033/1834
f 2890/3463/3087 2889/973/890 2891/972/889
f 2890/3463/3087 175/269/261 2889/973/890
f 2889/973/890 3050/3464/3088 176/759/704
f 2889/973/890 175/269/261 3050/3464/3088
f 3050/3464/3088 175/269/261 174/271/263
f 516/2033/1834 424/652/603 423/785/725
f 516/2033/1834 423/785/725 2890/3463/3087
f 423/785/725 175/269/261 2890/3463/3087
f 2767/3047/2742 2902/3356/2998 2869/3442/3071
f 2902/3465/2998 2903/3466/3089 2869/3467/3071
f 2902/3465/2998 2867/3445/3073 2903/3466/3089
f 2762/3355/2994 2898/3468/3090 2765/3469/2741
f 2902/3465/2998 2765/3469/2741 2899/3470/3091
f 2765/3469/2741 2898/3468/3090 2899/3470/3091
f 2898/3468/3090 2897/3471/3092 2899/3470/3091
f 2869/3467/3071 2903/3466/3089 2867/3445/3073
f 2869/3467/3071 2867/3445/3073 2868/3444/3072
f 2902/3465/2998 2899/3470/3091 2867/3445/3073
f 2867/3445/3073 2899/3470/3091 2901/3447/3074
f 2758/220/214 2898/3468/3090 2762/3355/2994
f 2898/3468/3090 148/221/215 2897/3471/3092
f 2898/3468/3090 2758/220/214 148/221/215
f 2893/3472/3093 2897/3471/3092 148/221/215
f 457/223/217 2893/3472/3093 148/221/215
f 2901/3447/3074 2899/3470/3091 2894/3473/3094
f 2897/3471/3092 2894/3473/3094 2899/3470/3091
f 2900/3474/3095 2866/3446/1463 2901/3447/3074
f 2894/3473/3094 2900/3474/3095 2901/3447/3074
f 2900/3474/3095 2894/3473/3094 2896/3475/3096
f 1411/1840/1464 2900/3474/3095 1410/1838/1667
f 2866/3446/1463 2900/3474/3095 1411/1840/1464
f 2900/3474/3095 1409/1842/1670 1410/1838/1667
f 2896/3475/3096 2895/1843/1671 2900/3474/3095
f 2895/1843/1671 1409/1842/1670 2900/3474/3095
f 2895/1843/1671 2896/3475/3096 1407/1844/1672
f 2897/3471/3092 2893/3472/3093 2894/3473/3094
f 2894/3473/3094 2893/3472/3093 2892/704/651
f 457/223/217 2892/704/651 2893/3472/3093
f 2892/704/651 454/705/652 455/707/654
f 2896/3475/3096 2894/3473/3094 2892/704/651
f 2892/704/651 1406/1847/1675 2896/3475/3096
f 1406/1847/1675 1407/1844/1672 2896/3475/3096
f 1406/1847/1675 1405/1845/1673 1407/1844/1672
f 2892/704/651 455/707/654 1406/1847/1675
f 1404/706/653 1406/1847/1675 455/707/654
f 2908/3476/3097 316/296/284 2907/3477/3098
f 316/296/284 2906/298/286 2907/3477/3098
f 993/1389/1252 2909/3478/3099 1055/1455/1316
f 2908/3476/3097 2907/3477/3098 2909/3478/3099
f 2909/3478/3099 2907/3477/3098 1055/1455/1316
f 2905/3479/3100 2907/3477/3098 2906/298/286
f 2907/3477/3098 2905/3479/3100 1026/1426/1287
f 319/506/472 316/296/284 2908/3476/3097
f 2905/3479/3100 2906/298/286 2904/1099/1000
f 2905/3479/3100 1023/1427/1288 1026/1426/1287
f 744/578/532 375/579/533 2905/3479/3100
f 2905/3479/3100 2904/1099/1000 744/578/532
f 2904/1099/1000 2906/298/286 195/297/285
f 1026/1426/1287 1055/1455/1316 2907/3477/3098
f 2905/3479/3100 375/579/533 1023/1427/1288
f 2913/3480/3101 2916/3481/3102 2914/3482/3103
f 2917/3483/3104 1856/2381/2148 3398/3484/3105
f 2917/3483/3104 3398/3484/3105 3397/3485/3106
f 3397/3485/3106 2918/3486/3107 2917/3483/3104
f 2915/3487/3108 2917/3483/3104 2916/3481/3102
f 2918/3486/3107 2916/3481/3102 2917/3483/3104
f 2916/3481/3102 2913/3480/3101 2915/3487/3108
f 134/205/199 132/204/198 2916/3481/3102
f 134/205/199 2916/3481/3102 2918/3486/3107
f 132/204/198 470/206/200 2916/3481/3102
f 2914/3482/3103 2916/3481/3102 470/206/200
f 2914/3482/3103 2912/719/666 2913/3480/3101
f 2913/3480/3101 2912/719/666 2911/3488/3109
f 2911/3488/3109 2910/3489/3110 641/3490/3111
f 3009/718/665 641/3490/3111 2912/719/666
f 2912/719/666 641/3490/3111 2910/3489/3110
f 2912/719/666 2910/3489/3110 2911/3488/3109
f 2914/3482/3103 470/206/200 2912/719/666
f 2931/3491/3112 2933/3492/3113 2928/3493/3114
f 2928/3493/3114 2925/3494/3115 2931/3491/3112
f 2930/3063/2758 2924/3495/3116 2928/3493/3114
f 2930/3063/2758 2929/3496/3117 2924/3495/3116
f 2929/3496/3117 2926/3497/3118 2924/3495/3116
f 2925/3494/3115 2928/3493/3114 2924/3495/3116
f 2919/3498/3119 1647/2128/1919 2920/3499/3120
f 2926/3497/3118 2919/3498/3119 2924/3495/3116
f 2919/3498/3119 2920/3499/3120 2924/3495/3116
f 1285/1715/1552 1283/1719/1556 2919/3498/3119
f 1647/2128/1919 2919/3498/3119 1283/1719/1556
f 2920/3499/3120 1647/2128/1919 2921/3500/3121
f 2921/3500/3121 2925/3494/3115 2920/3499/3120
f 2925/3494/3115 2924/3495/3116 2920/3499/3120
f 2932/3501/3122 2923/694/641 2927/3502/3123
f 2919/3498/3119 2926/3497/3118 2922/1718/1555
f 2922/1718/1555 2927/3502/3123 1289/1721/1558
f 1287/1717/1554 2922/1718/1555 1289/1721/1558
f 2927/3502/3123 2922/1718/1555 2929/3496/3117
f 2922/1718/1555 2926/3497/3118 2929/3496/3117
f 2471/695/642 2923/694/641 2932/3501/3122
f 2923/694/641 1289/1721/1558 2927/3502/3123
f 2923/694/641 2133/693/640 1289/1721/1558
f 2927/3502/3123 2929/3496/3117 2932/3501/3122
f 2474/3067/2762 2932/3501/3122 2930/3063/2758
f 2929/3496/3117 2930/3063/2758 2932/3501/3122
f 2472/3061/2756 2932/3501/3122 2474/3067/2762
f 2932/3501/3122 2472/3061/2756 2471/695/642
f 2919/3498/3119 2922/1718/1555 1285/1715/1552
f 2930/3063/2758 2928/3493/3114 2933/3492/3113
f 2477/3064/2759 2930/3063/2758 2933/3492/3113
f 1411/1840/1464 2940/1839/1668 2942/3503/3124
f 1408/1841/1669 2938/1846/1674 2940/1839/1668
f 2940/1839/1668 2938/1846/1674 2935/3504/3125
f 1405/1845/1673 2937/3505/3126 2938/1846/1674
f 2937/3505/3126 1721/2206/1988 2938/1846/1674
f 2938/1846/1674 1721/2206/1988 2935/3504/3125
f 1403/1848/1676 2937/3505/3126 1405/1845/1673
f 1403/1848/1676 1721/2206/1988 2937/3505/3126
f 2942/3503/3124 2940/1839/1668 2939/3506/3127
f 2940/1839/1668 2935/3504/3125 2936/3507/3128
f 2940/1839/1668 2936/3507/3128 2939/3506/3127
f 2941/3508/3129 2939/3506/3127 529/801/740
f 2941/3509/3129 529/3510/740 530/799/739
f 2936/3507/3128 529/801/740 2939/3506/3127
f 2936/3507/3128 503/762/705 529/801/740
f 1721/2206/1988 2934/3511/3130 2935/3504/3125
f 1721/2206/1988 1719/2209/1991 2934/3511/3130
f 2935/3504/3125 2934/3511/3130 1717/2213/1995
f 1719/2209/1991 1717/2213/1995 2934/3511/3130
f 2935/3504/3125 1717/2213/1995 2936/3507/3128
f 1717/2213/1995 503/762/705 2936/3507/3128
f 1717/2213/1995 501/763/706 503/762/705
f 912/914/834 2945/164/160 2946/114/112
f 911/834/764 2945/164/160 912/914/834
f 911/834/764 170/262/254 2945/164/160
f 2945/164/160 170/262/254 106/163/159
f 170/262/254 911/834/764 2944/833/763
f 554/832/762 2943/836/766 2944/833/763
f 2943/836/766 169/263/255 170/262/254
f 2943/836/766 170/262/254 2944/833/763
f 2943/836/766 67/94/94 169/263/255
f 2943/836/766 1509/1980/1785 67/94/94
f 553/835/765 100/840/150 2943/836/766
f 100/840/150 1509/1980/1785 2943/836/766
f 2947/3512/3131 1729/884/810 591/883/809
f 2949/238/232 1728/2225/2004 2947/3513/3131
f 2947/3513/3131 2948/3514/3132 2949/238/232
f 3/888/814 2951/3515/3133 2948/3516/3132
f 2950/3517/3134 2949/238/232 2948/3514/3132
f 2952/3518/3135 2948/3516/3132 2951/3515/3133
f 591/883/809 3/888/814 2947/3512/3131
f 2948/3516/3132 2947/3512/3131 3/888/814
f 1729/884/810 1726/2221/2002 588/515/479
f 2947/3513/3131 1728/2225/2004 1729/2222/810
f 1728/2225/2004 2949/238/232 2034/2228/2006
f 3/888/814 812/1185/1077 2951/3515/3133
f 814/1186/1078 2951/3515/3133 812/1185/1077
f 2951/3515/3133 814/1186/1078 3418/1521/1376
f 3151/3519/3136 2957/3520/3137 2955/3521/3138
f 2959/2217/1999 2955/3521/3138 2071/2622/2370
f 2956/2620/2368 2955/3521/3138 3149/3522/3139
f 2956/2620/2368 3149/3522/3139 2953/3523/3140
f 2956/2620/2368 2071/2622/2370 2955/3521/3138
f 283/457/427 285/459/429 2960/3524/3141
f 2960/3524/3141 285/459/429 1671/2166/1954
f 2960/3524/3141 2954/551/509 283/457/427
f 2958/3525/3142 2075/1314/1188 2074/2621/2369
f 1672/1313/1187 2960/3524/3141 1671/2166/1954
f 2958/3525/3142 2960/3524/3141 1673/1312/1186
f 1673/1312/1186 2075/1314/1188 2958/3525/3142
f 1672/1313/1187 1673/1312/1186 2960/3524/3141
f 2960/3524/3141 2958/3525/3142 2954/551/509
f 2956/2620/2368 2953/3523/3140 2958/3525/3142
f 2956/2620/2368 2958/3525/3142 2074/2621/2369
f 2958/3525/3142 2953/3523/3140 2954/551/509
f 356/458/428 2954/551/509 2953/3523/3140
f 2953/3523/3140 3141/3526/510 356/458/428
f 1380/1813/1642 1382/1123/1024 494/756/701
f 1378/1814/1643 1375/11/11 1382/1123/1024
f 2966/1122/1023 767/1121/1022 2964/3527/3143
f 766/1120/1021 2966/1122/1023 2963/1098/999
f 2966/1122/1023 2964/3527/3143 2963/1098/999
f 2962/3528/3144 43/63/63 2963/1098/999
f 43/63/63 2962/3528/3144 336/529/489
f 2962/3528/3144 2963/1098/999 2964/3527/3143
f 2962/3528/3144 2964/3527/3143 2965/3529/3145
f 1382/1123/1024 2965/3529/3145 767/1121/1022
f 767/1121/1022 2965/3529/3145 2964/3527/3143
f 2962/3528/3144 2965/3529/3145 12/13/13
f 2965/3529/3145 1382/1123/1024 12/13/13
f 12/13/13 1382/1123/1024 1375/11/11
f 338/61/61 43/63/63 336/529/489
f 336/529/489 2961/3530/3146 337/532/491
f 12/13/13 2961/3530/3146 2962/3528/3144
f 2961/3530/3146 12/13/13 1089/1498/1356
f 2961/3530/3146 336/529/489 2962/3528/3144
f 1089/1499/1356 1053/1453/1314 2961/3531/3146
f 337/532/491 2961/3530/3146 334/531/490
f 2961/3531/3146 1053/1453/1314 334/1760/490
f 334/1760/490 1053/1453/1314 1052/1449/1310
f 592/890/816 778/891/817 807/1176/1070
f 807/1176/1070 778/891/817 777/1132/1033
f 593/682/629 2968/209/203 778/891/817
f 776/1131/1032 778/891/817 2968/209/203
f 2968/209/203 563/845/773 776/1131/1032
f 565/851/779 562/846/774 563/845/773
f 2967/2312/2083 2968/209/203 136/210/204
f 2968/209/203 2967/2312/2083 563/845/773
f 2967/2312/2083 565/851/779 563/845/773
f 1787/2311/2082 565/851/779 2967/2312/2083
f 2244/1094/995 2982/1090/991 2983/3532/3147
f 2982/1090/991 2981/3533/3148 2983/3532/3147
f 2244/1094/995 2983/3532/3147 2977/2812/2540
f 2977/2812/2540 2983/3532/3147 2981/3533/3148
f 2981/3533/3148 2976/3534/3149 2977/2812/2540
f 2976/3534/3149 2974/3535/3150 2977/2812/2540
f 2979/2813/2541 2977/2812/2540 2975/3536/3151
f 2977/2812/2540 2974/3535/3150 2975/3536/3151
f 191/1093/994 189/292/280 2982/1090/991
f 2982/1090/991 189/292/280 2980/3537/3152
f 2981/3533/3148 2982/1090/991 2980/3537/3152
f 2980/3537/3152 189/292/280 2978/3538/3153
f 2563/3150/2826 2978/3538/3153 189/292/280
f 2980/3537/3152 2978/3538/3153 2976/3534/3149
f 2981/3533/3148 2980/3537/3152 2976/3534/3149
f 2976/3534/3149 2562/3539/2828 2973/3540/3154
f 2978/3538/3153 2562/3539/2828 2976/3534/3149
f 2978/3538/3153 2563/3150/2826 2562/3539/2828
f 2976/3534/3149 2973/3540/3154 2974/3535/3150
f 2973/3540/3154 2969/3541/3155 2974/3535/3150
f 2970/3157/2831 2973/3542/3154 2562/3153/2828
f 2970/3157/2831 2562/3153/2828 2561/3154/2829
f 2973/3542/3154 2970/3157/2831 2969/3543/3155
f 2969/3543/3155 2970/3157/2831 1745/2255/2030
f 2240/2820/2548 2979/2813/2541 2975/3536/3151
f 2975/3536/3151 2239/2821/2549 2240/2820/2548
f 2237/2822/2550 2975/3536/3151 2972/3544/3156
f 2237/2822/2550 2239/2821/2549 2975/3536/3151
f 2972/3544/3156 2975/3536/3151 2974/3535/3150
f 2969/3541/3155 2972/3544/3156 2974/3535/3150
f 2972/3545/3156 2969/3543/3155 1744/2247/2025
f 2972/3545/3156 1744/2247/2025 2971/2249/2024
f 2971/2246/2024 2237/2822/2550 2972/3544/3156
f 2237/2822/2550 2971/2246/2024 1749/2243/2021
f 1749/2243/2021 2971/2246/2024 1748/2241/2019
f 2969/3543/3155 1745/2255/2030 1744/2247/2025
f 2987/3546/3157 2991/3547/3158 1818/2331/2099
f 1818/2331/2099 1817/2338/2106 2987/3546/3157
f 1818/2331/2099 2991/3547/3158 2993/3548/3159
f 2991/3547/3158 2990/3549/3160 2993/3548/3159
f 3370/3550/3161 1819/2332/2100 2993/3548/3159
f 1819/2332/2100 1818/2331/2099 2993/3548/3159
f 1817/2338/2106 1816/2334/2102 1815/2337/2105
f 1815/2337/2105 2987/3546/3157 1817/2338/2106
f 2987/3546/3157 2988/3551/3162 2991/3547/3158
f 2991/3547/3158 2988/3551/3162 2990/3549/3160
f 2987/3546/3157 2984/2341/2109 2988/3551/3162
f 1815/2337/2105 2984/2341/2109 2987/3546/3157
f 1921/2436/2201 1924/2435/2200 2995/3552/3163
f 2992/3553/3164 2994/3554/3165 2993/3548/3159
f 2993/3548/3159 2990/3549/3160 2992/3553/3164
f 2992/3553/3164 2990/3549/3160 2989/2445/2210
f 2994/3554/3165 2992/3553/3164 1921/2436/2201
f 1921/2436/2201 2992/3553/3164 2989/2445/2210
f 1921/2436/2201 2989/2445/2210 1916/2442/2207
f 2989/2445/2210 2990/3549/3160 2986/3555/3166
f 2990/3549/3160 2988/3551/3162 2986/3555/3166
f 2988/3551/3162 2984/2341/2109 2986/3555/3166
f 2984/2341/2109 875/1256/1135 2986/3555/3166
f 2986/3555/3166 2985/1730/1565 2989/2445/2210
f 2985/1730/1565 2986/3555/3166 875/1256/1135
f 2985/1730/1565 875/1256/1135 874/1255/1134
f 2997/1101/1002 245/414/387 2998/417/390
f 748/1103/1004 2997/1101/1002 2998/417/390
f 245/414/387 2997/1101/1002 2996/1100/1001
f 245/414/387 2996/1100/1001 888/419/392
f 1154/3556/1424 1153/1573/1422 3005/3557/3167
f 1153/1573/1422 3004/3558/3168 3005/3557/3167
f 1153/1573/1422 1151/1574/1427 3004/3558/3168
f 3005/3557/3167 3004/3558/3168 3003/3559/3169
f 3003/3559/3169 3004/3558/3168 3002/3560/3170
f 3004/3558/3168 1151/1574/1427 3002/3560/3170
f 1151/1574/1427 2999/3425/3056 3002/3560/3170
f 3000/3561/3171 3002/3560/3170 2999/3425/3056
f 2856/1577/1430 2999/3425/3056 1151/1574/1427
f 1154/3556/1424 3005/3557/3167 1991/3562/2297
f 1991/3562/2297 3005/3557/3167 3003/3559/3169
f 1991/3562/2297 3003/3559/3169 3002/3560/3170
f 3002/3560/3170 3001/3563/3172 1991/3562/2297
f 3002/3560/3170 2855/3430/3061 3001/3563/3172
f 1991/3562/2297 2269/2835/2558 2271/3564/2298
f 3000/3561/3171 2999/3425/3056 2857/3427/3058
f 3000/3561/3171 2855/3430/3061 3002/3560/3170
f 2855/3430/3061 3000/3561/3171 2857/3427/3058
f 1991/3562/2297 3001/3563/3172 2269/2835/2558
f 3001/3563/3172 2267/2831/2559 2269/2835/2558
f 2855/3430/3061 2266/2832/2560 3001/3563/3172
f 2267/2831/2559 3001/3563/3172 2266/2832/2560
f 2263/2837/2563 2266/2832/2560 2855/3430/3061
f 2853/3359/3001 2263/2837/2563 2855/3430/3061
f 3009/718/665 571/635/586 3008/958/877
f 641/3490/3111 3009/718/665 640/957/876
f 3009/718/665 3008/958/877 640/957/876
f 573/717/664 571/635/586 3009/718/665
f 495/754/699 3007/637/588 3006/755/700
f 3008/958/877 3007/637/588 495/754/699
f 571/635/586 3007/637/588 3008/958/877
f 1381/638/589 3006/755/700 3007/637/588
f 1380/1813/1642 3006/755/700 1381/638/589
f 1380/1813/1642 494/756/701 3006/755/700
f 2000/469/437 3028/1011/921 677/1012/922
f 3028/1011/921 3020/1013/923 676/3/3
f 288/470/438 3025/471/439 3026/3565/3173
f 2000/469/437 288/470/438 3026/3565/3173
f 2000/469/437 3026/3565/3173 3028/1011/921
f 3020/1013/923 3028/1011/921 3026/3565/3173
f 3016/3566/3174 3026/3565/3173 3022/473/441
f 3026/3565/3173 3025/471/439 3022/473/441
f 3020/1013/923 3027/49/49 29/48/48
f 3027/49/49 3020/1013/923 3023/3567/3175
f 3027/49/49 3023/3567/3175 3024/1028/936
f 3016/3566/3174 3020/1013/923 3026/3565/3173
f 3020/1013/923 3016/3566/3174 3015/3568/3176
f 208/336/318 3014/3569/3177 3022/3570/441
f 2615/3193/2867 3014/3569/3177 208/336/318
f 211/335/320 2615/3193/2867 208/336/318
f 3014/3571/3177 3016/3566/3174 3022/473/441
f 3016/3566/3174 3014/3571/3177 3013/3572/3178
f 2615/3193/2867 2614/3194/2868 3014/3569/3177
f 3014/3571/3177 3011/3573/2880 3013/3572/3178
f 3014/3569/3177 2614/3194/2868 3011/3206/2880
f 3021/1029/937 3023/3567/3175 3018/3574/3179
f 3021/1029/937 3024/1028/936 3023/3567/3175
f 3021/1029/937 3018/3574/3179 3017/3575/3180
f 3018/3574/3179 3023/3567/3175 3020/1013/923
f 3020/1013/923 3015/3568/3176 3018/3574/3179
f 3010/1799/1628 3018/3574/3179 3015/3568/3176
f 3019/3576/3181 1355/1031/939 3021/1029/937
f 3021/1029/937 3017/3575/3180 3019/3576/3181
f 3019/3576/3181 3017/3575/3180 3012/1797/1626
f 3012/1797/1626 1355/1031/939 3019/3576/3181
f 3015/3568/3176 3016/3566/3174 3013/3572/3178
f 3010/1799/1628 3017/3575/3180 3018/3574/3179
f 3013/3572/3178 3010/1799/1628 3015/3568/3176
f 3011/3573/2880 2613/3577/2879 3013/3572/3178
f 3010/1799/1628 3013/3572/3178 2613/3577/2879
f 2613/3577/2879 2610/3578/2881 3010/1799/1628
f 3010/1799/1628 3012/1797/1626 3017/3575/3180
f 2610/3207/2881 2605/3208/1421 3010/3579/1628
f 3010/1799/1628 2605/1567/1421 1353/1569/1423
f 1828/2344/2112 1784/2303/2074 2622/3580/3182
f 1784/2303/2074 2698/3284/2939 2622/3580/3182
f 2622/3580/3182 2698/3284/2939 3029/3210/2883
f 2622/3580/3182 3029/3210/2883 1828/2344/2112
f 2698/3284/2939 2696/3286/2941 3029/3210/2883
f 2338/2919/2634 2217/2781/2509 2696/3286/2941
f 2696/3286/2941 2217/2781/2509 3029/3210/2883
f 2620/2780/2508 3029/3210/2883 2217/2781/2509
f 2212/1092/993 741/1089/990 2620/2780/2508
f 3033/2302/2073 3037/3581/3183 1814/2336/2104
f 3040/2340/2108 3037/3581/3183 3035/3582/3184
f 3037/3581/3183 3040/2340/2108 1814/2336/2104
f 3037/3581/3183 3033/2302/2073 3034/3583/3185
f 3031/3584/3186 3034/3583/3185 1831/2352/2120
f 3039/2300/2071 3033/2302/2073 1814/2336/2104
f 3039/2300/2071 1785/2299/2070 3033/2302/2073
f 1832/2343/2111 3033/2302/2073 1784/2303/2074
f 1832/2343/2111 3034/3583/3185 3033/2302/2073
f 1832/2343/2111 1784/2303/2074 1828/2344/2112
f 1831/2352/2120 3034/3583/3185 1832/2343/2111
f 1832/2343/2111 1830/2346/2114 1831/2352/2120
f 3040/2340/2108 875/1256/1135 2984/2341/2109
f 3040/2340/2108 3035/3582/3184 875/1256/1135
f 3035/3582/3184 873/1254/1133 875/1256/1135
f 3035/3582/3184 3038/1257/1136 873/1254/1133
f 3035/3582/3184 3036/1732/1567 3038/1257/1136
f 3036/1732/1567 872/1258/1137 3038/1257/1136
f 3036/1732/1567 3035/3582/3184 3031/3584/3186
f 3035/3582/3184 3037/3581/3183 3034/3583/3185
f 3034/3583/3185 3031/3584/3186 3035/3582/3184
f 3036/1732/1567 3031/3584/3186 3032/3585/3187
f 3032/3585/3187 3031/3584/3186 3030/3586/3188
f 1831/2352/2120 1833/2353/2121 3031/3584/3186
f 3031/3584/3186 1833/2353/2121 3030/3586/3188
f 3044/3587/3189 3041/3588/3190 3436/3589/3191
f 3436/3589/3191 3041/3588/3190 3042/3590/3192
f 3044/3587/3189 3043/3591/3193 3041/3588/3190
f 3043/3591/3193 3229/3592/3194 3041/3588/3190
f 3045/3593/3195 3044/3587/3189 3436/3589/3191
f 174/271/263 3045/3593/3195 3050/3464/3088
f 3049/786/726 3044/3587/3189 3048/270/262
f 3045/3593/3195 3048/270/262 3044/3587/3189
f 174/271/263 3048/270/262 3045/3593/3195
f 3047/140/138 3044/3587/3189 3049/786/726
f 3044/3587/3189 3047/140/138 3046/3594/3196
f 93/135/133 3051/134/132 3047/140/138
f 3051/134/132 3046/3594/3196 3047/140/138
f 3046/3594/3196 3043/3591/3193 3044/3587/3189
f 3055/2015/1816 3058/3595/3197 1703/2203/1985
f 1703/3596/1985 3058/3597/3197 1704/2201/1983
f 1706/2202/1984 1704/2201/1983 3058/3597/3197
f 3357/2013/1814 3055/2015/1816 1702/2204/1986
f 3058/3595/3197 3055/2015/1816 3056/3598/3198
f 3055/2015/1816 1535/2019/1820 3056/3598/3198
f 3055/2015/1816 1534/2014/1815 1535/2019/1820
f 1706/2202/1984 1218/1647/1495 463/713/660
f 1218/3599/1495 3056/3598/3198 1216/2218/1496
f 3056/3598/3198 1706/3600/1984 3058/3595/3197
f 1706/3600/1984 3056/3598/3198 1218/3599/1495
f 3057/2220/2001 1216/2218/1496 3056/3598/3198
f 3054/3601/3199 3056/3598/3198 3053/3602/3200
f 3056/3598/3198 3054/3601/3199 3057/2220/2001
f 3054/3601/3199 3129/3603/3201 3057/2220/2001
f 1535/2019/1820 1532/2018/1819 3053/3602/3200
f 1533/2017/1818 1532/2018/1819 1535/2019/1820
f 3054/3601/3199 3052/3604/3202 3129/3603/3201
f 3053/3602/3200 1532/2018/1819 3052/3604/3202
f 1268/2020/1821 3052/3604/3202 1532/2018/1819
f 3129/3603/3201 3052/3604/3202 1268/2020/1821
f 1535/2019/1820 3053/3602/3200 3056/3598/3198
f 3053/3602/3200 3052/3604/3202 3054/3601/3199
f 3059/3605/3203 2379/2955/2662 3060/3606/3204
f 2931/3491/3112 2925/3494/3115 2921/3500/3121
f 2921/3500/3121 3059/3605/3203 2931/3491/3112
f 2379/2955/2662 1647/2128/1919 2374/2130/1921
f 2379/2955/2662 2921/3500/3121 1647/2128/1919
f 3059/3605/3203 2921/3500/3121 2379/2955/2662
f 3068/3607/3205 3062/3608/3206 3064/3609/3207
f 634/950/869 3068/3607/3205 3065/951/870
f 3064/3609/3207 3063/3610/3208 3065/951/870
f 3068/3607/3205 634/950/869 3067/3611/3209
f 634/950/869 1136/1224/1107 3067/3611/3209
f 3064/3609/3207 3065/951/870 3068/3607/3205
f 3061/1097/998 3063/3610/3208 2380/2956/2663
f 3061/1097/998 2380/2956/2663 2068/2616/2364
f 3063/3610/3208 3064/3609/3207 3060/3606/3204
f 2380/2956/2663 3063/3610/3208 3060/3606/3204
f 3065/951/870 3061/1097/998 742/265/257
f 2068/2616/2364 2069/1096/997 3061/1097/998
f 3063/3610/3208 3061/1097/998 3065/951/870
f 3059/3605/3203 3062/3608/3206 2931/3491/3112
f 3062/3608/3206 3068/3607/3205 3067/3611/3209
f 3062/3608/3206 3067/3611/3209 3066/1552/1406
f 2477/3064/2759 2933/3492/3113 3066/1552/1406
f 2931/3491/3112 3062/3608/3206 2933/3492/3113
f 3066/1552/1406 2933/3492/3113 3062/3608/3206
f 1136/1224/1107 3066/1552/1406 3067/3611/3209
f 3059/3605/3203 3060/3606/3204 3062/3608/3206
f 3064/3609/3207 3062/3608/3206 3060/3606/3204
f 3060/3606/3204 2379/2955/2662 2380/2956/2663
f 3073/1607/1460 1184/1609/1462 1182/1612/1465
f 3074/3612/3210 152/1608/1461 3073/1607/1460
f 3074/3612/3210 3073/1607/1460 3071/3613/3211
f 3074/3612/3210 3071/3613/3211 3072/3614/3212
f 3073/1607/1460 1182/1612/1465 3070/3615/3213
f 1411/1611/1464 2942/3616/3124 1182/1612/1465
f 3071/3613/3211 3073/1607/1460 3070/3615/3213
f 1182/1612/1465 2942/3616/3124 3070/3615/3213
f 2942/3503/3124 2939/3506/3127 3070/3617/3213
f 3070/3615/3213 2939/3618/3127 2941/3509/3129
f 3069/3619/3214 3072/3614/3212 3071/3613/3211
f 519/790/730 520/789/729 3072/3614/3212
f 3069/3619/3214 519/790/730 3072/3614/3212
f 3071/3613/3211 3070/3615/3213 3069/3619/3214
f 3070/3615/3213 2941/3509/3129 3069/3619/3214
f 3069/3619/3214 74/1111/1012 519/790/730
f 3069/3619/3214 2941/3509/3129 74/1111/1012
f 2941/3509/3129 530/799/739 74/1111/1012
f 2234/2806/2534 3083/2807/2535 2236/2805/2533
f 2236/2805/2533 3083/2807/2535 3084/3266/2930
f 3084/3266/2930 3080/3620/3215 3081/3621/3216
f 3084/3266/2930 3083/2807/2535 3080/3620/3215
f 2090/2663/2408 3198/3622/3217 3076/3623/3218
f 2090/2663/2408 3080/3620/3215 2096/2664/2409
f 3080/3620/3215 2090/2663/2408 3078/3624/3219
f 2096/2664/2409 3080/3620/3215 3083/2807/2535
f 924/1310/1184 3210/1309/1183 2090/3625/2408
f 3078/3624/3219 3076/3623/3218 3077/3626/3220
f 3078/3624/3219 3077/3626/3220 3080/3620/3215
f 3076/3623/3218 3078/3624/3219 2090/2663/2408
f 3082/3202/2876 3079/3627/3221 2470/3050/2745
f 3079/3627/3221 2464/3053/2748 2470/3050/2745
f 3079/3627/3221 3082/3202/2876 3084/3266/2930
f 3081/3621/3216 3079/3627/3221 3084/3266/2930
f 3077/3626/3220 3079/3627/3221 3081/3621/3216
f 3077/3626/3220 3081/3621/3216 3080/3620/3215
f 3076/3623/3218 3079/3627/3221 3077/3626/3220
f 3198/3622/3217 3075/3628/3222 3076/3623/3218
f 3076/3623/3218 2463/3057/2752 3079/3627/3221
f 3079/3627/3221 2463/3057/2752 2464/3053/2748
f 3075/3628/3222 1936/3058/2753 3076/3623/3218
f 3076/3623/3218 1936/3058/2753 2463/3057/2752
f 1492/1961/1770 3099/3344/2991 1493/1958/1767
f 1492/1961/1770 1489/1962/1771 3099/3344/2991
f 3099/3344/2991 3098/3629/3223 2761/3345/2992
f 1489/1962/1771 3095/3630/3224 3099/3344/2991
f 3099/3344/2991 3095/3630/3224 3098/3629/3223
f 1487/1963/1772 3095/3630/3224 1489/1962/1771
f 3095/3630/3224 3093/3631/3225 3098/3629/3223
f 3098/3629/3223 3097/3348/2995 2761/3345/2992
f 3097/3348/2995 3098/3629/3223 3096/3632/3226
f 3097/3350/2995 3096/3633/3226 3091/3634/3227
f 3097/3350/2995 3091/3634/3227 3094/3351/2997
f 3096/3632/3226 3098/3629/3223 3093/3631/3225
f 3093/3631/3225 3092/3635/3228 3096/3632/3226
f 1487/1966/1772 2334/1968/1774 1373/1810/1639
f 1373/1810/1639 1374/1809/1638 3093/3636/3225
f 3095/3637/3224 1487/1966/1772 1373/1810/1639
f 3093/3636/3225 3095/3637/3224 1373/1810/1639
f 1373/1810/1639 2334/1968/1774 1372/1811/1640
f 3093/3636/3225 1374/1809/1638 3092/3638/3228
f 1374/1809/1638 3089/3639/3229 3092/3638/3228
f 3092/3638/3228 3091/3634/3227 3096/3633/3226
f 3091/3634/3227 3089/3639/3229 3090/3640/3230
f 3089/3639/3229 3087/725/672 3090/3640/3230
f 3087/725/672 3088/740/685 3090/3640/3230
f 3094/3351/2997 487/739/684 2759/3352/2996
f 3090/3640/3230 3094/3351/2997 3091/3634/3227
f 3094/3351/2997 3090/3640/3230 3088/740/685
f 3094/3351/2997 3088/740/685 487/739/684
f 2759/3352/2996 487/739/684 149/218/212
f 3088/740/685 485/737/682 487/739/684
f 1374/1809/1638 3086/3641/3231 3089/3639/3229
f 3086/3641/3231 1739/2911/2626 3089/3639/3229
f 3092/3638/3228 3089/3639/3229 3091/3634/3227
f 3086/3641/3231 1374/1809/1638 1371/1812/1641
f 3086/3641/3231 1371/1812/1641 1739/2911/2626
f 3085/2912/2627 3087/725/672 3089/3639/3229
f 1739/2911/2626 3085/2912/2627 3089/3639/3229
f 3087/725/672 3085/2912/2627 475/727/674
f 3088/740/685 3087/725/672 486/729/676
f 3115/3642/3232 3347/3643/3233 1833/2353/2121
f 3111/3644/3234 1833/2353/2121 1829/2351/2119
f 3111/3644/3234 3114/3645/3235 1833/2353/2121
f 3111/3644/3234 1829/2351/2119 3104/3646/3236
f 3113/3647/3237 3117/3648/3238 3115/3642/3232
f 3114/3645/3235 3115/3642/3232 1833/2353/2121
f 3114/3645/3235 3113/3647/3237 3115/3642/3232
f 3113/3647/3237 3114/3645/3235 3109/3649/3239
f 3114/3645/3235 3111/3644/3234 3109/3649/3239
f 1829/2351/2119 3105/2355/2123 3104/3646/3236
f 3111/3644/3234 3104/3646/3236 3109/3649/3239
f 3104/3646/3236 3105/2355/2123 3101/2357/2125
f 362/560/516 3101/2357/2125 364/559/515
f 3101/2357/2125 1852/2366/2134 3104/3646/3236
f 3104/3646/3236 3102/3650/3240 3109/3649/3239
f 1852/2366/2134 3102/3650/3240 3104/3646/3236
f 1853/2362/2130 1852/2366/2134 3101/2357/2125
f 3116/3651/3241 3117/3648/3238 3112/3652/3242
f 3112/3652/3242 3117/3648/3238 3113/3647/3237
f 3106/3653/3243 3112/3652/3242 3113/3647/3237
f 3110/3654/3244 3116/3651/3241 3112/3652/3242
f 3112/3652/3242 3108/3655/3245 3110/3654/3244
f 3109/3649/3239 3106/3653/3243 3113/3647/3237
f 3108/3655/3245 3112/3652/3242 3106/3653/3243
f 3102/3650/3240 3106/3653/3243 3109/3649/3239
f 3108/3655/3245 3107/932/851 3110/3654/3244
f 3106/3653/3243 3103/3656/3246 3108/3655/3245
f 3103/3656/3246 3100/3657/3247 3107/932/851
f 3103/3656/3246 3107/932/851 3108/3655/3245
f 3110/3654/3244 3107/932/851 624/3658/853
f 3103/3656/3246 3106/3653/3243 3102/3650/3240
f 1852/2366/2134 1851/2373/2141 3102/3650/3240
f 1851/2373/2141 3103/3656/3246 3102/3650/3240
f 1851/2373/2141 3100/3657/3247 3103/3656/3246
f 1851/2373/2141 1852/2366/2134 1850/2367/2135
f 3107/932/851 3100/3657/3247 623/935/854
f 3100/3657/3247 622/3659/855 623/935/854
f 1851/2373/2141 621/2374/325 3100/3657/3247
f 3100/3657/3247 621/2374/325 622/3659/855
f 2483/3070/2765 3119/3071/2766 3118/3660/3248
f 3118/3660/3248 3119/3071/2766 3121/3661/3249
f 124/192/188 125/193/189 3119/3071/2766
f 3119/3071/2766 125/193/189 3121/3661/3249
f 3121/3661/3249 125/193/189 3122/3662/3250
f 3123/3663/3251 3121/3661/3249 3122/3662/3250
f 2480/3069/2764 488/745/690 3119/3071/2766
f 124/192/188 3119/3071/2766 488/745/690
f 2483/3070/2765 3118/3660/3248 2481/3073/2768
f 3121/3661/3249 3120/3664/3252 3118/3660/3248
f 832/1197/1087 2482/1196/1086 3118/3660/3248
f 3118/3660/3248 3120/3664/3252 832/1197/1087
f 2481/3073/2768 3118/3660/3248 2482/1196/1086
f 1834/2360/2128 3120/3664/3252 3121/3661/3249
f 3120/3664/3252 1834/2360/2128 832/1197/1087
f 832/1197/1087 1834/2360/2128 833/1200/1090
f 125/193/189 667/996/908 3122/3662/3250
f 667/996/908 3123/3663/3251 3122/3662/3250
f 1838/2359/2127 3121/3661/3249 3123/3663/3251
f 667/996/908 1838/2359/2127 3123/3663/3251
f 667/996/908 666/997/909 1838/2359/2127
f 666/997/909 668/243/237 1838/2359/2127
f 668/243/237 1835/245/239 1838/2359/2127
f 1838/2359/2127 1836/2358/2126 3121/3661/3249
f 3121/3661/3249 1836/2358/2126 1834/2360/2128
f 3128/281/271 3124/3665/3253 183/283/273
f 3124/3665/3253 253/429/400 183/283/273
f 402/625/576 3127/627/578 3125/3666/3254
f 402/625/576 3124/3665/3253 3128/281/271
f 402/625/576 3125/3666/3254 3124/3665/3253
f 255/420/393 183/283/273 253/429/400
f 3125/3667/3254 3127/1223/578 3126/3668/3255
f 3127/1223/578 848/1222/1106 3126/3668/3255
f 848/1222/1106 1103/1513/1368 3126/3668/3255
f 1195/1621/1473 3124/3669/3253 3125/3667/3254
f 3126/3668/3255 1195/1621/1473 3125/3667/3254
f 1103/1513/1368 1195/1621/1473 3126/3668/3255
f 1103/1513/1368 1101/1517/1372 1195/1621/1473
f 3124/3665/3253 1195/3670/1473 253/429/400
f 1195/3670/1473 251/423/396 253/429/400
f 3131/2219/2000 525/798/738 526/1861/1683
f 524/1440/1301 3057/2220/2001 3130/257/249
f 3131/2219/2000 524/1440/1301 525/798/738
f 524/1440/1301 3130/257/249 1037/256/248
f 3129/3603/3201 3130/257/249 3057/2220/2001
f 3057/2220/2001 524/1440/1301 3131/2219/2000
f 1268/2020/1821 1252/261/253 3129/3603/3201
f 3129/3603/3201 168/258/250 3130/257/249
f 168/258/250 3129/3603/3201 1252/261/253
f 2957/3520/3137 3151/3519/3136 3147/3671/3256
f 3150/3672/3257 3145/3673/3258 3144/3674/3259
f 3144/3674/3259 3147/3671/3256 3150/3672/3257
f 3150/3672/3257 3147/3671/3256 3151/3519/3136
f 2955/3521/3138 2957/3520/3137 3149/3522/3139
f 2957/3520/3137 3147/3671/3256 3146/3675/3260
f 2957/3520/3137 3146/3675/3260 3149/3522/3139
f 3144/3674/3259 3140/3676/3261 3147/3671/3256
f 3147/3671/3256 3140/3676/3261 3143/3677/3262
f 3147/3671/3256 3143/3677/3262 3146/3675/3260
f 3145/3673/3258 3142/3678/3263 3144/3674/3259
f 3138/3679/3264 3137/3680/3265 3142/3678/3263
f 3138/3679/3264 3142/3678/3263 3145/3673/3258
f 3142/3678/3263 3137/3680/3265 3140/3676/3261
f 3144/3674/3259 3142/3678/3263 3140/3676/3261
f 3138/3681/3264 3305/3682/3266 3137/3683/3265
f 3137/3683/3265 3136/3684/3267 3140/3685/3261
f 3305/3682/3266 3133/3686/3268 3137/3683/3265
f 3137/3683/3265 3133/3686/3268 3136/3684/3267
f 3148/3687/3269 3146/3675/3260 3139/3688/3270
f 3146/3675/3260 3143/3677/3262 3139/3688/3270
f 3140/3676/3261 3136/3689/3267 3143/3677/3262
f 3143/3677/3262 3136/3689/3267 3139/3688/3270
f 3149/3522/3139 3148/3687/3269 2953/3523/3140
f 3149/3522/3139 3146/3675/3260 3148/3687/3269
f 3136/3689/3267 3135/3690/3271 3139/3688/3270
f 3139/3688/3270 3141/3526/510 3148/3687/3269
f 3141/553/510 3135/3691/3271 3434/3692/3272
f 3148/3687/3269 3141/3526/510 2953/3523/3140
f 3135/3690/3271 3141/3526/510 3139/3688/3270
f 3136/3684/3267 3133/3686/3268 3134/3693/3273
f 3133/3686/3268 3132/3694/3274 3134/3693/3273
f 3425/3334/2981 3134/3693/3273 3132/3694/3274
f 3136/3684/3267 3134/3693/3273 3135/3691/3271
f 3135/3691/3271 3134/3693/3273 3430/3695/3275
f 3156/3696/3276 3154/3697/3277 49/66/66
f 3156/3696/3276 49/66/66 1075/1486/1344
f 49/66/66 50/65/65 1075/1486/1344
f 1076/1480/1338 3156/3696/3276 1075/1486/1344
f 1076/1480/1338 3155/1490/1348 3156/3696/3276
f 3156/3696/3276 3155/1490/1348 3154/3697/3277
f 3154/3697/3277 83/67/67 49/66/66
f 3153/39/39 82/117/115 83/67/67
f 3154/3697/3277 3153/39/39 83/67/67
f 24/40/40 3153/39/39 792/1162/1056
f 23/38/38 607/912/832 3153/39/39
f 3153/39/39 3154/3697/3277 3155/1490/1348
f 3155/1490/1348 792/1162/1056 3153/39/39
f 912/914/834 3152/116/114 607/912/832
f 82/117/115 3153/39/39 3152/116/114
f 912/914/834 2946/114/112 3152/116/114
f 3153/39/39 607/912/832 3152/116/114
f 3164/3698/3278 905/1288/1164 3165/3377/3016
f 3161/3699/3279 3162/3700/3280 3164/3698/3278
f 3165/3377/3016 3161/3699/3279 3164/3698/3278
f 3165/3377/3016 2787/3378/3017 3161/3699/3279
f 2787/3378/3017 3160/3381/3020 3161/3699/3279
f 905/1288/1164 3164/3698/3278 3162/3700/3280
f 3161/3699/3279 3159/3701/3281 3162/3700/3280
f 2745/3313/2964 2783/3380/3019 2411/2985/2688
f 2745/3313/2964 3160/3381/3020 2783/3380/3019
f 3160/3381/3020 2745/3313/2964 2744/3314/2965
f 3160/3381/3020 2787/3378/3017 2786/3379/3018
f 3160/3381/3020 2743/3317/2967 3159/3701/3281
f 3160/3381/3020 3159/3701/3281 3161/3699/3279
f 2743/3317/2967 3160/3381/3020 2744/3314/2965
f 3159/3701/3281 3150/3672/3257 3162/3700/3280
f 3150/3672/3257 3158/3702/3282 3145/3673/3258
f 2743/3317/2967 3157/3326/2974 3159/3701/3281
f 3159/3701/3281 3157/3326/2974 3158/3702/3282
f 3150/3672/3257 3159/3701/3281 3158/3702/3282
f 3157/3326/2974 2741/3325/2973 2742/3703/2975
f 3138/3679/3264 3157/3326/2974 2742/3704/2975
f 3157/3326/2974 3138/3679/3264 3158/3702/3282
f 3162/3700/3280 3150/3672/3257 3163/3705/3283
f 3150/3672/3257 3151/3519/3136 3163/3705/3283
f 3166/3706/3284 3163/3705/3283 3151/3519/3136
f 3138/3679/3264 3145/3673/3258 3158/3702/3282
f 905/1288/1164 3162/3700/3280 3173/185/181
f 3162/3700/3280 3171/3707/3285 3173/185/181
f 3171/3707/3285 3162/3700/3280 3163/3705/3283
f 453/188/184 121/187/183 3172/3708/3286
f 1404/706/653 453/188/184 3174/3709/3287
f 453/188/184 3172/3708/3286 3174/3709/3287
f 3174/3709/3287 1403/1848/1676 1404/706/653
f 1403/1848/1676 3174/3709/3287 1720/2205/1987
f 3174/3709/3287 3172/3708/3286 1716/2207/1989
f 1720/2205/1987 3174/3709/3287 1716/2207/1989
f 3172/3708/3286 1715/2210/1992 1716/2207/1989
f 3171/3707/3285 3170/186/182 3173/185/181
f 3163/3705/3283 3169/3710/3288 3171/3707/3285
f 3171/3707/3285 3169/3710/3288 3170/186/182
f 3163/3705/3283 3168/3711/3289 3169/3710/3288
f 3172/3708/3286 121/187/183 3170/186/182
f 3169/3710/3288 3168/3711/3289 3170/186/182
f 3170/186/182 3168/3711/3289 3172/3708/3286
f 3168/3711/3289 2959/2217/1999 3172/3708/3286
f 2959/2217/1999 1715/2210/1992 3172/3708/3286
f 3167/3712/3290 2959/2217/1999 3168/3711/3289
f 3166/3706/3284 3167/3712/3290 3168/3711/3289
f 3168/3711/3289 3163/3705/3283 3166/3706/3284
f 3166/3706/3284 3151/3519/3136 2955/3521/3138
f 1711/2211/1993 2959/2217/1999 1710/2215/1997
f 2959/2217/1999 3166/3706/3284 2955/3521/3138
f 3166/3706/3284 2959/2217/1999 3167/3712/3290
f 865/1246/1125 3179/327/313 3178/330/316
f 3179/327/313 207/329/315 3178/330/316
f 3178/330/316 203/314/302 3176/313/301
f 3176/313/301 3177/1505/1360 3178/330/316
f 3177/1505/1360 3176/313/301 991/1387/1250
f 3175/315/303 1177/317/305 3176/313/301
f 3176/313/301 1177/317/305 991/1387/1250
f 2471/695/642 2473/3062/2757 3188/3713/3291
f 2471/695/642 3188/3713/3291 3186/696/643
f 3186/696/643 3188/3713/3291 451/698/645
f 3188/3713/3291 3182/700/647 451/698/645
f 2473/3062/2757 3192/3075/2770 3188/3713/3291
f 3188/3713/3291 3190/3714/3292 3189/3715/3293
f 3190/3714/3292 3184/3716/3294 3189/3715/3293
f 3189/3715/3293 3184/3716/3294 3182/700/647
f 3184/3716/3294 452/701/648 3182/700/647
f 3189/3715/3293 3182/700/647 3188/3713/3291
f 452/701/648 3184/3716/3294 3181/3717/3295
f 1166/1582/1435 452/701/648 3181/3717/3295
f 3192/3075/2770 3191/3074/2769 3190/3714/3292
f 3191/3074/2769 2482/1196/1086 831/1195/1085
f 3183/3718/3296 3191/3074/2769 3187/685/632
f 829/1198/1088 3191/3074/2769 831/1195/1085
f 3191/3074/2769 829/1198/1088 3187/685/632
f 3188/3713/3291 3192/3075/2770 3190/3714/3292
f 2475/3072/2767 3191/3074/2769 3192/3075/2770
f 3184/3716/3294 3190/3714/3292 3185/3719/3297
f 3190/3714/3292 3191/3074/2769 3185/3719/3297
f 3185/3719/3297 3191/3074/2769 3183/3718/3296
f 3185/3719/3297 3183/3718/3296 3180/1583/1436
f 3184/3716/3294 3185/3719/3297 3181/3717/3295
f 3185/3719/3297 3180/1583/1436 3181/3717/3295
f 3181/3717/3295 3180/1583/1436 1166/1582/1435
f 3183/3718/3296 3187/685/632 971/684/631
f 971/684/631 3180/1583/1436 3183/3718/3296
f 971/684/631 972/3720/3298 3180/1583/1436
f 971/684/631 969/1367/1236 972/3720/3298
f 972/3720/3298 1164/1581/1434 3180/1583/1436
f 1164/1581/1434 972/3720/3298 969/1367/1236
f 3207/3721/3299 921/1306/1180 3203/1305/1179
f 3202/3722/3300 3205/3723/1177 3208/3724/1175
f 3202/3722/3300 3199/3725/3301 3205/3723/1177
f 3199/3725/3301 3203/3726/1179 3205/3723/1177
f 3200/3727/3302 3203/3726/1179 3199/3725/3301
f 3199/3725/3301 1925/2438/2203 3200/3727/3302
f 3199/3725/3301 1924/2435/2200 1925/2438/2203
f 3207/3721/3299 3203/1305/1179 3200/3728/3302
f 3196/3729/3303 3197/3730/3304 3200/3727/3302
f 3200/3727/3302 1925/2438/2203 3196/3729/3303
f 3194/3731/3305 3197/3730/3304 1922/2443/2208
f 3197/3730/3304 3196/3729/3303 1922/2443/2208
f 3196/3729/3303 1925/2438/2203 1923/2439/2204
f 3196/3729/3303 1923/2439/2204 1922/2443/2208
f 921/1306/1180 3209/3732/3306 923/1307/1181
f 923/1307/1181 3209/3732/3306 3210/1309/1183
f 3210/1309/1183 3209/3732/3306 3204/3733/3307
f 3209/3732/3306 921/1306/1180 3207/3721/3299
f 3207/3721/3299 3204/3733/3307 3209/3732/3306
f 3200/3728/3302 3204/3733/3307 3207/3721/3299
f 3197/3734/3304 3204/3733/3307 3200/3728/3302
f 2090/2663/2408 3210/3735/1183 3204/3736/3307
f 3204/3736/3307 3198/3622/3217 2090/2663/2408
f 3206/3737/3308 3075/3628/3222 3198/3622/3217
f 3198/3622/3217 3201/3738/3309 3206/3737/3308
f 3194/3739/3305 3198/3622/3217 3197/3740/3304
f 3204/3736/3307 3197/3740/3304 3198/3622/3217
f 3075/3628/3222 3201/3738/3309 1936/3058/2753
f 3075/3628/3222 3206/3737/3308 3201/3738/3309
f 1936/3058/2753 3201/3738/3309 1934/2457/2220
f 1929/2459/2222 1934/2457/2220 3201/3738/3309
f 3201/3738/3309 3198/3622/3217 3195/2464/2227
f 3201/3738/3309 3195/2464/2227 1929/2459/2222
f 3194/3739/3305 3193/2465/2228 3198/3622/3217
f 3193/2465/2228 3195/2464/2227 3198/3622/3217
f 3194/3739/3305 1922/2450/2208 3193/2465/2228
f 3193/2465/2228 1922/2450/2208 1920/2452/2215
f 1920/2452/2215 1927/2466/2229 3193/2465/2228
f 3227/1742/1576 3225/1052/959 3223/3741/3310
f 3227/1742/1576 3223/3741/3310 3226/1743/1577
f 3227/1742/1576 706/1051/958 3225/1052/959
f 3226/1743/1577 1310/1750/1584 1314/1746/1580
f 3226/1743/1577 3223/3741/3310 1310/1750/1584
f 1310/1750/1584 3217/3742/3311 3220/1752/1586
f 3223/3741/3310 3217/3742/3311 1310/1750/1584
f 3223/3741/3310 3225/1052/959 3222/1049/956
f 3224/1818/1647 199/307/295 3222/1049/956
f 3222/1049/956 3216/3743/3312 3223/3741/3310
f 199/307/295 3216/3743/3312 3222/1049/956
f 3223/3741/3310 3216/3743/3312 3217/3742/3311
f 199/307/295 3219/308/296 3212/3744/3313
f 199/307/295 3212/3744/3313 3216/3743/3312
f 3224/1818/1647 1383/1824/1653 199/307/295
f 1310/1750/1584 3220/1752/1586 1309/1749/1583
f 3217/3742/3311 3215/3745/3314 3220/1752/1586
f 3220/1752/1586 3215/3745/3314 3221/1758/1592
f 3216/3743/3312 3212/3744/3313 3217/3742/3311
f 3221/1758/1592 3215/3745/3314 3218/2672/2416
f 3213/3746/3315 3218/2672/2416 3215/3745/3314
f 2353/2923/2638 3218/2672/2416 3213/3746/3315
f 2351/2925/2640 2353/2923/2638 3213/3746/3315
f 2449/3027/2722 3214/3028/2723 3219/308/296
f 3214/3028/2723 3212/3744/3313 3219/308/296
f 3214/3028/2723 2448/3029/2724 3212/3744/3313
f 3215/3745/3314 3217/3742/3311 3212/3744/3313
f 3215/3745/3314 3212/3744/3313 3211/3747/3316
f 3211/3747/3316 3213/3746/3315 3215/3745/3314
f 3211/3747/3316 3212/3744/3313 2446/3033/2728
f 3212/3744/3313 2448/3029/2724 2446/3033/2728
f 2448/3029/2724 2445/3031/2726 2446/3033/2728
f 3213/3746/3315 2347/2927/2642 2351/2925/2640
f 3211/3747/3316 2347/2927/2642 3213/3746/3315
f 3211/3747/3316 2446/3033/2728 2347/2927/2642
f 2446/3033/2728 2444/3034/2729 2347/2927/2642
f 2346/3748/2644 3042/3590/3192 1540/2028/1829
f 3228/2032/1833 1540/2028/1829 3042/3590/3192
f 3041/3588/3190 3228/2032/1833 3042/3590/3192
f 1539/2031/1832 3229/3592/3194 1544/2030/1831
f 1539/2031/1832 3228/2032/1833 3229/3592/3194
f 3229/3592/3194 3228/2032/1833 3041/3588/3190
f 2713/1511/1366 3233/3298/2953 468/1533/1387
f 3232/3749/3317 468/1533/1387 3233/3298/2953
f 3233/3298/2953 2710/3297/2952 3232/3749/3317
f 2710/3297/2952 2709/3299/2954 3232/3749/3317
f 1893/2029/1830 1544/2030/1831 2709/3299/2954
f 3230/3750/3318 2709/3299/2954 1544/2030/1831
f 2709/3299/2954 3230/3750/3318 3232/3749/3317
f 3046/3594/3196 3230/3750/3318 3043/3591/3193
f 468/1533/1387 3232/3749/3317 3231/1534/1388
f 3230/3750/3318 3231/1534/1388 3232/3749/3317
f 3231/1534/1388 3046/3594/3196 3051/134/132
f 3231/1534/1388 3230/3750/3318 3046/3594/3196
f 3229/3592/3194 3230/3750/3318 1544/2030/1831
f 3043/3591/3193 3230/3750/3318 3229/3592/3194
f 1666/2155/1945 3246/3751/3319 3244/3752/3320
f 1959/2498/2259 3395/2500/2261 3247/2152/1942
f 3247/2152/1942 1666/2155/1945 1670/2153/1943
f 3247/2152/1942 3246/3751/3319 1666/2155/1945
f 3247/2152/1942 3242/3753/3321 3246/3751/3319
f 1666/2155/1945 3244/3752/3320 3245/3754/3322
f 3245/3754/3322 3244/3752/3320 3239/3755/3323
f 3246/3751/3319 3242/3753/3321 3237/2388/2153
f 3237/2388/2153 3244/3752/3320 3246/3751/3319
f 3237/2388/2153 3240/3756/3324 3244/3752/3320
f 3237/2388/2153 1772/2297/2068 1865/2386/2151
f 3239/3755/3323 3244/3752/3320 3240/3756/3324
f 3237/2388/2153 3236/2389/2154 3240/3756/3324
f 1666/2155/1945 3245/3754/3322 1665/2158/1948
f 3245/3754/3322 3243/3757/3325 1665/2158/1948
f 3243/3757/3325 3241/3758/3326 1665/2158/1948
f 3239/3755/3323 3243/3757/3325 3245/3754/3322
f 3239/3755/3323 3241/3758/3326 3243/3757/3325
f 3241/3758/3326 997/1390/1253 1665/2158/1948
f 997/1390/1253 3241/3758/3326 2716/3291/2946
f 3238/3759/3327 3241/3758/3326 3234/3760/3328
f 3241/3758/3326 3238/3759/3327 2716/3291/2946
f 2716/3291/2946 3238/3759/3327 2714/3296/2951
f 3239/3755/3323 3240/3756/3324 3236/2389/2154
f 1864/2390/2155 3235/3761/3329 3236/2389/2154
f 1898/2393/2158 3234/3760/3328 1864/2390/2155
f 3235/3761/3329 1864/2390/2155 3234/3760/3328
f 3234/3760/3328 3239/3755/3323 3235/3761/3329
f 3239/3755/3323 3236/2389/2154 3235/3761/3329
f 3239/3755/3323 3234/3760/3328 3241/3758/3326
f 3238/3759/3327 3234/3760/3328 2714/3296/2951
f 2712/3294/2949 2714/3296/2951 3234/3760/3328
f 2712/3294/2949 3234/3760/3328 1898/2393/2158
f 3259/3762/3330 1889/2415/2180 3252/3763/3331
f 3254/3764/3332 3258/3765/3333 3259/3762/3330
f 3256/3766/3334 1889/2415/2180 3259/3762/3330
f 3259/3762/3330 3252/3763/3331 3254/3764/3332
f 3252/3763/3331 1885/2411/2176 3254/3764/3332
f 1889/2415/2180 1888/2414/2179 3252/3763/3331
f 3258/3765/3333 3254/3764/3332 3255/1986/1787
f 3258/3765/3333 3255/1986/1787 3260/3767/3335
f 3255/1986/1787 3257/3768/3336 3260/3767/3335
f 3255/1986/1787 1515/1988/1789 1518/1990/1791
f 1518/1990/1791 3257/3768/3336 3255/1986/1787
f 3258/3765/3333 3261/3769/3337 3259/3762/3330
f 3258/3765/3333 3260/3767/3335 3261/3769/3337
f 3254/3764/3332 1885/2411/2176 3250/3770/3338
f 3249/1987/1788 3255/1986/1787 3250/3770/3338
f 3248/2410/2175 3249/1987/1788 3250/3770/3338
f 3254/3764/3332 3250/3770/3338 3255/1986/1787
f 2594/2409/2174 2597/3179/2853 3248/2410/2175
f 2597/3179/2853 3249/1987/1788 3248/2410/2175
f 2597/3179/2853 1513/1991/1792 3249/1987/1788
f 3250/3770/3338 1885/2411/2176 3248/2410/2175
f 1888/2414/2179 1885/2411/2176 3252/3763/3331
f 3256/3766/3334 3253/3771/3339 1889/2415/2180
f 1889/2415/2180 3253/3771/3339 1886/2413/2178
f 3253/3771/3339 1337/3772/3340 3251/3773/3341
f 1337/3772/3340 1336/1770/1601 3251/3773/3341
f 1336/1770/1601 1335/1772/1603 3251/3773/3341
f 3253/3771/3339 1887/2418/2183 1886/2413/2178
f 3251/3773/3341 1887/2418/2183 3253/3771/3339
f 1334/1774/1605 3251/3773/3341 1335/1772/1603
f 3251/3773/3341 1334/1774/1605 1887/2418/2183
f 1332/1778/1609 1883/2417/2182 1887/2418/2183
f 1887/2418/2183 1334/1774/1605 1332/1778/1609
f 3263/3774/3342 3260/3767/3335 3257/3768/3336
f 3263/3774/3342 3257/3768/3336 1521/1993/1794
f 3263/3774/3342 1521/1993/1794 1522/1920/1735
f 1518/1990/1791 1521/1993/1794 3257/3768/3336
f 1521/1993/1794 1518/1990/1791 1516/1994/1795
f 3259/3762/3330 3261/3769/3337 3262/3775/3343
f 3262/3775/3343 3261/3769/3337 3266/3776/3344
f 2441/97/97 2440/3021/2716 2443/3019/2714
f 2440/3021/2716 2437/3023/2718 2443/3019/2714
f 3270/3020/2715 3264/3777/3345 3267/3778/3346
f 3270/3020/2715 2443/3019/2714 3264/3777/3345
f 2443/3019/2714 2437/3023/2718 3264/3777/3345
f 3262/3775/3343 3256/3766/3334 3259/3762/3330
f 3253/3771/3339 2435/3025/2720 1337/3772/3340
f 1336/1770/1601 1337/3772/3340 2435/3025/2720
f 2435/3025/2720 2431/3024/2719 1336/1770/1601
f 3267/3778/3346 3262/3775/3343 3266/3776/3344
f 3262/3775/3343 3267/3778/3346 3264/3777/3345
f 3262/3775/3343 2435/3025/2720 3256/3766/3334
f 3256/3766/3334 2435/3025/2720 3253/3771/3339
f 3264/3777/3345 2435/3025/2720 3262/3775/3343
f 3264/3777/3345 2437/3023/2718 2435/3025/2720
f 1649/2144/1934 3269/3779/3347 3271/3780/3348
f 3269/3779/3347 3268/3781/3349 3271/3780/3348
f 3268/3781/3349 64/86/86 3273/3782/3350
f 256/89/89 3273/3782/3350 64/86/86
f 3273/3782/3350 256/89/89 3274/2139/1930
f 3274/2139/1930 256/89/89 264/438/408
f 3273/3782/3350 3274/2139/1930 3271/3780/3348
f 3271/3780/3348 3268/3781/3349 3273/3782/3350
f 3266/3776/3344 3265/3783/3351 3268/3781/3349
f 3266/3776/3344 3260/3767/3335 3265/3783/3351
f 1522/1920/1735 61/91/91 3265/3783/3351
f 3265/3783/3351 3263/3774/3342 1522/1920/1735
f 3260/3767/3335 3263/3774/3342 3265/3783/3351
f 3266/3776/3344 3268/3781/3349 3269/3779/3347
f 3266/3776/3344 3261/3769/3337 3260/3767/3335
f 3265/3783/3351 62/87/87 3268/3781/3349
f 3268/3781/3349 62/87/87 64/86/86
f 3265/3783/3351 61/91/91 62/87/87
f 1648/2140/1931 3270/3020/2715 3272/3784/3352
f 1649/2144/1934 3272/3784/3352 3269/3779/3347
f 1649/2144/1934 1648/2140/1931 3272/3784/3352
f 3267/3778/3346 3269/3779/3347 3272/3784/3352
f 3270/3020/2715 3267/3778/3346 3272/3784/3352
f 3270/3020/2715 1648/2140/1931 70/98/98
f 1649/2144/1934 3271/3780/3348 3274/2139/1930
f 3267/3778/3346 3266/3776/3344 3269/3779/3347
f 2417/2990/2690 2795/3388/3025 2259/2823/2551
f 2795/3388/3025 2257/2824/2552 2259/2823/2551
f 3275/2828/2556 2257/2824/2552 2795/3388/3025
f 2052/2604/2355 2793/2992/2692 3275/2828/2556
f 2794/3392/3028 2052/2604/2355 3275/2828/2556
f 2052/2604/2355 954/1344/1213 2255/1347/1216
f 3276/1600/1453 1173/1597/1450 202/316/304
f 3276/1600/1453 344/1082/983 346/1601/1454
f 3276/1600/1453 827/1085/986 344/1082/983
f 1234/1665/1512 1233/1666/1513 3276/1600/1453
f 3276/1600/1453 1233/1666/1513 827/1085/986
f 1233/1666/1513 3277/1150/1046 827/1085/986
f 826/1194/1084 870/1249/1128 827/1085/986
f 827/1085/986 870/1249/1128 738/1086/987
f 738/1086/987 870/1249/1128 2719/1276/1153
f 738/1086/987 2719/1276/1153 737/1088/989
f 870/1249/1128 869/1250/1129 2719/1276/1153
f 869/1250/1129 1232/1659/1506 2719/1276/1153
f 1003/1406/1267 1368/1808/1637 1068/1473/1331
f 3284/3785/3353 1369/539/498 339/538/497
f 3284/3785/3353 3282/3786/3354 3283/3787/3355
f 1368/1808/1637 1369/539/498 3283/3787/3355
f 3283/3787/3355 3280/3788/3356 1368/1808/1637
f 1369/539/498 3284/3785/3353 3283/3787/3355
f 3283/3787/3355 3282/3786/3354 3281/3789/3357
f 3281/3789/3357 3278/3790/3358 3280/3788/3356
f 3278/3790/3358 2909/3478/3099 993/1389/1252
f 2909/3478/3099 3279/3791/3359 2908/3476/3097
f 3279/3791/3359 2909/3478/3099 3278/3790/3358
f 3279/3791/3359 3278/3790/3358 3282/3786/3354
f 3281/3789/3357 3282/3786/3354 3278/3790/3358
f 3280/3788/3356 1068/1473/1331 1368/1808/1637
f 1068/1473/1331 3280/3788/3356 994/1388/1251
f 3280/3788/3356 3283/3787/3355 3281/3789/3357
f 994/1388/1251 3280/3788/3356 993/1389/1252
f 3278/3790/3358 993/1389/1252 3280/3788/3356
f 1360/1804/1633 1162/1585/1438 3290/1805/1634
f 688/1722/932 1293/1724/1560 1292/1723/1559
f 3292/1803/1632 3286/3792/1562 3293/1025/933
f 688/1024/932 3293/1025/933 3286/3792/1562
f 1293/3793/1560 688/1024/932 3286/3792/1562
f 3290/1805/1634 3286/3792/1562 3292/1803/1632
f 3290/1805/1634 3288/3794/3360 3286/3792/1562
f 3286/3792/1562 3288/3794/3360 1262/3795/1527
f 1262/1728/1527 1290/1727/1563 3286/1726/1562
f 1163/1586/1439 3289/3796/3361 3291/1587/1440
f 1163/1586/1439 1073/3797/894 3289/3796/3361
f 1073/3797/894 1163/1586/1439 655/1369/893
f 3290/1805/1634 1162/1585/1438 3288/3794/3360
f 3288/3794/3360 1162/1585/1438 3291/1587/1440
f 3288/3794/3360 3291/1587/1440 3287/3798/3362
f 3291/1587/1440 3289/3796/3361 3287/3798/3362
f 3287/3798/3362 1262/3795/1527 3288/3794/3360
f 3289/3799/3361 1261/1685/1528 3287/3800/3362
f 1262/1684/1527 3287/3800/3362 1261/1685/1528
f 1073/3797/894 3285/3801/1334 3289/3796/3361
f 3289/3799/3361 3285/1476/1334 1261/1685/1528
f 3285/1476/1334 885/1271/1148 1261/1685/1528
f 2732/2159/1949 3299/3802/3363 2734/3324/2972
f 2734/3324/2972 3299/3802/3363 3304/3803/3364
f 2742/3328/2975 2737/3329/2976 3138/3681/3264
f 2737/3329/2976 3305/3682/3266 3138/3681/3264
f 2737/3329/2976 3304/3803/3364 3305/3682/3266
f 2737/3329/2976 2734/3324/2972 3304/3803/3364
f 3299/3802/3363 3301/3804/3365 3304/3803/3364
f 3300/3805/3366 3301/3804/3365 3299/3802/3363
f 3304/3803/3364 3301/3804/3365 3303/3806/3367
f 3298/1392/1255 2732/2159/1949 998/1393/1256
f 3298/1392/1255 3299/3802/3363 2732/2159/1949
f 3296/3807/3368 3300/3805/3366 3299/3802/3363
f 3298/1392/1255 3296/3807/3368 3299/3802/3363
f 995/1394/1257 3296/3807/3368 3298/1392/1255
f 1098/1508/1363 3296/3807/3368 995/1394/1257
f 3300/3805/3366 3295/3808/3369 3297/3809/3370
f 3297/3809/3370 3301/3804/3365 3300/3805/3366
f 3302/3810/3371 3303/3806/3367 3301/3804/3365
f 2757/3333/2980 3302/3810/3371 2756/3330/2977
f 3132/3694/3274 3303/3806/3367 3302/3810/3371
f 3132/3694/3274 3302/3810/3371 2757/3333/2980
f 3302/3810/3371 3301/3804/3365 2756/3330/2977
f 3297/3809/3370 2756/3330/2977 3301/3804/3365
f 3297/3809/3370 2753/3331/2978 2756/3330/2977
f 3296/3807/3368 3295/3808/3369 3300/3805/3366
f 1098/1508/1363 3294/1507/1362 3296/3807/3368
f 3296/3807/3368 3294/1507/1362 3295/3808/3369
f 3295/3808/3369 2750/3336/2983 2753/3331/2978
f 3295/3808/3369 2753/3331/2978 3297/3809/3370
f 3294/1507/1362 2750/3336/2983 3295/3808/3369
f 3305/3682/3266 3304/3803/3364 3133/3686/3268
f 3133/3686/3268 3304/3803/3364 3303/3806/3367
f 3133/3686/3268 3303/3806/3367 3132/3694/3274
f 1589/398/374 3310/397/373 3309/304/292
f 3309/304/292 1387/1823/1652 1589/398/374
f 1589/398/374 1387/1823/1652 1388/1822/1651
f 1387/1823/1652 3309/304/292 200/306/294
f 3309/304/292 3310/397/373 1499/1972/1777
f 3309/304/292 3308/3811/3372 198/305/293
f 1499/1972/1777 2498/3089/2783 1614/1970/1775
f 2498/3089/2783 1499/1972/1777 3310/397/373
f 1495/1973/1778 3308/3811/3372 1499/1972/1777
f 1499/1972/1777 3308/3811/3372 3309/304/292
f 3308/3811/3372 1495/1973/1778 3307/1975/1780
f 3308/3811/3372 2451/309/297 198/305/293
f 3308/3811/3372 3307/1975/1780 2451/309/297
f 2451/309/297 3307/1975/1780 3306/169/165
f 111/168/164 352/544/502 3306/169/165
f 3322/2561/2315 3320/2771/2503 2204/2767/2499
f 330/525/485 3322/2561/2315 2204/2767/2499
f 3322/2561/2315 2018/2566/2320 3321/3812/3373
f 2019/2560/2314 2018/2566/2320 3322/2561/2315
f 2018/2566/2320 3319/3813/3374 3321/3812/3373
f 3321/3812/3373 3320/2771/2503 3322/2561/2315
f 3321/3812/3373 3317/3814/3375 3320/2771/2503
f 3319/3813/3374 3317/3814/3375 3321/3812/3373
f 3319/3813/3374 3316/3815/3376 3317/3814/3375
f 2016/2563/2317 3319/3813/3374 2018/2566/2320
f 3319/3813/3374 2016/2563/2317 90/126/124
f 90/126/124 3315/3816/3377 3319/3813/3374
f 3316/3815/3376 3319/3813/3374 3315/3816/3377
f 90/126/124 114/171/167 3315/3816/3377
f 114/171/167 90/126/124 88/128/126
f 3315/3816/3377 114/171/167 3316/3815/3376
f 2201/2770/2502 3320/2771/2503 2200/2776/2506
f 3320/2771/2503 3317/3814/3375 2200/2776/2506
f 3317/3814/3375 3316/3815/3376 3314/3817/3378
f 2200/2778/2506 3317/3818/3375 3318/3819/3379
f 2200/2778/2506 3318/3819/3379 2199/2779/2507
f 3318/3819/3379 3410/3820/3380 2199/2779/2507
f 3313/3821/3381 3410/3820/3380 3318/3819/3379
f 3317/3814/3375 3314/3817/3378 3318/3822/3379
f 3314/3823/3378 3313/3821/3381 3318/3819/3379
f 3314/3823/3378 3312/3824/3382 3313/3821/3381
f 3312/3824/3382 612/919/838 3313/3821/3381
f 612/919/838 3311/921/840 3313/3821/3381
f 3313/3821/3381 3311/921/840 3405/3825/3383
f 3316/3815/3376 114/171/167 3314/3817/3378
f 3312/3826/3382 3314/3817/3378 114/171/167
f 114/171/167 113/173/169 3312/3826/3382
f 113/917/169 612/919/838 3312/3824/3382
f 612/919/838 611/918/837 3311/921/840
f 3311/921/840 133/203/197 134/205/199
f 579/843/771 3326/842/770 578/863/791
f 578/863/791 3326/842/770 3325/865/793
f 3325/865/793 575/866/794 577/864/792
f 3328/3827/3384 3326/842/770 234/377/357
f 3328/3827/3384 234/377/357 3327/3828/3385
f 556/841/769 232/376/356 3326/842/770
f 234/377/357 3326/842/770 232/376/356
f 3328/3827/3384 3327/3828/3385 1681/2169/1956
f 3328/3827/3384 1681/2169/1956 3326/842/770
f 3326/842/770 1681/2169/1956 3325/865/793
f 669/998/910 575/866/794 157/244/238
f 575/866/794 3324/2168/1955 157/244/238
f 3324/2168/1955 575/866/794 3325/865/793
f 1681/2169/1956 3324/2168/1955 3325/865/793
f 157/244/238 3324/2168/1955 158/246/240
f 234/377/357 3323/3829/3386 3327/3828/3385
f 3327/3828/3385 3323/3830/3386 1681/2169/1956
f 1681/2169/1956 3323/3830/3386 1678/2170/1957
f 3323/3831/3386 234/3832/357 231/382/360
f 234/3832/357 233/379/354 231/382/360
f 266/381/359 268/1355/1224 231/382/360
f 268/1355/1224 3415/3833/3387 3323/3831/3386
f 3323/3831/3386 231/382/360 268/1355/1224
f 1593/2174/1959 3323/3831/3386 3415/3833/3387
f 1593/2174/1959 1678/2172/1957 3323/3831/3386
f 749/36/36 1215/1104/1005 3329/37/37
f 748/1103/1004 1212/1645/1494 1215/1104/1005
f 3338/3834/3388 3335/3835/3389 3339/2016/1817
f 1534/2014/1815 3354/3836/3390 3339/2016/1817
f 3354/3836/3390 3338/3834/3388 3339/2016/1817
f 3339/2016/1817 3335/3835/3389 3337/3837/3391
f 3336/3838/3392 3332/3839/3393 3335/3835/3389
f 3332/3839/3393 3336/3838/3392 521/788/728
f 3332/3839/3393 3331/3840/3394 3335/3835/3389
f 3332/3839/3393 521/788/728 3329/37/37
f 3332/3839/3393 3329/37/37 3331/3840/3394
f 22/35/35 3329/37/37 521/788/728
f 3354/3836/3390 3336/3838/3392 3335/3835/3389
f 1531/1674/1521 3334/3841/3395 3333/1670/1517
f 3333/1670/1517 20/29/29 1531/1674/1521
f 3337/3837/3391 3335/3835/3389 3334/3841/3395
f 3337/3837/3391 1532/2018/1819 3339/2016/1817
f 1532/2018/1819 3337/3837/3391 3334/3841/3395
f 3334/3841/3395 1531/1674/1521 1532/2018/1819
f 1252/261/253 1268/2020/1821 1531/1674/1521
f 1531/1674/1521 20/29/29 1250/1673/1520
f 3335/3835/3389 3331/3840/3394 3334/3841/3395
f 3333/1670/1517 3334/3841/3395 3331/3840/3394
f 3330/1643/1492 3329/37/37 1215/1104/1005
f 3331/3840/3394 3329/37/37 3330/1643/1492
f 3333/1670/1517 3331/3840/3394 3330/1643/1492
f 3330/1643/1492 19/30/30 3333/1670/1517
f 3279/3791/3359 3340/3842/3396 319/506/472
f 2908/3476/3097 3279/3791/3359 319/506/472
f 2915/3487/3108 3343/3843/3397 2917/3483/3104
f 3343/3843/3397 2915/3487/3108 2913/3480/3101
f 3342/3844/3398 2913/3480/3101 3341/3845/3399
f 2913/3480/3101 2911/3488/3109 3341/3845/3399
f 3343/3843/3397 2913/3480/3101 3342/3844/3398
f 3341/3845/3399 640/957/876 467/714/661
f 2911/3488/3109 640/957/876 3341/3845/3399
f 641/3490/3111 640/957/876 2911/3488/3109
f 339/538/497 1855/2380/2147 3284/3785/3353
f 1854/537/496 1855/2380/2147 339/538/497
f 1855/2380/2147 3344/3846/3400 3282/3786/3354
f 3282/3786/3354 3344/3846/3400 3279/3791/3359
f 1855/2380/2147 3282/3786/3354 3284/3785/3353
f 2917/3483/3104 3343/3843/3397 3344/3846/3400
f 2917/3483/3104 3344/3846/3400 3345/2382/2149
f 1855/2380/2147 3345/2382/2149 3344/3846/3400
f 1856/2381/2148 2917/3483/3104 3345/2382/2149
f 3342/3844/3398 319/506/472 3340/3842/3396
f 3344/3846/3400 3343/3843/3397 3279/3791/3359
f 3343/3843/3397 3340/3842/3396 3279/3791/3359
f 3342/3844/3398 3340/3842/3396 3343/3843/3397
f 467/714/661 319/506/472 3342/3844/3398
f 467/714/661 318/505/471 319/506/472
f 3342/3844/3398 3341/3845/3399 467/714/661
f 3036/1732/1567 3349/3847/3401 1294/1731/1566
f 1298/1734/1569 1295/1733/1568 2395/1736/1571
f 1296/1735/1570 1294/1731/1566 3350/3848/3402
f 1294/1731/1566 3349/3847/3401 3350/3848/3402
f 1296/1735/1570 3350/3848/3402 1295/1733/1568
f 3032/3585/3187 3349/3847/3401 3036/1732/1567
f 1833/2353/2121 3347/3643/3233 3030/3586/3188
f 3030/3586/3188 3347/3643/3233 3032/3585/3187
f 3032/3585/3187 3347/3643/3233 3349/3847/3401
f 3348/3849/3403 3349/3847/3401 3347/3643/3233
f 3350/3848/3402 3349/3847/3401 3348/3849/3403
f 3348/3849/3403 3346/3850/3404 3350/3848/3402
f 3117/3648/3238 3346/3850/3404 3348/3849/3403
f 3347/3643/3233 3115/3642/3232 3348/3849/3403
f 3115/3642/3232 3117/3648/3238 3348/3849/3403
f 3351/3851/3405 3352/3852/3406 2395/1736/1571
f 3352/3852/3406 2394/2970/2675 2395/1736/1571
f 3346/3850/3404 2395/1736/1571 1295/1733/1568
f 2395/1736/1571 3346/3850/3404 3351/3851/3405
f 2394/2970/2675 3352/3852/3406 1494/3853/1764
f 1494/3853/1764 3352/3852/3406 1490/3854/1768
f 2394/2971/2675 1494/1955/1764 2393/2972/2676
f 1494/3853/1764 1490/3854/1768 1491/3855/1765
f 1490/3854/1768 3352/3852/3406 3351/3851/3405
f 3351/3851/3405 3346/3850/3404 1490/3854/1768
f 3350/3848/3402 3346/3850/3404 1295/1733/1568
f 3116/3651/3241 3346/3850/3404 3117/3648/3238
f 3116/3651/3241 3110/3654/3244 3346/3850/3404
f 3346/3850/3404 3110/3654/3244 1490/3854/1768
f 1490/3854/1768 3110/3654/3244 1486/3856/1773
f 1486/3856/1773 1488/3857/1769 1490/3854/1768
f 1486/3856/1773 3110/3654/3244 624/3658/853
f 854/1225/1108 3360/1227/1110 3362/3858/3407
f 3360/1227/1110 853/1226/1109 3358/3369/3011
f 3360/1227/1110 3361/3859/3408 3362/3858/3407
f 3361/3859/3408 3360/1227/1110 3355/3860/3409
f 3360/3861/1110 3356/3862/3410 3355/3863/3409
f 3361/3864/3408 3355/3863/3409 3359/3865/3411
f 3360/3861/1110 3358/3370/3011 3356/3862/3410
f 3358/3370/3011 152/1608/1461 3074/3612/3210
f 3074/3612/3210 3356/3862/3410 3358/3370/3011
f 3355/3863/3409 3356/3862/3410 3353/3866/3412
f 3356/3862/3410 3074/3612/3210 3353/3866/3412
f 3072/3614/3212 520/789/729 3074/3612/3210
f 520/789/729 3353/3866/3412 3074/3612/3210
f 3361/3859/3408 3359/3867/3411 3387/3868/3413
f 3359/3865/3411 3357/2013/1814 1702/2204/1986
f 3359/3865/3411 3355/3863/3409 3354/3836/3390
f 3359/3865/3411 3354/3836/3390 3357/2013/1814
f 3357/2013/1814 3354/3836/3390 1534/2014/1815
f 3353/3866/3412 3354/3836/3390 3355/3863/3409
f 521/788/728 3354/3836/3390 3353/3866/3412
f 521/788/728 3336/3838/3392 3354/3836/3390
f 520/789/729 521/788/728 3353/3866/3412
f 3338/3834/3388 3354/3836/3390 3335/3835/3389
f 722/3869/966 3366/108/107 3368/3870/3414
f 77/109/104 3366/108/107 722/3869/966
f 3365/3871/3415 3366/108/107 1592/2083/1879
f 1538/3872/3416 3365/3871/3415 1592/2083/1879
f 1538/3872/3416 1537/2022/1823 3365/3871/3415
f 3365/3871/3415 1537/2022/1823 3364/3873/3417
f 3366/108/107 3365/3871/3415 3368/3870/3414
f 3365/3871/3415 3364/3873/3417 3368/3870/3414
f 722/1060/966 3368/3874/3414 720/1059/829
f 3368/3875/3414 605/909/830 720/908/829
f 3368/3875/3414 3367/3876/3418 605/909/830
f 3367/3876/3418 798/310/298 605/909/830
f 3367/3877/3418 3368/3870/3414 3364/3873/3417
f 3367/3876/3418 10/9/9 798/310/298
f 1536/391/369 3363/390/368 1537/2022/1823
f 3364/3878/3417 10/9/9 3367/3879/3418
f 1537/2022/1823 3363/390/368 3364/3873/3417
f 3363/393/368 10/9/9 3364/3878/3417
f 10/9/9 3363/393/368 237/7/7
f 3384/3185/2859 2781/3186/2860 3379/3372/3012
f 3384/3185/2859 3379/3372/3012 3374/3880/3419
f 2586/3183/2857 3384/3185/2859 3386/3881/3420
f 2586/3183/2857 3386/3881/3420 2588/3187/2861
f 3386/3881/3420 3385/3882/3421 2588/3187/2861
f 3382/3883/3422 3386/3881/3420 3384/3185/2859
f 3382/3883/3422 3384/3185/2859 3374/3880/3419
f 3386/3881/3420 3382/3883/3422 3380/3884/3423
f 3375/3885/3424 3382/3886/3422 3374/3887/3419
f 3382/3886/3422 3375/3885/3424 3380/3888/3423
f 3374/3880/3419 3379/3372/3012 3376/3373/3013
f 2780/2879/2601 3376/3373/3013 3379/3372/3012
f 3376/3374/3013 3371/3889/3425 3374/3887/3419
f 2315/2885/2606 3371/3889/3425 3376/3374/3013
f 3369/3890/3426 3371/3889/3425 2315/2885/2606
f 2315/2885/2606 2310/2333/2101 3369/3890/3426
f 2310/2333/2101 1819/2332/2100 3369/3890/3426
f 3372/3891/3427 3375/3885/3424 3374/3887/3419
f 3374/3887/3419 3370/3550/3161 3372/3891/3427
f 3374/3887/3419 3371/3889/3425 3370/3550/3161
f 3370/3550/3161 2994/3554/3165 3372/3891/3427
f 3370/3550/3161 2993/3548/3159 2994/3554/3165
f 3371/3889/3425 3369/3890/3426 3370/3550/3161
f 1819/2332/2100 3370/3550/3161 3369/3890/3426
f 2588/3187/2861 3385/3882/3421 3383/3190/2864
f 3386/3881/3420 3378/3892/3428 3385/3882/3421
f 3383/3190/2864 3385/3882/3421 3381/3893/3429
f 3386/3881/3420 3380/3884/3423 3378/3892/3428
f 3380/3888/3423 3377/3894/3430 3378/3895/3428
f 3378/3892/3428 3381/3893/3429 3385/3882/3421
f 3377/3894/3430 3381/3896/3429 3378/3895/3428
f 1581/1183/1075 3383/3190/2864 809/1184/1076
f 809/1184/1076 3383/3190/2864 3208/1301/1175
f 3383/3190/2864 3381/3893/3429 3208/1301/1175
f 3381/3896/3429 3202/3722/3300 3208/3724/1175
f 3375/3885/3424 3377/3894/3430 3380/3888/3423
f 3372/3891/3427 3377/3894/3430 3375/3885/3424
f 3377/3894/3430 3372/3891/3427 3373/3897/3431
f 3377/3894/3430 3373/3897/3431 3202/3722/3300
f 2995/3552/3163 3373/3897/3431 2994/3554/3165
f 3381/3896/3429 3377/3894/3430 3202/3722/3300
f 3373/3897/3431 2995/3552/3163 3202/3722/3300
f 2995/3552/3163 3199/3725/3301 3202/3722/3300
f 1921/2436/2201 2995/3552/3163 2994/3554/3165
f 2995/3552/3163 1924/2435/2200 3199/3725/3301
f 3372/3891/3427 2994/3554/3165 3373/3897/3431
f 458/1893/1710 3391/3898/3432 2861/3899/3065
f 3391/3898/3432 458/1893/1710 1438/1892/1713
f 1438/1892/1713 3388/3900/3433 3391/3898/3432
f 2861/3899/3065 3391/3898/3432 2858/3438/3068
f 3388/3900/3433 3390/3901/3434 3391/3898/3432
f 1438/1892/1713 854/1225/1108 3362/3858/3407
f 3362/3858/3407 3388/3900/3433 1438/1892/1713
f 3361/3859/3408 3388/3900/3433 3362/3858/3407
f 3391/3898/3432 3390/3901/3434 2858/3438/3068
f 3390/3901/3434 3388/3900/3433 3389/3902/3435
f 2858/3438/3068 3390/3901/3434 3389/3902/3435
f 2858/3438/3068 1708/2200/1982 465/85/85
f 3389/3902/3435 1708/2200/1982 2858/3438/3068
f 3389/3902/3435 1705/3903/3436 1708/2200/1982
f 1708/2200/1982 1705/3903/3436 1704/2201/1983
f 1703/3596/1985 3389/3902/3435 3388/3900/3433
f 3387/3868/3413 1703/3596/1985 3388/3900/3433
f 3388/3900/3433 3361/3859/3408 3387/3868/3413
f 3387/3904/3413 3359/3865/3411 1702/2204/1986
f 1705/3903/3436 3389/3902/3435 1703/3596/1985
f 3387/3904/3413 1702/2204/1986 1703/2203/1985
f 1703/3596/1985 1704/2201/1983 1705/3903/3436
f 1747/2244/2022 1746/2242/2020 2146/2705/2444
f 2146/2705/2444 1746/2242/2020 3396/3905/2027
f 2146/2705/2444 3396/3905/2027 2145/2709/2448
f 2145/2714/2448 3396/2252/2027 2140/2715/2453
f 1742/2250/2026 3392/2254/2029 3396/2252/2027
f 2140/2715/2453 3396/2252/2027 3392/2254/2029
f 2140/2715/2453 3392/2254/2029 3394/2717/2454
f 3394/2717/2454 2137/2716/2452 2140/2715/2453
f 1783/2285/2059 1782/195/191 3394/2717/2454
f 130/197/193 3394/2717/2454 1782/195/191
f 3394/2717/2454 3392/2254/2029 1783/2285/2059
f 1741/2257/2032 1740/2259/2034 3393/2253/2028
f 3392/2254/2029 3393/2253/2028 1774/2286/2060
f 1774/2286/2060 3393/2253/2028 1775/6/6
f 3393/2253/2028 1740/2259/2034 1777/2290/2063
f 1777/2290/2063 1740/2259/2034 2631/3218/2891
f 1777/2290/2063 1775/6/6 3393/2253/2028
f 2631/3218/2891 9/4/4 1777/2290/2063
f 1953/2296/2067 1779/2294/2065 1780/2295/2066
f 1954/2496/2257 1953/2296/2067 1780/2295/2066
f 543/2151/1941 1959/2498/2259 3247/2152/1942
f 3247/2152/1942 3395/2500/2261 3242/3753/3321
f 3395/2500/2261 1957/2494/2255 1954/2496/2257
f 3395/2500/2261 1954/2496/2257 3242/3753/3321
f 1778/2298/2069 1772/2297/2068 3242/3753/3321
f 3237/2388/2153 3242/3753/3321 1772/2297/2068
f 1778/2298/2069 3242/3753/3321 1954/2496/2257
f 1778/2298/2069 1954/2496/2257 1780/2295/2066
f 3401/3906/3437 3400/2377/2144 3404/3907/3438
f 3313/3821/3381 3405/3825/3383 3410/3820/3380
f 3410/3820/3380 3405/3825/3383 3409/3908/3439
f 3405/3825/3383 3404/3907/3438 3409/3908/3439
f 3408/3909/3440 3404/3907/3438 3406/3910/3441
f 3404/3907/3438 3408/3909/3440 3409/3908/3439
f 3405/3825/3383 3399/3911/3442 3402/3912/3443
f 134/205/199 2918/3486/3107 3399/3911/3442
f 3405/3825/3383 3311/921/840 3399/3911/3442
f 3311/921/840 134/205/199 3399/3911/3442
f 3405/3825/3383 3402/3912/3443 3401/3906/3437
f 3404/3907/3438 3405/3825/3383 3401/3906/3437
f 3402/3912/3443 3398/3484/3105 3401/3906/3437
f 3399/3911/3442 3398/3484/3105 3402/3912/3443
f 3399/3911/3442 2918/3486/3107 3398/3484/3105
f 3398/3484/3105 2918/3486/3107 3397/3485/3106
f 1859/2375/2142 3403/2376/2143 3400/2377/2144
f 3406/3910/3441 3404/3907/3438 3403/2376/2143
f 3400/2377/2144 3403/2376/2143 3404/3907/3438
f 3406/3910/3441 3403/2376/2143 3407/3913/3444
f 84/1594/1447 3403/2376/2143 1168/1593/1446
f 3407/3913/3444 3403/2376/2143 84/1594/1447
f 3406/3910/3441 3407/3913/3444 84/1594/1447
f 3452/3914/3445 3408/3909/3440 3406/3910/3441
f 3398/3484/3105 1858/2379/2146 3400/2377/2144
f 3400/2377/2144 1858/2379/2146 1857/2378/2145
f 3401/3906/3437 3398/3484/3105 3400/2377/2144
f 1858/2379/2146 3398/3484/3105 1856/2381/2148
f 962/1354/1223 961/2469/2232 268/1355/1224
f 961/2469/2232 3415/3833/3387 268/1355/1224
f 3413/3915/3446 3415/3833/3387 961/2469/2232
f 1941/2468/2231 3413/3915/3446 961/2469/2232
f 1593/2174/1959 3415/3833/3387 1538/3872/3416
f 1593/2174/1959 1538/3872/3416 1592/2083/1879
f 3415/3833/3387 3414/3916/3447 1538/3872/3416
f 3415/3833/3387 3413/3915/3446 3414/3916/3447
f 1943/2474/2237 3413/3915/3446 1941/2468/2231
f 3412/2021/1822 3414/3916/3447 3413/3915/3446
f 1538/3872/3416 3414/3916/3447 1537/2022/1823
f 3414/3916/3447 3412/2021/1822 1537/2022/1823
f 1943/2474/2237 3412/2021/1822 3413/3915/3446
f 3411/3917/3448 3412/2021/1822 1943/2474/2237
f 1942/2476/2239 3411/3917/3448 1943/2474/2237
f 331/527/487 3411/3917/3448 1942/2476/2239
f 332/526/486 3411/3917/3448 331/527/487
f 3411/3917/3448 332/526/486 3412/2021/1822
f 1868/2404/2169 1657/2150/1940 3420/3918/3449
f 1657/2150/1940 1868/2404/2169 1867/53/53
f 1657/2150/1940 3422/2149/1939 3420/3918/3449
f 3419/2145/1935 3420/3918/3449 3422/2149/1939
f 3416/237/231 2950/3517/3134 1653/235/229
f 2950/3517/3134 3417/3919/3450 3419/2145/1935
f 1653/235/229 2950/3517/3134 3419/2145/1935
f 2950/3517/3134 3416/237/231 2949/238/232
f 2034/2228/2006 2949/238/232 2064/236/230
f 3420/3918/3449 3419/2145/1935 3417/3919/3450
f 2950/3517/3134 2952/3920/3135 3417/3919/3450
f 2948/3514/3132 2952/3920/3135 2950/3517/3134
f 3424/2403/2168 3423/3921/3451 1869/2402/2167
f 3424/2403/2168 3421/3922/3452 3423/3921/3451
f 1871/989/903 1872/2394/2159 1869/2402/2167
f 1869/2402/2167 3423/3921/3451 1871/989/903
f 3423/3921/3451 660/985/899 1871/989/903
f 657/983/900 660/985/899 3423/3921/3451
f 2952/3920/3135 3418/3923/1376 3421/3922/3452
f 3423/3921/3451 3421/3922/3452 657/983/900
f 657/983/900 3421/3922/3452 3418/3923/1376
f 2952/3518/3135 2951/3515/3133 3418/1521/1376
f 3418/3923/1376 1106/3924/1374 657/983/900
f 1580/2074/1375 230/987/901 1106/3925/1374
f 1106/3924/1374 230/986/901 657/983/900
f 3424/2403/2168 3420/3918/3449 3421/3922/3452
f 3424/2403/2168 1868/2404/2169 3420/3918/3449
f 3417/3919/3450 3421/3922/3452 3420/3918/3449
f 3417/3919/3450 2952/3920/3135 3421/3922/3452
f 3132/3694/3274 2757/3333/2980 3425/3334/2981
f 3428/3926/3453 3425/3334/2981 3427/3927/3454
f 2754/3335/2982 2755/3339/2986 3425/3334/2981
f 3425/3334/2981 2755/3339/2986 3427/3927/3454
f 3427/3927/3454 3426/3928/3455 3428/3926/3453
f 2755/3339/2986 3426/3928/3455 3427/3927/3454
f 3429/1422/1283 3426/3928/3455 540/817/752
f 540/817/752 3426/3928/3455 2755/3339/2986
f 540/817/752 2755/3339/2986 537/812/747
f 2755/3339/2986 535/815/750 537/812/747
f 3432/3929/3456 3430/3695/3275 3433/709/656
f 355/463/432 3141/553/510 3434/3692/3272
f 3434/3692/3272 3432/3929/3456 355/463/432
f 3135/3691/3271 3430/3695/3275 3432/3929/3456
f 3434/3692/3272 3135/3691/3271 3432/3929/3456
f 355/463/432 3432/3929/3456 3433/709/656
f 3425/3334/2981 3430/3695/3275 3134/3693/3273
f 3430/3695/3275 3425/3334/2981 3428/3926/3453
f 3433/709/656 3430/3695/3275 3428/3926/3453
f 3433/709/656 3431/43/43 460/710/657
f 1020/44/44 3431/43/43 3429/1422/1283
f 3431/43/43 3428/3926/3453 3429/1422/1283
f 3429/1422/1283 3428/3926/3453 3426/3928/3455
f 3428/3926/3453 3431/43/43 3433/709/656
f 2447/3032/2727 3449/3930/3457 3445/3931/3458
f 2444/3034/2729 3444/3932/3459 2347/2927/2642
f 3444/3932/3459 3439/2928/2643 2347/2927/2642
f 2444/3034/2729 2445/3031/2726 3444/3932/3459
f 3444/3932/3459 2445/3031/2726 2447/3032/2727
f 3444/3932/3459 3445/3931/3458 3438/3933/3460
f 2447/3032/2727 3445/3931/3458 3444/3932/3459
f 3439/2928/2643 3438/3933/3460 3437/2324/2095
f 3445/3931/3458 3440/3934/3461 3438/3933/3460
f 3438/3933/3460 3439/2928/2643 3444/3932/3459
f 3449/3930/3457 2447/3032/2727 352/544/502
f 352/544/502 350/545/503 3449/3930/3457
f 350/545/503 3447/3935/3462 3449/3930/3457
f 3445/3931/3458 3449/3930/3457 3447/3935/3462
f 3438/3933/3460 3440/3934/3461 3437/2324/2095
f 3440/3934/3461 3442/3936/3463 3437/2324/2095
f 3440/3934/3461 3443/3937/3464 3442/3936/3463
f 3445/3931/3458 3443/3937/3464 3440/3934/3461
f 3435/3938/3465 2346/2929/2644 3442/3936/3463
f 3442/3936/3463 1805/2329/2098 3437/2324/2095
f 3442/3936/3463 2346/2929/2644 1805/2329/2098
f 3435/3939/3465 3042/3590/3192 2346/3748/2644
f 3442/3936/3463 3443/3937/3464 3441/3940/3466
f 3442/3941/3463 3441/3942/3466 3435/3939/3465
f 3435/3939/3465 3441/3942/3466 3436/3589/3191
f 3435/3939/3465 3436/3589/3191 3042/3590/3192
f 350/545/503 3450/547/505 3447/3935/3462
f 3450/547/505 3448/3943/3467 3447/3935/3462
f 3447/3935/3462 3441/3940/3466 3443/3937/3464
f 3448/3943/3467 3441/3940/3466 3447/3935/3462
f 3450/547/505 498/757/702 3448/3943/3467
f 3448/3944/3467 3446/3945/3468 3441/3942/3466
f 3436/3589/3191 3446/3945/3468 3045/3593/3195
f 498/760/702 176/759/704 3448/3944/3467
f 176/759/704 3446/3945/3468 3448/3944/3467
f 176/759/704 3050/3464/3088 3446/3945/3468
f 3045/3593/3195 3446/3945/3468 3050/3464/3088
f 3445/3931/3458 3447/3935/3462 3443/3937/3464
f 3446/3945/3468 3436/3589/3191 3441/3942/3466
f 2203/2774/2505 3456/3946/3469 1793/394/370
f 1793/394/370 3456/3946/3469 1791/2307/2078
f 3456/3946/3469 3458/2308/2079 1791/2307/2078
f 1792/2309/2080 3458/2308/2079 1788/2314/2085
f 3456/3946/3469 1788/2314/2085 3458/2308/2079
f 3453/3947/3470 1788/2314/2085 3456/3946/3469
f 2203/2774/2505 2199/2779/2507 3456/3946/3469
f 3456/3946/3469 2199/2779/2507 3409/3908/3439
f 3409/3908/3439 2199/2779/2507 3410/3820/3380
f 3456/3946/3469 3409/3908/3439 3453/3947/3470
f 565/851/779 1787/2311/2082 564/852/780
f 1787/2311/2082 3454/3948/3471 564/852/780
f 910/1290/1166 560/853/781 564/852/780
f 3454/3948/3471 910/1290/1166 564/852/780
f 3457/2313/2084 3454/3948/3471 1787/2311/2082
f 3454/3948/3471 3457/2313/2084 3455/3949/3472
f 3457/2313/2084 3453/3947/3470 3455/3949/3472
f 3451/3950/3473 910/1290/1166 3454/3948/3471
f 84/1594/1447 910/1290/1166 3451/3950/3473
f 3455/3949/3472 3452/3914/3445 3451/3950/3473
f 3455/3949/3472 3451/3950/3473 3454/3948/3471
f 3453/3947/3470 3408/3909/3440 3455/3949/3472
f 3455/3949/3472 3408/3909/3440 3452/3914/3445
f 3452/3914/3445 3406/3910/3441 3451/3950/3473
f 3406/3910/3441 84/1594/1447 3451/3950/3473
f 1788/2314/2085 3453/3947/3470 3457/2313/2084
f 3408/3909/3440 3453/3947/3470 3409/3908/3439
f 3471/1353/1222 267/378/358 3479/1948/1760
f 3471/1353/1222 3479/1948/1760 1477/1947/1759
f 3471/1353/1222 3469/3951/3474 3467/3952/3475
f 1477/1947/1759 3468/575/529 3469/3951/3474
f 3469/3951/3474 3468/575/529 3463/3953/3476
f 3468/575/529 3502/3954/3477 3463/3953/3476
f 1477/1947/1759 3469/3951/3474 3471/1353/1222
f 3469/3951/3474 3463/3953/3476 3465/3955/3478
f 3462/3956/3479 3465/3955/3478 3463/3953/3476
f 3500/3957/3480 3461/3958/3481 3462/3956/3479
f 3471/1353/1222 3470/3959/3482 962/1354/1223
f 3471/1353/1222 3467/3952/3475 3470/3959/3482
f 3466/2470/2233 3470/3959/3482 3467/3952/3475
f 3466/2470/2233 962/1354/1223 3470/3959/3482
f 3466/2470/2233 961/2469/2232 962/1354/1223
f 3465/3955/3478 3462/3956/3479 3461/3958/3481
f 3465/3955/3478 3461/3958/3481 3460/3960/3483
f 3464/2473/2236 1941/2468/2231 3466/2470/2233
f 3465/3955/3478 3467/3952/3475 3469/3951/3474
f 3465/3955/3478 3460/3960/3483 3466/2470/2233
f 3465/3955/3478 3466/2470/2233 3467/3952/3475
f 3460/3960/3483 3464/2473/2236 3466/2470/2233
f 3460/3960/3483 3461/3958/3481 3498/3961/3484
f 1938/2471/2234 3464/2473/2236 3460/3960/3483
f 2020/2478/2241 1938/2471/2234 3460/3960/3483
f 3460/3960/3483 3498/3961/3484 3459/2479/2242
f 2020/2478/2241 3460/3960/3483 3459/2479/2242
f 3459/2479/2242 3495/2060/1861 1937/2059/1860
f 3482/3962/3485 1875/2395/2160 3478/3963/3486
f 3482/3964/3485 3478/3965/3486 3476/3966/3487
f 1875/2395/2160 1873/988/902 3478/3963/3486
f 3478/3965/3486 1873/3967/902 660/982/899
f 3478/3965/3486 660/982/899 658/22/22
f 3485/3968/3488 3486/3969/3489 3481/3970/3490
f 3484/3971/3491 3481/3970/3490 3486/3969/3489
f 665/1492/1350 3487/1057/964 3486/3969/3489
f 3486/3969/3489 3488/1496/1354 665/1492/1350
f 3487/1057/964 1878/2398/2163 3486/3969/3489
f 3484/3971/3491 1878/2398/2163 3483/2397/2162
f 1878/2398/2163 3484/3971/3491 3486/3969/3489
f 3485/3968/3488 664/994/906 3488/1496/1354
f 664/994/906 3485/3968/3488 3480/3972/3492
f 3486/3969/3489 3485/3968/3488 3488/1496/1354
f 3481/3973/3490 3477/3974/3493 3485/3975/3488
f 3477/3974/3493 3480/3976/3492 3485/3975/3488
f 663/995/907 3488/1496/1354 664/994/906
f 3482/3962/3485 3484/3971/3491 3483/2397/2162
f 1875/2395/2160 3482/3962/3485 3483/2397/2162
f 3484/3977/3491 3482/3964/3485 3476/3966/3487
f 3484/3977/3491 3476/3966/3487 3481/3973/3490
f 3478/3965/3486 658/22/22 3476/3966/3487
f 3481/3973/3490 3476/3966/3487 3477/3974/3493
f 658/22/22 3474/924/843 3476/3966/3487
f 3474/924/843 658/22/22 613/21/21
f 3476/3966/3487 3473/3978/3494 3477/3974/3493
f 513/777/720 664/994/906 3480/3972/3492
f 512/779/721 513/778/720 3480/3976/3492
f 3480/3976/3492 3475/3979/3495 512/779/721
f 267/378/358 512/779/721 3479/1948/1760
f 3479/1948/1760 512/779/721 3475/3979/3495
f 3480/3976/3492 3477/3974/3493 3475/3979/3495
f 3477/3974/3493 3473/3978/3494 3475/3979/3495
f 3474/924/843 3473/3978/3494 3476/3966/3487
f 3473/3978/3494 3474/924/843 616/926/845
f 3474/924/843 614/923/842 616/926/845
f 616/926/845 615/925/844 3473/3978/3494
f 3479/1948/1760 3475/3979/3495 3472/1946/1758
f 3475/3979/3495 3473/3978/3494 3472/1946/1758
f 3473/3978/3494 372/572/526 3472/1946/1758
f 3473/3978/3494 371/573/527 372/572/526
f 615/925/844 371/573/527 3473/3978/3494
f 3472/1946/1758 372/572/526 1477/1947/1759
f 1477/1947/1759 372/572/526 3468/575/529
f 3502/3954/3477 3468/575/529 370/574/528
f 370/574/528 3501/3980/3496 3502/3954/3477
f 3502/3954/3477 3501/3980/3496 3500/3957/3480
f 293/476/444 3497/577/531 369/576/530
f 370/574/528 3497/577/531 3501/3980/3496
f 3500/3957/3480 3501/3980/3496 3499/3981/3497
f 3499/3981/3497 3501/3980/3496 3497/577/531
f 3497/577/531 3496/3982/3498 3499/3981/3497
f 3502/3954/3477 3462/3956/3479 3463/3953/3476
f 3500/3957/3480 3462/3956/3479 3502/3954/3477
f 3461/3958/3481 3500/3957/3480 3494/3983/3499
f 3500/3957/3480 3499/3981/3497 3496/3982/3498
f 3492/3984/3500 3500/3957/3480 3496/3982/3498
f 1344/1783/1614 3493/1785/1616 3497/577/531
f 3493/1785/1616 3496/3982/3498 3497/577/531
f 3489/3985/3501 3493/1785/1616 1343/1784/1615
f 3493/1785/1616 3489/3985/3501 3496/3982/3498
f 3496/3982/3498 3489/3985/3501 3492/3984/3500
f 3500/3957/3480 3492/3984/3500 3494/3983/3499
f 3489/3985/3501 1343/1784/1615 2278/2845/2571
f 3492/3984/3500 3489/3985/3501 2883/3457/3081
f 2278/2845/2571 2881/3455/3079 3489/3985/3501
f 2881/3455/3079 2883/3457/3081 3489/3985/3501
f 3461/3958/3481 3494/3983/3499 3498/3961/3484
f 3491/2061/1862 3492/3984/3500 3490/3986/3502
f 3494/3983/3499 3491/2061/1862 3498/3961/3484
f 3494/3983/3499 3492/3984/3500 3491/2061/1862
f 3490/3986/3502 1572/2062/1863 3491/2061/1862
f 3498/3961/3484 3495/2060/1861 3459/2479/2242
f 3495/2060/1861 3498/3961/3484 3491/2061/1862
f 3492/3984/3500 2883/3457/3081 3490/3986/3502
f 3490/3986/3502 2883/3457/3081 2879/3458/3082
f 1572/2062/1863 3490/3986/3502 2882/2047/1848
f 2879/3458/3082 2882/2047/1848 3490/3986/3502
