# Blender 4.3.2
# www.blender.org
o Rock3
v -4.726833 0.173840 0.572431
v -4.847470 -0.251810 0.546935
v -2.879700 -1.038946 -6.053351
v -2.957115 -0.463043 -5.921244
v -3.084849 -1.014596 -5.077818
v -3.411584 -0.992052 -5.463493
v -3.750690 -0.954000 -4.533788
v 2.356481 0.975507 0.361189
v 1.880502 0.995295 0.556557
v 1.354982 1.012092 0.784416
v 2.429755 1.015646 -0.374735
v 2.180236 1.252606 -0.215986
v 1.693822 1.264954 0.012092
v 1.150962 1.323436 0.294547
v 1.919562 1.376433 -0.781652
v 1.487218 1.480836 -0.503735
v 0.966481 1.540035 -0.205599
v 0.786385 1.576982 -0.729002
v -2.374240 2.998340 -2.966924
v -2.661115 3.100776 -3.168369
v -4.702208 1.680307 3.642135
v -4.432792 1.671372 3.448892
v -4.192719 1.728904 3.173739
v -5.045047 1.495148 4.034779
v -4.907866 1.710088 4.055194
v -4.080412 1.800378 2.777542
v -2.199754 2.046310 1.933713
v -2.655719 2.196092 2.032806
v -3.104114 2.213184 2.039401
v -3.542458 2.155664 1.992827
v -2.350280 2.104983 1.258424
v -2.805418 2.072762 1.324404
v -3.249282 2.108070 1.338022
v -3.673225 2.160626 1.379121
v -2.441473 2.209121 0.702969
v -2.882804 2.310446 0.787288
v -3.308164 2.398580 0.859207
v -2.518595 2.303700 0.126701
v -2.975534 2.410601 0.211345
v -2.671704 2.430461 -0.464397
v -2.846918 2.563474 -1.054140
v 2.259223 -0.317152 4.802173
v 2.852685 -0.287991 4.224366
v 1.253338 -0.265284 4.921733
v -0.463693 -1.151344 -4.958706
v -0.590937 -1.097709 -5.391293
v -1.234953 -1.064423 -5.072644
v -1.973947 -1.047648 -6.751948
v 0.584052 1.688848 -1.282763
v 0.345001 1.918440 -1.863140
v 0.776413 1.880151 -2.193830
v 0.431053 2.258157 -2.738852
v -2.988974 2.765248 -1.952135
v -3.009197 2.854623 -2.341823
v -2.908937 2.973022 -2.754248
v -1.640208 1.870746 1.706432
v -1.070903 1.830958 0.792598
v -1.794382 1.988260 1.098166
v -0.456079 1.778595 -0.073721
v -1.204111 1.938706 0.265517
v -1.897397 2.090423 0.543476
v -0.620655 1.898162 -0.614110
v -1.345821 2.049961 -0.273979
v -1.998989 2.189993 -0.015536
v -1.517932 2.187403 -0.866378
v -2.146426 2.314174 -0.611484
v -2.316179 2.448545 -1.215373
v -5.065759 0.653489 2.610504
v -4.643799 0.997302 2.200659
v -4.789863 0.729247 2.130105
v -4.208820 1.661174 2.321344
v -4.371760 1.387405 2.040014
v -4.495738 1.066747 1.860720
v -4.106841 1.863828 2.158860
v -4.269941 1.537612 1.788020
v -1.687068 3.172412 -3.989018
v -1.962762 3.263354 -4.403250
v -1.271629 3.071875 -4.431093
v -1.512469 3.311355 -4.939916
v -4.363508 1.372664 5.237150
v -4.663336 1.367458 4.894037
v -4.888476 1.394684 4.526658
v -5.014738 1.448591 4.231361
v -4.139576 1.445135 5.049899
v -4.418692 1.551938 4.788786
v -4.657218 1.665393 4.514338
v -3.911185 1.517703 4.862289
v -4.176135 1.614986 4.624714
v -3.678428 1.593523 4.666417
v -3.933859 1.684841 4.443576
v -3.420755 1.689603 4.413897
v -0.480545 2.508317 -5.627319
v -0.355266 1.651578 -5.369244
v -0.546574 1.917654 -5.885130
v -0.436464 1.011662 -5.676185
v -1.189231 -1.064918 -5.478186
v -3.556762 -0.069469 5.251096
v -4.641406 -0.166471 4.780683
v -4.376730 -0.505754 4.786541
v -4.900933 -0.282089 4.045567
v 2.353206 0.108537 4.739960
v 2.237950 0.230740 4.413872
v 1.602025 0.383633 4.716209
v 0.949012 0.541980 5.021254
v 0.257784 0.586163 5.321327
v 4.312246 -0.211578 3.817101
v 3.983910 -0.191685 4.036094
v 4.527251 -0.154815 3.414320
v 4.196566 -0.136331 3.640647
v 3.871863 -0.118071 3.862467
v 4.430125 -0.089331 3.154043
v 4.094367 -0.056602 3.419857
v 3.759722 -0.039325 3.669856
v 3.403806 -0.018447 3.909793
v 2.833977 0.109198 4.047371
v -1.088254 0.014744 5.573280
v -1.736768 0.132577 5.370896
v -4.736680 -0.907173 -0.557669
v -4.612896 -0.913872 -1.142243
v -4.641301 -0.853698 -1.659532
v -4.653922 -0.792587 -2.158747
v -4.646995 -0.729384 -2.651042
v -4.574489 -0.685178 -3.131077
v -4.437129 -0.648151 -3.602082
v -4.666038 -0.564622 -0.500361
v -4.558039 -0.494288 -1.043314
v -4.574071 -0.338297 -1.533994
v -4.666819 -0.211996 -2.022184
v -4.659536 -0.179989 -2.511286
v -4.545299 -0.148992 -2.981364
v -4.408689 -0.104115 -3.481803
v -4.568702 0.134200 -0.339823
v -4.467006 0.243377 -0.797410
v -4.620661 0.416460 -1.269343
v -4.894730 0.544132 -1.799436
v -4.918714 0.616910 -2.386406
v -4.709805 0.657009 -2.886786
v -4.418716 1.048688 -0.538006
v -4.485879 1.181044 -1.098923
v -4.723879 1.319366 -1.706879
v -4.873616 1.396198 -2.304497
v -4.739188 1.455521 -2.827067
v -4.278627 1.741864 -0.360570
v -4.352067 1.806245 -0.989613
v -4.562218 1.876744 -1.648905
v -4.830688 1.981322 -2.236891
v -4.765940 2.085002 -2.822507
v -4.189115 2.236776 -0.264209
v -4.286652 2.274240 -0.921784
v -4.388377 2.280634 -1.597154
v -4.586865 2.366157 -2.171943
v -4.162952 2.643095 -0.894749
v -4.226838 2.623910 -1.532450
v -4.356333 2.664666 -2.071218
v -3.922209 2.802005 -0.901816
v -4.003177 2.790236 -1.496672
v -3.614780 2.735626 -0.933798
v -3.685679 2.744159 -1.507842
v -3.348137 2.695138 -1.520587
v -2.658146 0.203130 6.407019
v -1.837994 0.031219 6.394427
v -1.351726 -0.066372 6.654197
v -0.991259 -0.078281 6.307272
v -0.960641 0.022316 6.917936
v -0.929930 0.162257 6.772444
v -0.385025 -0.093139 6.790214
v -0.337354 0.032304 6.634729
v 0.358789 -0.171669 6.594386
v 0.395324 -0.073851 6.473385
v 1.122973 -0.297224 6.231062
v 1.214133 -0.138648 6.273704
v 1.833760 -0.252492 5.717516
v 2.579926 -0.162069 5.265831
v 2.003858 -0.076986 5.962879
v 2.557234 -0.067801 5.219510
v 1.935083 0.007867 5.749753
v 1.194224 0.052864 6.082422
v 0.394387 0.093105 6.291318
v -0.312171 0.194699 6.455544
v -0.909251 0.333145 6.602580
v 2.460135 0.005467 5.012776
v 1.832292 0.122060 5.437941
v 1.128980 0.222438 5.777936
v 0.379439 0.298878 6.083773
v -0.771373 2.672275 -5.984963
v -0.973473 1.446974 -6.480960
v -1.489117 0.741507 -6.684497
v -1.476732 0.022797 6.015934
v -2.410118 0.124051 6.159461
v -2.044830 0.128961 5.805094
v -1.764989 -0.943179 -3.607954
v -1.361089 -1.041777 -4.433049
v -3.081023 -0.933048 -1.973472
v -2.829914 -0.899112 -2.776865
v -2.488271 -0.881041 -3.698637
v -2.213428 -0.969561 -4.553756
v -4.893631 -0.425062 1.762030
v -4.822107 -0.559493 1.231963
v -4.759552 -0.668534 0.708038
v -4.339736 0.526618 5.317148
v -3.137280 1.111757 -5.831244
v -3.031022 1.738916 -5.878028
v -2.723734 2.329545 -5.911837
v -3.391363 0.409936 -5.374980
v -3.439522 1.183345 -5.437322
v -3.279300 1.826957 -5.463694
v -2.928257 2.427171 -5.441896
v -2.552813 2.971551 -5.329835
v -2.344332 3.253529 -5.182915
v -3.848181 -0.352167 -4.775187
v -3.754399 0.520178 -4.774705
v -3.692378 1.303227 -4.797585
v -3.498873 1.916593 -4.772135
v -3.228000 2.474928 -4.746436
v -2.975508 2.978012 -4.682552
v -2.838748 3.290538 -4.581809
v -2.755443 3.470113 -4.431205
v -1.148506 3.276963 -5.819201
v -1.805506 3.574435 -5.397989
v -2.199301 3.528726 -4.842052
v -2.579027 3.359555 -4.103342
v -1.460469 3.123848 -5.944360
v -1.926162 3.401645 -5.544818
v -1.756298 2.043786 -6.217609
v -2.178885 1.580822 -6.197846
v -1.994767 -0.221705 -6.630821
v -3.006090 -0.115246 5.097424
v -2.423628 -0.086353 4.938061
v -1.691259 0.077412 4.803407
v -3.924240 -0.458427 4.701375
v -3.366954 -0.360903 4.596214
v -4.619409 -0.704523 4.012582
v -5.163217 1.134793 3.716272
v -2.703084 1.198048 -6.055614
v -3.041240 0.370579 -5.778629
v -3.407841 -0.473397 -5.422529
v -3.904865 -0.824072 -4.768406
v -4.731425 0.321251 4.777311
v -4.411734 0.959996 5.249762
v -4.753820 0.870052 4.836612
v -5.025074 0.870988 4.373606
v -5.156583 0.984929 3.957491
v -2.022303 -0.632685 3.769875
v -2.196126 -0.623953 3.220086
v -3.167615 -0.412865 2.880436
v -2.333454 -0.548429 2.707160
v -3.708528 -0.382503 2.335197
v -3.210161 -0.368137 2.333800
v -2.449176 -0.473410 2.207364
v -3.633157 -0.523062 1.778566
v -3.209471 -0.439168 1.808002
v -2.583213 -0.421544 1.742711
v -3.926141 -0.680277 1.110050
v -3.561163 -0.597723 1.202603
v -3.183692 -0.514842 1.281998
v -2.680144 -0.441766 1.281397
v -3.745867 -0.825852 0.237690
v -3.420660 -0.691887 0.493393
v -3.095727 -0.592534 0.666680
v -2.694944 -0.503837 0.755535
v -2.691323 -0.442801 4.508491
v -1.847757 -0.317540 4.296359
v -4.150000 -0.625138 4.030095
v -3.622098 -0.534949 4.039212
v -2.953754 -0.594048 3.972082
v -5.041588 -0.200823 3.360929
v -4.696850 -0.568765 3.338164
v -4.218416 -0.582401 3.397782
v -3.714691 -0.500028 3.449215
v -3.081950 -0.475010 3.428575
v -5.072701 -0.130534 2.787246
v -4.690528 -0.328035 2.809521
v -4.222655 -0.400236 2.846869
v -3.736849 -0.454417 2.876022
v -5.010038 -0.231908 2.298787
v -4.609122 -0.314855 2.329747
v -4.156054 -0.349218 2.331439
v -4.471847 -0.506678 1.753570
v -4.036663 -0.541260 1.750182
v -4.334122 -0.720740 1.106804
v -3.883400 -0.931700 -0.935024
v -3.750462 -0.923244 -1.472491
v -3.574541 -1.018619 -2.034373
v -3.337098 -1.001674 -2.788956
v -3.082300 -0.981698 -3.679067
v -2.944464 -0.952019 -4.471439
v -3.665170 -1.024144 -3.483711
v -3.612933 -0.942709 -4.090495
v -4.244812 -0.690416 -4.118519
v -4.202174 -0.198176 -4.077445
v -4.420462 0.697976 -3.364114
v -4.139922 0.640477 -4.019185
v -4.428032 1.503005 -3.330340
v -4.065273 1.442694 -4.003020
v -4.428496 2.141439 -3.370484
v -3.903934 2.078887 -3.980634
v -4.608979 2.522210 -2.739629
v -4.287537 2.614407 -3.306324
v -3.726827 2.578476 -3.944278
v -4.386439 2.822868 -2.613440
v -4.085506 2.944293 -3.202668
v -3.545574 2.981192 -3.880238
v -4.100152 2.848619 -1.993164
v -4.124425 3.021132 -2.496228
v -3.856347 3.194165 -3.090010
v -3.417384 3.296299 -3.795542
v -3.753407 2.821638 -1.976087
v -3.760032 2.960832 -2.439464
v -3.557499 3.124325 -2.983855
v -3.195928 3.287103 -3.591347
v -3.396756 2.793784 -1.958073
v -3.409172 2.904800 -2.390737
v -3.252941 3.053923 -2.877927
v -2.946969 3.202665 -3.368602
v -2.943274 2.672033 -1.552963
v -4.078458 2.144549 1.367518
v -4.165613 1.816651 1.155633
v -4.272996 1.407486 0.918517
v -4.526965 0.819671 0.696906
v -3.729414 2.439070 0.920117
v -4.064144 2.328525 0.893308
v -4.141981 1.997685 0.733955
v -4.258863 1.544927 0.528202
v -4.539396 0.881134 0.298482
v -4.742274 0.150713 0.151284
v -4.887980 -0.398468 0.091522
v -4.950092 -0.668309 0.109448
v -3.412405 2.514045 0.288059
v -3.799628 2.602983 0.362008
v -4.064955 2.487135 0.366869
v -4.146201 2.150146 0.284556
v -4.254132 1.674005 0.133807
v -4.460376 0.943659 -0.114040
v -3.131245 2.538445 -0.378087
v -3.537516 2.631752 -0.305779
v -3.872429 2.703012 -0.245550
v -4.103336 2.583238 -0.226434
v -3.269732 2.660065 -0.980105
v -4.210645 0.149050 5.428271
v -3.989024 -0.094955 5.463315
v -2.036045 1.119314 4.627516
v -2.401204 1.370280 4.377883
v -2.822770 1.330323 4.859159
v -3.076435 1.297423 5.168087
v -3.274662 1.261284 5.432783
v -4.979445 1.590114 3.850449
v -4.877151 1.646115 3.764882
v -4.379766 1.578684 3.018508
v -4.827406 1.743609 4.261614
v -4.417642 1.714845 4.380109
v -4.614338 1.812860 4.144455
v -4.764121 1.791727 3.949572
v -4.175529 1.775888 4.221073
v -4.390439 1.868460 3.995365
v -4.550870 1.799928 3.816670
v -3.671715 1.776790 4.206524
v -3.913609 1.860709 4.001912
v -4.138604 1.916475 3.788274
v -4.284387 1.814104 3.604854
v -3.113270 1.656827 3.901615
v -3.386948 1.751540 3.734294
v -3.658166 1.852406 3.569254
v -3.879554 1.961616 3.436076
v -4.029521 1.845536 3.294847
v -5.127309 0.455084 2.668230
v -5.137567 0.226395 2.740931
v -4.928412 0.457485 2.129902
v -5.015720 0.209297 2.178434
v -5.031222 0.005097 2.243678
v -4.642653 0.698406 1.734515
v -4.782709 0.318682 1.685442
v -4.879171 0.007551 1.708000
v -4.899395 -0.218762 1.751344
v -4.396017 1.173604 1.563132
v -4.525510 0.704987 1.386727
v -4.695622 0.232718 1.291046
v -4.762711 -0.132884 1.293562
v -4.793405 -0.377245 1.298066
v -4.187222 1.670275 1.504930
v -4.322194 1.290535 1.260836
v -4.495988 0.753142 1.047613
v -4.658930 0.174676 0.924557
v -4.778824 -0.211685 0.912040
v -4.838369 -0.445087 0.903550
v -4.920336 -0.507349 0.549951
v -4.817336 -0.727133 0.305873
v -4.832646 1.488920 3.415972
v -4.607306 1.514118 3.262468
v -2.144154 0.506615 6.002313
v -2.131677 0.498759 6.269320
v -2.091151 0.423558 6.424988
v -2.421252 0.747086 5.553030
v -2.566455 0.674778 5.833130
v -2.606677 0.678677 6.142501
v -2.641569 0.591322 6.365823
v -5.030341 0.274345 4.169946
v -2.533149 -0.629739 0.036776
v -2.136278 -0.763061 -0.807229
v -1.606191 -0.792298 -1.556022
v -2.842716 -0.750284 -0.167463
v -2.525548 -0.835939 -1.033954
v -2.161921 -0.769574 -1.797933
v -1.650024 -0.764428 -2.588414
v -1.006185 -0.868630 -3.386501
v -3.141767 -0.868075 -0.416208
v -2.882370 -0.903481 -1.197287
v -2.621842 -0.840366 -1.908676
v -3.467186 -0.887308 -0.722806
v -1.614727 0.380340 5.809897
v -1.589717 0.438634 6.098955
v -1.555302 0.492215 6.366759
v -1.880373 0.554377 5.393818
v -2.098611 0.499724 5.698112
v -2.178225 0.795773 5.230808
v 0.368187 -0.149853 3.669457
v 0.020741 -0.186737 3.041279
v 0.973358 -0.222296 2.593955
v 1.678229 -0.271841 2.276423
v -0.184462 -0.254405 2.485749
v 0.768193 -0.268573 2.046356
v 1.479082 -0.237504 1.721588
v 2.030406 -0.213743 1.481209
v -0.344906 -0.305584 1.979222
v 0.617665 -0.297684 1.565897
v 1.336710 -0.270013 1.240694
v -0.504394 -0.333931 1.518995
v 0.469016 -0.325595 1.107804
v 1.201985 -0.301043 0.778853
v -0.665268 -0.419147 1.102963
v 0.308635 -0.353067 0.665217
v -0.870194 -0.475929 0.694652
v -1.685864 -0.789639 -0.370649
v -1.017059 -1.064928 -1.059884
v -0.267372 -1.202043 -1.706472
v 0.476830 -1.199417 -2.217804
v 1.056213 -1.196988 -2.598840
v 1.369510 -1.128945 -2.760560
v -0.993542 -0.913237 -2.255992
v -0.264189 -0.979113 -2.882385
v 0.505323 -1.107576 -3.389887
v 3.476930 0.137717 3.054645
v 3.110853 0.168935 3.360424
v 2.655111 0.234802 3.658177
v 3.829399 0.122690 1.967468
v 3.524323 0.223575 2.191696
v 3.145295 0.280832 2.450815
v 2.732432 0.333098 2.710898
v 2.286763 0.387022 2.972192
v 2.791982 0.384576 1.831868
v 2.388657 0.460277 2.061739
v 1.939770 0.521006 2.304135
v 1.698280 0.634412 1.773417
v -4.400400 -0.963522 -0.386940
v -4.220501 -0.992648 -1.057260
v -4.167533 -0.960124 -1.574364
v -4.047378 -0.947184 -2.104911
v -3.857220 -1.089853 -2.742895
v -5.132305 1.256588 3.604519
v -5.062996 1.358627 3.537770
v -0.078909 2.060169 -4.422090
v -0.276438 2.240952 -5.040762
v -0.163625 1.446834 -4.773365
v -2.488292 1.050475 5.055825
v -2.732627 1.006124 5.374805
v -2.905505 0.946429 5.658648
v -3.463152 1.223241 5.691391
v -3.055722 0.877977 5.936471
v -3.656482 1.080319 5.842093
v -3.203418 0.782794 6.119719
v 3.371136 -0.318742 3.816141
v 2.036551 -0.332730 4.424236
v 2.674483 -0.380886 3.929299
v 3.197927 -0.371364 3.504608
v 0.821411 -0.165483 4.340456
v 1.710409 -0.254993 3.879156
v 2.358294 -0.317261 3.473652
v 2.921043 -0.379055 3.111932
v 1.319374 -0.217767 3.246465
v 1.991484 -0.280620 2.916512
v 2.573387 -0.342148 2.615734
v 2.257816 -0.315003 2.033929
v -4.565352 1.354746 2.828428
v -4.713139 1.166606 2.700752
v -4.834728 1.014155 2.628578
v -4.956070 0.845924 2.594938
v -4.379967 1.477554 2.540901
v -4.505250 1.232504 2.338723
v -2.485953 -0.924604 -6.479002
v -2.490945 -0.322920 -6.313640
v -2.573753 0.499131 -6.108896
v -1.511228 1.106733 4.061400
v 0.194517 0.759934 1.963212
v -0.572153 0.864087 2.490988
v -1.287234 1.098828 3.081505
v -1.914194 1.292577 3.721851
v -0.635609 2.898736 -4.281695
v 1.146406 1.883221 -2.497083
v 0.715291 1.718647 -3.370512
v 0.034760 1.272163 -4.142718
v 0.102689 1.898704 -3.820967
v -0.237302 0.808181 -5.091958
v -1.437163 2.390936 -6.152946
v -1.507130 1.701280 -6.395348
v -2.258549 3.416859 -5.047437
v -1.746714 2.879239 -6.097162
v -2.087975 3.195022 -5.696485
v -2.070538 2.509955 -6.161954
v -2.348984 2.855293 -5.831634
v -2.449400 2.046572 -6.139790
v -0.586145 -0.164791 6.663436
v 0.047015 -0.214682 6.331978
v 0.810447 -0.274718 5.913158
v 2.427234 -0.233538 5.058262
v 4.498626 -0.301234 3.477714
v 4.697480 -0.280732 3.317681
v 0.760198 1.125103 1.106240
v 0.056783 1.325030 1.521008
v -0.704255 1.540127 1.977253
v -1.451480 1.678370 2.489876
v 0.533584 1.394334 0.607001
v -0.169271 1.500990 0.960748
v -0.911012 1.715591 1.360472
v 0.365927 1.610169 0.108240
v -0.320955 1.692002 0.441142
v 0.233051 1.662233 -0.411010
v 2.370347 0.676976 -0.401625
v 2.114088 1.084206 -0.954239
v 1.912096 1.104335 -1.568570
v 1.644338 1.350243 -1.321960
v 1.237788 1.458837 -1.032477
v 1.647748 1.255588 -2.211069
v 1.410985 1.520893 -1.916868
v 1.013431 1.599946 -1.606406
v 1.251245 1.485459 -2.833142
v -0.703789 1.242568 -6.148067
v -1.255443 0.528383 -6.584479
v 4.616014 -0.227577 3.605554
v 4.729813 -0.210077 3.280053
v 4.556117 -0.219882 3.046037
v 3.497949 -0.091472 4.097205
v 2.936249 0.028909 4.279365
v -1.115871 2.597638 -6.072518
v 1.600968 -0.340313 5.384096
v -0.506685 -0.098391 5.917650
v 0.230919 -0.151639 5.466030
v -1.512981 0.359698 6.522800
v -2.672251 0.388484 6.383754
v -2.061727 0.260068 6.497216
v -1.483899 0.185418 6.632845
v -1.466570 0.047886 6.725900
v 4.604462 -0.299665 3.629841
v 4.352608 -0.307156 3.851897
v -0.715148 2.143680 -6.285984
v -0.960570 -0.916196 -6.503441
v -0.976020 0.368157 -6.302529
v -0.812480 -1.004610 -5.825074
v -2.757508 1.864982 3.034623
v -3.118277 2.014870 2.988637
v -3.450294 2.167991 2.920830
v -3.755635 2.171766 2.850704
v -3.940183 1.980433 2.797195
v -1.040681 2.126584 -6.292592
v -2.498483 2.691321 -2.059714
v -2.560315 2.809355 -2.389798
v -1.971460 2.604412 -2.336940
v -2.131769 2.823308 -2.679058
v 0.051403 1.774681 -0.957241
v -0.189413 1.955477 -1.538993
v -0.832598 2.047231 -1.197410
v -1.066677 2.202967 -1.783888
v -1.698963 2.325718 -1.471180
v -1.288413 2.405226 -2.276679
v -1.845222 2.453826 -1.966994
v -2.435081 2.566386 -1.708124
v -1.495953 2.680699 -2.682655
v 1.864560 -0.229690 0.988235
v 2.353706 -0.191937 0.764094
v 1.720123 -0.261681 0.525478
v 2.180406 -0.227042 0.292068
v 1.049944 -0.334026 0.309326
v 1.555772 -0.302168 0.044628
v 1.988694 -0.313710 -0.203500
v 2.377925 -0.325922 -0.436793
v 0.072382 -0.473237 0.194035
v 0.825577 -0.489821 -0.255564
v 1.343708 -0.504244 -0.594505
v 1.765205 -0.518177 -0.873995
v 2.148676 -0.510203 -1.092962
v -1.216713 -0.585719 0.184743
v -0.365827 -0.808033 -0.394980
v 0.452096 -0.947428 -0.947551
v 1.079050 -1.030688 -1.366105
v 1.528464 -1.039071 -1.671048
v 1.965944 -0.972116 -1.994535
v 1.931324 -0.668242 -2.045724
v 3.843765 -0.102326 1.916342
v 3.530852 -0.388444 1.305037
v 3.517626 -0.197651 1.332249
v 3.500219 0.016197 1.382062
v 2.999634 -0.284332 1.034057
v 3.260396 -0.243249 0.861264
v 3.252241 -0.057408 0.898011
v 3.249491 0.154689 0.952082
v 3.019769 -0.120378 0.450336
v 3.018591 0.074717 0.502574
v 3.017774 0.293171 0.561992
v 2.731001 0.371902 0.107373
v 3.590669 -0.457997 3.238254
v 3.936887 -0.540866 3.006274
v 3.377330 -0.482152 2.832187
v 3.742692 -0.586546 2.592322
v 4.065651 -0.678830 2.382765
v 3.098319 -0.401119 2.340146
v 3.501475 -0.516337 2.087883
v 3.863562 -0.534225 1.842605
v 3.853146 -0.341719 1.872724
v 2.797222 -0.353977 1.799070
v 3.229466 -0.409514 1.537596
v 0.481733 -0.945252 -4.411671
v 1.123724 -1.080669 -3.662478
v -0.091594 -0.612342 -4.840847
v 0.532574 -0.634721 -4.259788
v 1.126376 -0.717216 -3.569916
v 1.355657 -0.772294 -2.723402
v -0.089931 -0.031746 -4.664129
v 0.548643 -0.180643 -4.080040
v -0.247278 -1.124024 -5.501273
v -0.083244 -1.035930 -4.965619
v -0.214601 -0.530461 -5.470367
v -0.271754 0.140535 -5.325899
v -0.293935 0.382276 6.271159
v -0.915991 0.471406 6.383289
v 1.721473 0.249875 5.082821
v 1.044824 0.381005 5.403689
v 0.326560 0.449294 5.729265
v -0.339693 0.365823 5.954735
v -0.964176 0.411412 6.081652
v -0.394617 0.465088 5.554666
v -1.017537 0.360027 5.737034
v 3.481598 0.219264 1.425893
v 3.169565 0.312795 1.614049
v 3.246413 0.370715 1.006640
v 2.968245 0.479925 1.164171
v 2.587089 0.547145 1.354620
v 2.176260 0.620380 1.558223
v 3.015039 0.517581 0.619525
v 2.881601 0.718916 0.728042
v 2.485348 0.775531 0.899287
v 2.031272 0.798135 1.077449
v 1.528745 0.817415 1.293513
v 2.714509 0.611117 0.158642
v 2.691961 0.862978 0.204418
v 1.134927 -0.268112 -3.435641
v 1.423962 -0.306436 -2.645961
v -0.034449 0.611165 -4.427291
v 0.596930 0.408464 -3.865119
v 1.223649 0.279059 -3.304810
v 0.649324 1.069945 -3.622305
v 1.229184 0.884840 -3.085410
v 2.551949 -0.252685 1.263787
v 2.784894 -0.191115 0.560004
v 2.593822 -0.215699 0.084174
v 2.760188 -0.074191 0.009287
v 2.745522 0.142513 0.056163
v 2.445312 -0.131278 -0.500897
v 2.410144 0.113821 -0.483528
v 2.378074 0.376729 -0.449366
v 2.200964 -0.348835 -1.173527
v 2.150839 -0.087829 -1.183570
v -1.246790 1.577667 -6.557658
v -1.206438 -0.966237 -6.386963
v -1.577195 -1.040604 -6.221960
v -1.908512 -1.055048 -5.958569
v 2.119050 0.258126 -1.142784
v 2.115403 0.665067 -1.053877
v 1.903142 -0.281804 -1.990184
v 1.899081 0.167676 -1.875836
v 1.903764 0.643422 -1.725478
v 1.505610 0.209334 -2.544305
v 1.602654 0.745608 -2.406499
v 2.085911 0.379661 3.967513
v 1.778887 0.448469 3.255012
v 1.194369 0.582231 3.586115
v 0.522301 0.703824 3.962796
v 1.432604 0.582089 2.589563
v 0.852523 0.604370 2.934976
v 0.160312 0.686173 3.361741
v -0.559251 0.782419 3.842230
v 1.125778 0.596123 2.070942
v 0.499003 0.620181 2.448874
v -0.217161 0.706738 2.915695
v -0.913357 0.936446 3.470099
v 0.912862 0.772138 1.584182
v 1.460813 0.537926 4.278011
v 0.809779 0.697394 4.595927
v 0.123796 0.687098 4.886869
v -0.523338 0.565142 5.125450
v -1.147143 0.445911 5.360893
v -0.178530 0.783264 4.335052
v -0.832643 0.648088 4.653594
v -1.421264 0.588745 5.014141
v -1.153057 0.894830 4.348368
v -1.717243 0.852496 4.815098
v -1.764292 2.961758 -3.102180
v -2.065856 3.143092 -3.443322
v -2.334572 3.245785 -3.741294
v 0.764733 2.292733 -3.048202
v 0.204414 2.479843 -3.552670
v 0.010144 2.648557 -3.238524
v 3.769244 -0.378076 3.572042
v 4.115212 -0.454021 3.365608
v 4.256260 -0.611267 2.814621
v 4.378914 -0.464087 2.729532
v 4.151381 -0.456433 2.358581
v 4.142670 -0.211926 2.404630
v 4.017165 -0.285330 4.078091
v 3.602206 -0.233411 4.315361
v 3.108666 -0.158302 4.671411
v 3.583794 -0.157028 4.276302
v 3.099916 -0.097059 4.639122
v 3.022814 -0.037657 4.469371
v 2.996898 -0.210953 4.473519
v 3.508770 -0.269701 4.103630
v 4.355268 -0.247985 2.758523
v 4.352705 -0.040691 2.809755
v 3.988260 0.012989 3.126632
v 3.649320 0.040306 3.431389
v 3.299448 0.061251 3.706697
v 4.142110 0.025488 2.462972
v 3.827010 0.109879 2.737463
v -0.349920 2.815304 -3.748052
v -0.708124 2.897883 -3.415359
v -1.018546 2.990186 -3.954911
v -0.253823 2.809062 -4.665059
v -0.043446 2.619670 -4.080910
v 4.271377 -0.370196 3.679393
v 4.393654 -0.460346 3.190462
v 4.568559 -0.373884 3.069685
v 3.923352 -0.320478 3.872617
v -0.641632 0.266891 -5.831205
v -0.521068 -0.495582 -6.008540
v -0.561127 -1.011375 -5.988255
v -0.886712 -0.533112 -6.503759
v -1.090635 2.803190 -3.065804
v -1.392741 3.077620 -3.559047
v -0.493767 2.150351 -2.125106
v -0.802788 2.480785 -2.607533
v 0.005572 2.186708 -2.433306
v -0.375657 2.567935 -2.936785
v -4.626680 -1.035005 -0.526371
v -4.502056 -1.045039 -1.124593
v -4.496717 -1.021726 -1.644975
v -4.444248 -0.989085 -2.167104
v -4.337107 -0.969729 -2.715052
v -4.248170 -0.996119 -3.264557
v -4.209052 -0.935630 -3.742188
v -2.021417 0.119553 6.549688
v -0.797969 -0.099871 4.039261
v -1.023934 -0.302316 3.463597
v -1.202486 -0.376761 2.905357
v -1.351767 -0.416761 2.385187
v -1.508732 -0.360009 1.909100
v -1.663689 -0.419926 1.478938
v -1.851618 -0.458052 1.078489
v -2.056358 -0.483106 0.649033
v -2.777918 1.540720 4.084391
v -3.132752 1.584703 4.639714
v -3.398880 1.514532 4.921741
v -3.620186 1.458537 5.145478
v -3.832609 1.404115 5.366155
v -4.042895 1.304115 5.561456
v -3.896403 0.810044 5.686315
v -4.864690 1.266092 3.080203
v -4.969349 1.181335 3.083309
v -5.069132 1.079230 3.091307
v -5.145738 0.927329 3.124835
v -5.191978 0.747181 3.197438
v -4.976742 1.442138 3.480675
v -3.379955 0.175299 6.041810
v -3.018330 0.143978 5.774107
v -2.598651 0.181907 5.498583
v -3.277778 -0.979058 -1.341389
v -2.251392 -0.832568 -2.725714
v -2.174721 -0.582332 0.176105
v -4.113750 1.058580 5.531247
v -4.224185 1.636946 2.781008
v -5.055517 1.502647 3.889239
v -3.489909 0.478674 5.971772
v -4.200810 -0.904038 -4.112813
v -4.191410 -0.913815 0.063888
v -4.724890 1.354732 3.068921
v -2.252823 0.174991 5.261838
v -0.503643 -0.013647 4.882770
v -1.290466 2.074983 -6.284925
v -4.900008 -0.819217 0.084730
v -2.774253 1.666193 -6.068116
v -5.190530 0.411678 3.455109
v -0.290522 -1.043670 -4.187616
v -1.918364 0.900543 -6.391922
v -0.985547 -0.141436 6.913008
v 4.848097 -0.244575 3.427198
v -2.244176 -1.050250 -5.400340
v -1.186546 -0.460768 -6.773448
v -1.467049 -0.503863 -6.932588
v -2.614342 2.911690 -2.666836
v -1.136830 -1.020610 -5.752312
v -1.623715 -0.906034 -6.994221
v 4.783576 -0.280557 3.469412
v -3.976766 2.095711 1.934367
v -0.683922 3.139141 -5.320872
v -0.900329 2.977757 -4.682891
v -1.605072 0.359084 5.530639
v -2.242076 1.647481 3.072693
vn -0.9604 0.2630 0.0923
vn -0.9625 0.2567 0.0882
vn -0.9616 0.2694 0.0522
vn -0.9562 0.2397 -0.1680
vn -0.9650 0.2508 0.0766
vn -0.9498 0.3112 -0.0313
vn -0.9448 0.3081 0.1111
vn -0.9954 -0.0151 0.0945
vn -0.9326 0.2616 -0.2488
vn -0.9818 -0.1626 0.0987
vn -0.6555 -0.6822 -0.3239
vn -0.6977 0.0592 -0.7139
vn -0.4177 -0.8003 -0.4302
vn -0.0591 -0.9964 0.0615
vn -0.0183 -0.9991 -0.0374
vn -0.0294 -0.9987 0.0407
vn -0.6029 0.1507 -0.7835
vn -0.5815 -0.4928 -0.6473
vn -0.7835 0.0482 -0.6195
vn -0.6833 -0.0106 -0.7301
vn 0.0055 -0.9977 0.0675
vn -0.0993 -0.9934 -0.0567
vn -0.0533 -0.9951 0.0830
vn -0.7719 -0.4040 -0.4909
vn -0.0325 -0.9982 -0.0496
vn -0.5878 -0.7917 -0.1666
vn 0.3028 0.9156 0.2647
vn 0.8731 0.4026 -0.2748
vn 0.4407 0.8810 0.1721
vn 0.5565 0.8156 0.1584
vn 0.8007 0.5889 -0.1098
vn 0.1995 0.9148 0.3512
vn 0.2330 0.9060 0.3533
vn 0.2278 0.9133 0.3375
vn 0.2772 0.8965 0.3455
vn 0.2722 0.8948 0.3539
vn 0.1845 0.9311 0.3145
vn 0.3493 0.8589 0.3745
vn 0.1780 0.9274 0.3290
vn 0.4376 0.8862 -0.1521
vn 0.8941 0.0163 -0.4476
vn 0.8377 0.4021 -0.3695
vn 0.2080 0.9744 0.0855
vn 0.2078 0.9625 0.1744
vn 0.2190 0.9559 0.1958
vn 0.2758 0.9059 0.3214
vn 0.4457 0.8931 -0.0604
vn 0.2417 0.9703 -0.0095
vn 0.2070 0.9774 0.0426
vn 0.2007 0.9757 0.0877
vn 0.2430 0.9583 0.1502
vn 0.2834 0.9445 0.1661
vn 0.1192 0.9552 0.2708
vn 0.0956 0.9415 0.3233
vn 0.1237 0.9191 0.3741
vn 0.1692 0.8983 0.4054
vn 0.1336 0.9331 0.3339
vn 0.2050 0.8821 0.4242
vn 0.0905 0.9512 0.2950
vn 0.0985 0.9406 0.3250
vn 0.1408 0.9666 0.2141
vn -0.2484 0.9330 -0.2604
vn -0.4089 0.8478 -0.3377
vn -0.3445 0.8438 -0.4115
vn -0.3413 0.9321 -0.1214
vn -0.4273 0.7841 -0.4501
vn -0.5442 0.7656 -0.3430
vn -0.4440 0.8222 -0.3560
vn -0.3937 0.8776 -0.2735
vn -0.5660 0.8122 -0.1418
vn -0.5510 0.7984 -0.2428
vn -0.6956 0.7138 -0.0813
vn -0.7481 0.6613 0.0552
vn -0.7760 0.6307 0.0037
vn -0.9008 0.3715 0.2247
vn -0.7189 0.6692 -0.1882
vn -0.8868 0.4620 -0.0086
vn -0.8908 0.2544 0.3765
vn -0.6620 0.7464 0.0678
vn -0.9804 -0.0072 0.1968
vn -0.9861 0.1469 0.0781
vn -0.1098 0.9678 0.2265
vn -0.8339 0.5520 0.0025
vn -0.8464 0.5294 0.0582
vn 0.3028 0.9434 0.1354
vn 0.1420 0.9878 0.0644
vn 0.3297 0.9240 0.1939
vn 0.3993 0.8202 0.4098
vn 0.2332 0.9638 0.1290
vn 0.3739 0.8664 0.3311
vn 0.0524 0.9973 0.0505
vn 0.0065 0.9999 0.0123
vn 0.2904 0.8953 0.3377
vn 0.3148 0.8945 0.3176
vn 0.1238 0.9793 0.1602
vn -0.0901 0.9955 -0.0300
vn 0.1512 0.9626 0.2247
vn -0.2882 0.9540 0.0828
vn 0.0560 0.9637 0.2609
vn -0.5574 0.8299 -0.0225
vn 0.2517 0.9594 0.1274
vn 0.2244 0.9602 0.1662
vn 0.2361 0.9343 0.2672
vn 0.1983 0.9248 0.3247
vn -0.0298 0.9250 0.3788
vn -0.6963 0.6899 0.1980
vn 0.2542 0.9587 0.1277
vn 0.2482 0.9596 0.1324
vn 0.2472 0.9592 0.1373
vn 0.2390 0.9576 0.1609
vn 0.2522 0.9573 0.1414
vn 0.2512 0.9576 0.1411
vn 0.2481 0.9586 0.1396
vn 0.2527 0.9555 0.1519
vn 0.2546 0.9552 0.1512
vn 0.1906 0.9681 0.1629
vn 0.2228 0.9695 0.1017
vn -0.0645 -0.9977 -0.0206
vn 0.1204 -0.9737 0.1932
vn 0.0785 -0.9941 0.0745
vn -0.1252 -0.9898 -0.0673
vn 0.2064 -0.9633 0.1718
vn 0.0481 -0.9988 -0.0120
vn 0.1407 -0.9697 0.1999
vn -0.0186 -0.9963 0.0840
vn 0.0377 -0.9858 0.1637
vn 0.0137 -0.9844 0.1752
vn -0.1391 -0.9870 -0.0799
vn -0.1110 -0.9937 -0.0157
vn -0.1285 -0.9910 -0.0377
vn -0.1110 -0.9934 -0.0295
vn 0.0380 -0.9987 0.0342
vn 0.7575 -0.5162 -0.3998
vn 0.7080 -0.6756 -0.2057
vn -0.0827 -0.9964 0.0184
vn -0.0983 -0.9876 -0.1223
vn -0.0574 -0.9943 0.0901
vn -0.0103 -0.9996 0.0253
vn 0.6471 -0.5430 -0.5351
vn 0.0149 -0.9984 -0.0552
vn -0.0462 -0.9898 -0.1346
vn -0.4849 0.1814 -0.8556
vn -0.3442 -0.6712 -0.6565
vn 0.0548 -0.3704 -0.9272
vn 0.0944 -0.9918 -0.0857
vn 0.2268 0.9519 0.2059
vn 0.3282 0.9241 0.1956
vn 0.2572 0.9267 0.2740
vn 0.2044 0.9235 0.3247
vn 0.3057 0.8858 0.3491
vn 0.1976 0.8834 0.4248
vn 0.6624 0.7487 0.0259
vn 0.2624 0.8519 0.4532
vn 0.5600 0.8216 0.1070
vn 0.7411 0.6601 -0.1223
vn 0.3459 0.9124 0.2189
vn 0.1974 0.8528 0.4834
vn 0.1101 0.9569 0.2688
vn 0.0773 0.9736 0.2150
vn 0.1449 0.9645 0.2207
vn 0.2433 0.9306 0.2735
vn 0.2632 0.9408 0.2135
vn 0.1084 0.9874 0.1154
vn 0.0982 0.9531 0.2864
vn 0.3053 0.9426 0.1355
vn 0.4511 0.7845 0.4255
vn 0.2709 0.9528 0.1373
vn 0.2498 0.9493 0.1908
vn 0.2562 0.9583 0.1264
vn 0.3186 0.9258 0.2033
vn 0.2307 0.9660 0.1167
vn 0.2604 0.9559 0.1362
vn 0.2540 0.9570 0.1400
vn 0.2528 0.9586 0.1309
vn 0.2586 0.9552 0.1442
vn 0.2496 0.9555 0.1572
vn 0.2563 0.9540 0.1553
vn -0.8886 0.3119 -0.3364
vn -0.9961 0.0543 -0.0698
vn -0.9336 0.2705 -0.2351
vn -0.8710 0.3219 -0.3711
vn -0.9712 0.1203 -0.2058
vn -0.8150 0.4548 -0.3591
vn -0.7776 0.4998 -0.3816
vn -0.8704 0.4430 -0.2150
vn -0.7916 0.5386 -0.2887
vn -0.8584 0.5002 -0.1139
vn -0.6881 0.6282 -0.3631
vn -0.7845 0.5874 -0.1986
vn -0.8667 0.3893 -0.3119
vn -0.8956 0.4403 -0.0639
vn -0.7415 0.6622 -0.1082
vn -0.9209 0.3657 -0.1349
vn -0.9422 0.3342 0.0243
vn 0.2074 0.9748 0.0826
vn 0.2528 0.9671 0.0296
vn 0.3002 0.9428 0.1452
vn 0.1998 0.9577 0.2070
vn 0.2734 0.9324 0.2366
vn 0.3540 0.9008 0.2515
vn 0.0743 0.9909 0.1125
vn 0.1726 0.9557 0.2386
vn 0.3115 0.9317 0.1868
vn 0.3006 0.9530 0.0386
vn 0.4007 0.8428 -0.3593
vn 0.1983 0.9160 -0.3487
vn -0.4789 0.5646 0.6722
vn -0.1704 0.8825 0.4384
vn -0.7491 0.3214 0.5793
vn -0.4006 0.6086 0.6849
vn -0.0550 0.9460 0.3194
vn -0.6408 0.0312 0.7670
vn -0.7284 0.0226 0.6848
vn -0.3468 0.7958 0.4964
vn -0.8440 0.2398 0.4797
vn -0.8174 -0.0163 0.5759
vn -0.4767 0.8040 0.3555
vn -0.9063 -0.0320 0.4213
vn 0.0090 0.9289 0.3703
vn -0.0028 0.9358 0.3526
vn -0.0385 0.9486 0.3143
vn 0.0146 0.9285 0.3711
vn 0.1053 0.9353 0.3379
vn -0.0126 0.9425 0.3338
vn 0.0104 0.9347 0.3553
vn 0.1602 0.9640 0.2122
vn 0.1426 0.9087 0.3923
vn 0.1175 0.9734 0.1966
vn 0.1186 0.9711 0.2071
vn 0.2423 0.9474 0.2092
vn 0.3036 0.9249 0.2291
vn 0.9042 0.2765 -0.3257
vn 0.6632 0.1559 -0.7320
vn 0.6087 0.4774 -0.6337
vn 0.9495 0.0377 -0.3116
vn 0.9100 -0.0072 -0.4146
vn 0.5992 0.7935 -0.1062
vn 0.9472 0.1375 -0.2898
vn 0.9564 0.0384 -0.2897
vn 0.8974 -0.0281 -0.4404
vn 0.9558 0.0339 -0.2921
vn 0.6180 0.0044 -0.7862
vn 0.8204 0.0689 -0.5676
vn 0.8007 -0.0549 -0.5966
vn 0.9225 0.0824 -0.3771
vn 0.0420 -0.9924 -0.1156
vn 0.1509 -0.9169 0.3695
vn 0.0627 -0.9286 0.3656
vn 0.0943 -0.8942 0.4377
vn -0.1851 -0.7317 0.6560
vn 0.1880 -0.9277 0.3226
vn -0.2877 -0.6956 0.6583
vn 0.0646 -0.9786 0.1955
vn -0.7835 -0.3706 0.4989
vn -0.4231 -0.8973 0.1260
vn -0.3087 -0.8280 0.4681
vn -0.9359 -0.1949 0.2935
vn -0.8738 -0.4415 0.2038
vn -0.6553 -0.2287 0.7200
vn -0.8351 -0.1351 0.5332
vn 0.1650 -0.9841 0.0651
vn -0.4457 -0.8720 -0.2022
vn -0.8800 -0.4737 -0.0353
vn 0.2833 0.9376 0.2017
vn 0.3213 0.9225 0.2139
vn 0.3166 0.9208 0.2279
vn 0.2771 0.9382 0.2072
vn 0.3197 0.9172 0.2377
vn 0.3009 0.9305 0.2087
vn 0.3282 0.9180 0.2227
vn 0.2584 0.9638 0.0650
vn 0.2892 0.9375 0.1933
vn 0.2620 0.9598 0.1005
vn 0.1559 0.9833 0.0938
vn 0.2444 0.9297 0.2753
vn 0.0164 0.9848 0.1729
vn 0.0623 0.9620 0.2659
vn 0.2616 0.9132 0.3124
vn -0.0706 0.9625 0.2618
vn 0.1117 0.9394 0.3242
vn -0.0927 0.9666 0.2389
vn 0.2228 0.9434 0.2457
vn 0.3315 0.8395 0.4305
vn 0.3389 0.8475 0.4086
vn 0.2059 0.6728 0.7106
vn 0.4119 -0.8409 0.3510
vn 0.2461 -0.8041 0.5412
vn 0.8185 -0.3044 0.4873
vn 0.2519 0.9398 0.2308
vn 0.3512 0.8544 0.3831
vn 0.2211 -0.8409 0.4940
vn 0.7708 0.6366 -0.0261
vn 0.3162 0.9462 0.0682
vn 0.2712 0.9494 0.1585
vn 0.5806 0.8072 0.1067
vn 0.2176 0.9576 0.1888
vn 0.2224 0.9463 0.2344
vn 0.2258 0.9407 0.2531
vn 0.2500 0.9386 0.2378
vn 0.2249 0.9646 0.1375
vn 0.7567 0.3843 -0.5289
vn 0.7029 0.7094 -0.0516
vn 0.2135 0.9608 0.1768
vn 0.2352 0.9506 0.2028
vn 0.2356 0.9632 0.1294
vn -0.1360 -0.9891 -0.0562
vn 0.0752 -0.9515 0.2982
vn -0.0984 -0.9951 0.0074
vn -0.1419 -0.9838 -0.1096
vn -0.1253 -0.9920 -0.0129
vn -0.1305 -0.9859 -0.1050
vn -0.1324 -0.9866 -0.0950
vn -0.1007 -0.9907 -0.0915
vn 0.1168 -0.9597 0.2558
vn -0.9111 -0.2185 -0.3495
vn -0.9948 0.0985 -0.0261
vn -0.9898 -0.1268 -0.0648
vn -0.9397 -0.3391 0.0433
vn -0.9359 0.2232 -0.2726
vn -0.4620 -0.8459 0.2665
vn -0.2866 -0.9324 0.2202
vn -0.9862 -0.0703 0.1496
vn -0.9847 -0.1692 0.0418
vn -0.2280 -0.9722 -0.0534
vn -0.3082 -0.9467 0.0935
vn -0.9797 -0.1934 0.0529
vn -0.9579 -0.2863 -0.0223
vn -0.2555 -0.9651 -0.0571
vn -0.9763 -0.1524 -0.1533
vn -0.9382 -0.3178 -0.1374
vn -0.9591 -0.0243 -0.2820
vn -0.9420 -0.2582 -0.2146
vn -0.4192 -0.9077 0.0183
vn -0.9449 0.0742 -0.3187
vn -0.9422 -0.1434 -0.3029
vn -0.4330 -0.9001 -0.0491
vn -0.9036 0.1020 -0.4161
vn -0.9140 -0.2271 -0.3361
vn -0.5298 -0.7843 -0.3228
vn -0.9950 0.0681 0.0730
vn -0.9471 0.1952 -0.2549
vn -0.9421 -0.0112 0.3351
vn -0.9662 -0.0586 0.2509
vn -0.9809 -0.0905 -0.1724
vn -0.8992 -0.0662 -0.4325
vn -0.8938 0.0151 -0.4483
vn -0.9021 0.0831 -0.4234
vn -0.9667 0.2331 -0.1054
vn -0.9876 0.1462 0.0567
vn -0.9201 0.1559 0.3593
vn -0.9966 0.0776 -0.0290
vn -0.9247 0.0054 -0.3805
vn -0.9665 0.1598 0.2011
vn -0.9529 0.1518 0.2626
vn -0.9796 0.1770 0.0951
vn -0.8873 0.2642 0.3780
vn -0.9540 0.2623 0.1453
vn -0.9313 0.1896 -0.3111
vn -0.8628 -0.0057 -0.5055
vn -0.9659 0.2182 0.1398
vn -0.9666 0.2481 0.0644
vn -0.9712 0.2036 0.1238
vn -0.9018 0.3428 0.2633
vn -0.8469 0.4682 0.2520
vn -0.8567 0.4932 -0.1510
vn -0.8240 0.1702 -0.5404
vn -0.9744 0.2063 0.0892
vn -0.8058 0.5747 0.1427
vn -0.8197 0.5604 0.1181
vn -0.8141 0.5583 0.1595
vn -0.7542 0.6029 0.2601
vn -0.7282 0.6848 -0.0264
vn -0.2385 0.9676 0.0823
vn -0.0817 0.9847 0.1538
vn -0.1686 0.9836 0.0644
vn -0.3042 0.9198 0.2479
vn -0.3440 0.9214 0.1811
vn 0.1455 0.9871 0.0664
vn 0.2360 0.9625 0.1340
vn 0.2205 0.9732 0.0660
vn 0.0792 0.9753 0.2062
vn -0.1766 -0.7327 0.6573
vn -0.0974 -0.9951 0.0173
vn -0.3213 0.0593 0.9451
vn -0.1383 0.3404 0.9300
vn -0.0811 -0.6090 0.7890
vn -0.1775 -0.9833 0.0400
vn -0.2114 -0.9606 0.1806
vn -0.3759 -0.1826 0.9085
vn -0.1394 -0.8561 0.4976
vn 0.0565 0.4033 0.9133
vn 0.1395 -0.9865 0.0861
vn 0.5456 -0.1303 0.8279
vn 0.0903 0.7005 0.7079
vn 0.2777 0.6972 0.6609
vn 0.1340 0.7646 0.6304
vn -0.1626 0.5367 0.8280
vn 0.6787 0.0819 0.7299
vn -0.1160 -0.9885 0.0967
vn 0.2961 0.7133 0.6352
vn 0.2679 0.6893 0.6732
vn 0.4604 -0.7453 0.4823
vn 0.3905 0.0951 0.9157
vn 0.2301 0.7063 0.6694
vn 0.2081 -0.9227 0.3246
vn 0.5410 -0.1367 0.8298
vn 0.2227 0.7963 0.5624
vn 0.4726 -0.7523 0.4591
vn 0.2921 0.9072 0.3028
vn 0.9176 -0.2767 0.2852
vn 0.4213 0.7390 0.5257
vn 0.2925 0.9249 0.2428
vn 0.4285 0.8438 0.3233
vn 0.2573 0.8958 0.3624
vn 0.1962 0.8556 0.4789
vn 0.1755 0.9275 0.3301
vn 0.1140 0.9793 0.1673
vn -0.0751 0.6512 0.7551
vn -0.0016 0.9965 0.0834
vn 0.1120 0.3601 -0.9262
vn -0.0209 0.3546 -0.9348
vn -0.1979 0.1839 -0.9628
vn -0.0445 0.3174 -0.9472
vn 0.5993 0.0443 -0.7993
vn -0.4402 0.1755 -0.8806
vn 0.3553 0.0087 -0.9347
vn 0.1241 -0.9763 0.1776
vn -0.0215 -0.9928 0.1175
vn 0.0715 -0.9953 0.0657
vn 0.0271 -0.9988 0.0419
vn -0.0544 -0.9973 0.0500
vn -0.0740 -0.9940 0.0801
vn 0.1868 -0.9824 0.0081
vn 0.1736 -0.9848 0.0094
vn 0.1685 -0.9853 0.0281
vn 0.0676 -0.9953 0.0694
vn 0.0046 -0.9962 0.0866
vn 0.1563 -0.9865 0.0479
vn 0.1615 -0.9868 0.0100
vn 0.1038 -0.9945 -0.0119
vn -0.7361 -0.4554 0.5008
vn -0.1325 -0.9521 0.2756
vn -0.5040 -0.8498 0.1542
vn -0.9822 0.1551 -0.1057
vn -0.7890 -0.5968 0.1459
vn -0.9723 -0.0056 -0.2338
vn -0.1431 -0.9826 0.1182
vn -0.3518 -0.9216 0.1640
vn -0.0836 -0.9742 0.2097
vn -0.2787 -0.9326 0.2295
vn 0.0023 -0.9878 0.1559
vn -0.7272 -0.0437 0.6850
vn -0.5847 -0.0141 0.8111
vn -0.6748 -0.0125 -0.7379
vn -0.8167 -0.0311 -0.5762
vn -0.8628 0.0643 -0.5014
vn -0.4999 0.0706 -0.8632
vn -0.7080 0.2362 -0.6655
vn -0.3952 -0.0080 -0.9186
vn -0.8329 0.3343 -0.4411
vn -0.7579 0.4987 -0.4205
vn -0.6420 0.4264 -0.6372
vn -0.4569 0.0165 -0.8894
vn -0.5506 0.5561 -0.6226
vn -0.2208 0.2611 -0.9397
vn -0.3030 0.1314 -0.9439
vn -0.8765 0.0568 -0.4781
vn -0.8509 0.0866 -0.5181
vn -0.8927 0.1691 -0.4178
vn -0.7851 0.4317 -0.4442
vn -0.7236 0.4824 -0.4937
vn -0.6662 0.6274 -0.4031
vn -0.6113 0.6565 -0.4420
vn -0.4284 0.6720 -0.6041
vn -0.3399 0.7251 -0.5989
vn -0.6449 0.5470 -0.5338
vn -0.5090 0.7561 -0.4115
vn -0.8673 0.1235 -0.4823
vn -0.8490 0.3365 -0.4074
vn -0.7443 0.3796 -0.5494
vn -0.7405 0.4381 -0.5095
vn -0.5549 0.7876 -0.2678
vn -0.2540 0.9563 -0.1447
vn 0.0205 0.9746 0.2228
vn 0.0189 0.5678 -0.8229
vn -0.0980 0.4234 -0.9006
vn -0.1652 0.1950 -0.9668
vn -0.3146 0.3478 -0.8832
vn -0.2511 0.1134 -0.9613
vn -0.1498 0.3820 -0.9120
vn 0.0160 0.2850 -0.9584
vn 0.2251 -0.8238 0.5203
vn 0.0957 -0.9030 0.4188
vn 0.2843 -0.8508 0.4418
vn 0.0768 -0.9795 0.1864
vn 0.0716 -0.9937 0.0860
vn -0.0741 -0.9933 0.0890
vn 0.0768 -0.9806 -0.1806
vn -0.9936 -0.0950 0.0609
vn 0.0439 -0.9936 -0.1045
vn 0.2089 -0.9602 0.1854
vn 0.2403 -0.9569 0.1632
vn 0.1830 -0.9829 0.0214
vn -0.0135 -0.9934 -0.1135
vn -0.1070 -0.9873 -0.1174
vn -0.0261 -0.9996 -0.0121
vn -0.0548 -0.9964 -0.0643
vn 0.0195 -0.9915 -0.1288
vn 0.1066 -0.9909 -0.0819
vn -0.0536 -0.9926 -0.1093
vn 0.1001 -0.9938 -0.0484
vn -0.0200 -0.9975 0.0685
vn -0.0071 -0.9665 0.2566
vn 0.0861 -0.9798 0.1807
vn -0.0866 -0.9916 0.0961
vn -0.0212 -0.9998 -0.0063
vn 0.0557 -0.9947 0.0860
vn 0.0878 -0.9961 -0.0101
vn 0.1643 -0.9761 0.1421
vn 0.1353 -0.9841 0.1150
vn 0.1640 -0.9715 0.1712
vn 0.0518 -0.9954 0.0802
vn -0.0005 -0.9959 0.0903
vn 0.1347 -0.9704 0.2007
vn 0.1941 -0.9579 0.2114
vn 0.1565 -0.9723 0.1738
vn 0.1836 -0.9639 0.1927
vn 0.1095 -0.9818 0.1552
vn -0.0056 -0.9901 0.1402
vn 0.1142 -0.9839 0.1376
vn 0.0538 -0.9935 0.1001
vn 0.1926 -0.9561 0.2208
vn 0.1263 -0.9690 0.2123
vn 0.0001 -0.9753 0.2207
vn -0.3235 -0.9312 -0.1682
vn -0.9889 -0.1269 -0.0774
vn -0.8396 -0.5425 -0.0266
vn -0.0927 -0.9721 -0.2153
vn -0.9799 -0.0636 -0.1891
vn 0.1583 -0.9871 0.0244
vn -0.0317 -0.9992 0.0231
vn 0.0826 -0.9953 0.0497
vn 0.0834 -0.9772 0.1954
vn -0.0410 -0.9966 0.0721
vn -0.0368 -0.9990 0.0260
vn 0.0093 -0.9963 -0.0852
vn -0.7258 0.4610 -0.5106
vn -0.7728 0.2705 -0.5741
vn -0.6559 0.6563 -0.3728
vn -0.3143 0.9482 -0.0455
vn 0.1034 0.9447 0.3112
vn 0.0987 0.9410 0.3236
vn -0.7342 0.6441 0.2148
vn -0.9693 0.2425 0.0402
vn -0.9748 0.2155 0.0583
vn -0.9515 0.3052 0.0391
vn -0.9438 0.3279 -0.0427
vn -0.9510 0.2973 0.0851
vn -0.9529 0.3019 0.0287
vn -0.7277 0.6587 0.1914
vn -0.0789 0.9803 0.1809
vn -0.5503 -0.0054 0.8350
vn 0.3563 0.8542 0.3786
vn 0.3903 0.8952 0.2150
vn 0.3336 0.9076 0.2549
vn 0.3576 0.8075 0.4692
vn 0.3198 0.9245 0.2075
vn 0.3809 0.7915 0.4780
vn 0.3892 0.8003 0.4561
vn 0.3933 0.8352 0.3843
vn 0.2709 0.9210 0.2801
vn 0.3581 0.8368 0.4141
vn 0.4199 0.8001 0.4284
vn 0.3318 0.8643 0.3780
vn 0.1892 0.8263 0.5305
vn 0.4255 0.7989 0.4252
vn -0.6229 0.6888 -0.3709
vn -0.8206 0.5048 -0.2678
vn -0.5191 0.7613 -0.3885
vn -0.6226 0.7395 -0.2559
vn -0.1024 0.9850 0.1387
vn -0.0859 0.9944 0.0620
vn 0.1922 0.9476 0.2552
vn 0.1840 0.9253 0.3317
vn -0.1518 0.9521 0.2655
vn -0.5436 0.8337 -0.0970
vn -0.9454 0.1294 -0.2992
vn -0.8927 0.3162 -0.3210
vn -0.9432 0.1419 -0.3003
vn -0.9254 0.3430 -0.1610
vn -0.9434 0.2703 -0.1924
vn -0.9713 0.1697 -0.1668
vn -0.5432 0.7202 -0.4316
vn 0.3551 0.9080 0.2223
vn 0.4052 0.8838 0.2340
vn 0.2643 0.9644 -0.0024
vn 0.0998 0.9855 -0.1372
vn 0.1552 0.9731 0.1703
vn 0.0599 0.9822 -0.1782
vn 0.2813 0.9326 0.2262
vn -0.1222 0.4894 0.8635
vn -0.0291 0.6574 0.7530
vn 0.0742 0.9546 0.2884
vn 0.4143 0.8004 0.4334
vn 0.2771 0.8281 0.4873
vn -0.2733 0.3814 0.8831
vn -0.0714 -0.9951 0.0690
vn 0.0522 -0.9986 0.0095
vn -0.2174 -0.9723 -0.0859
vn -0.1188 -0.9835 0.1366
vn -0.1283 -0.9556 0.2651
vn -0.2272 -0.9692 -0.0952
vn 0.1634 -0.9853 0.0498
vn -0.1741 -0.9830 -0.0577
vn -0.0337 0.9970 0.0701
vn 0.1692 0.9547 0.2447
vn 0.0624 0.9843 -0.1653
vn 0.3461 0.8100 0.4735
vn 0.2137 0.8663 0.4515
vn -0.0471 -0.9976 0.0498
vn -0.0244 -0.9973 0.0693
vn -0.0729 -0.9971 0.0201
vn 0.0510 -0.9943 0.0942
vn 0.0836 -0.9933 0.0796
vn 0.0270 -0.9981 0.0555
vn -0.0554 -0.9984 0.0110
vn -0.0888 -0.9948 -0.0507
vn -0.0913 -0.9958 0.0110
vn 0.0178 -0.9997 -0.0151
vn 0.0602 -0.9970 0.0476
vn 0.0451 -0.9977 0.0496
vn 0.0696 -0.9966 0.0431
vn -0.0287 -0.9978 -0.0600
vn 0.0594 -0.9982 0.0118
vn -0.1079 -0.9893 -0.0977
vn 0.0559 -0.9930 0.1039
vn 0.0574 -0.9970 0.0525
vn 0.0731 -0.9962 0.0475
vn 0.0706 -0.9877 0.1396
vn 0.1038 -0.9884 0.1111
vn 0.1166 -0.9842 0.1329
vn 0.0953 -0.9945 0.0436
vn 0.1627 -0.9411 0.2963
vn 0.0300 -0.9833 0.1793
vn 0.0830 -0.9335 0.3488
vn -0.0319 -0.9636 0.2655
vn -0.0603 -0.9974 0.0402
vn -0.0286 -0.9995 0.0127
vn 0.1432 -0.9271 0.3463
vn -0.0405 -0.9973 -0.0610
vn 0.0739 -0.9968 -0.0319
vn 0.2276 -0.9404 0.2527
vn 0.1771 -0.9340 0.3104
vn 0.5522 -0.7977 -0.2426
vn 0.8745 0.1231 -0.4690
vn 0.8891 0.0239 -0.4570
vn 0.6930 -0.6179 -0.3714
vn 0.8432 -0.3629 -0.3966
vn 0.5085 -0.5476 -0.6645
vn 0.2096 0.9655 0.1542
vn 0.2013 0.9702 0.1348
vn 0.1892 0.9753 0.1137
vn 0.2379 0.9666 0.0956
vn 0.1957 0.9765 0.0898
vn 0.1857 0.9764 0.1101
vn 0.1918 0.9803 0.0469
vn 0.7393 0.6598 -0.1348
vn 0.8553 0.1791 -0.4862
vn 0.6060 0.7748 -0.1803
vn 0.8539 0.1309 -0.5037
vn 0.8543 0.1491 -0.4979
vn 0.2549 0.9664 0.0330
vn 0.7830 0.6115 -0.1138
vn 0.2371 0.9656 0.1071
vn 0.2035 0.9714 0.1226
vn 0.1555 0.9830 0.0980
vn 0.1140 0.9922 0.0506
vn 0.2123 0.9453 0.2478
vn 0.3037 0.9487 0.0881
vn 0.2801 0.9192 0.2769
vn 0.1086 0.9622 0.2498
vn 0.0886 0.9834 0.1582
vn 0.2012 0.8696 0.4509
vn 0.1345 -0.9903 -0.0336
vn -0.9283 0.3420 -0.1456
vn -0.7962 0.4965 -0.3457
vn -0.6314 0.6508 -0.4216
vn 0.9567 0.0773 -0.2805
vn 0.8351 0.1527 -0.5284
vn 0.8119 0.5189 -0.2675
vn 0.8228 0.1897 -0.5358
vn 0.7642 0.6442 -0.0314
vn 0.8424 0.1289 -0.5233
vn -0.3036 0.3663 0.8796
vn -0.0590 -0.9933 0.0994
vn -0.0386 -0.9723 0.2307
vn -0.0127 -0.9813 0.1923
vn -0.0998 -0.9948 -0.0191
vn -0.1259 -0.9914 0.0363
vn -0.0889 -0.9783 0.1872
vn -0.1033 -0.9946 -0.0027
vn -0.1950 -0.9808 0.0045
vn -0.1892 -0.9799 0.0640
vn -0.1523 -0.9858 -0.0713
vn -0.6549 0.6718 -0.3460
vn 0.4654 0.8276 0.3138
vn 0.3354 0.8894 0.3107
vn 0.3392 0.9375 0.0781
vn 0.3804 0.8139 0.4392
vn 0.4686 0.7827 0.4096
vn 0.4463 0.8146 0.3704
vn 0.2212 0.9742 0.0456
vn 0.1257 0.9895 0.0713
vn 0.3874 0.9219 0.0005
vn 0.8802 0.3533 -0.3169
vn 0.8160 0.2945 -0.4975
vn 0.6747 0.2201 -0.7046
vn 0.6884 0.2551 -0.6790
vn 0.8076 0.1740 -0.5635
vn 0.6223 0.6326 -0.4610
vn 0.6900 0.1905 -0.6983
vn 0.8518 0.1366 -0.5057
vn 0.2811 -0.9402 0.1922
vn 0.4780 -0.8783 0.0067
vn 0.2615 -0.9547 0.1420
vn 0.0557 -0.9666 0.2500
vn 0.1198 -0.9767 0.1779
vn 0.2648 -0.9437 0.1984
vn 0.7540 -0.6212 -0.2135
vn 0.8908 0.1153 -0.4395
vn 0.9400 0.0789 -0.3319
vn 0.8444 0.1602 -0.5111
vn 0.8565 0.4372 -0.2743
vn 0.9356 0.0857 -0.3425
vn 0.8850 0.0513 -0.4628
vn 0.7581 0.0625 -0.6491
vn 0.6335 -0.0117 -0.7737
vn 0.8346 0.1391 -0.5331
vn 0.1277 -0.9445 -0.3028
vn 0.4456 -0.6332 -0.6328
vn 0.6914 -0.0078 -0.7225
vn 0.8530 0.0722 -0.5168
vn 0.2509 0.8931 0.3734
vn 0.1807 0.9264 0.3304
vn 0.2707 0.9336 0.2346
vn 0.2195 0.8996 0.3776
vn 0.1941 0.8606 0.4709
vn 0.2362 0.9492 0.2079
vn 0.1985 0.8571 0.4753
vn 0.1830 0.8761 0.4461
vn 0.0149 -0.9991 -0.0389
vn 0.0768 -0.9939 0.0798
vn 0.0446 -0.9906 -0.1291
vn -0.0929 -0.9806 -0.1724
vn 0.1247 -0.9785 0.1643
vn 0.1066 -0.9723 0.2082
vn 0.2963 -0.9412 -0.1624
vn 0.2025 -0.9171 0.3434
vn 0.2251 -0.9001 0.3731
vn 0.2407 -0.8996 0.3643
vn 0.4784 -0.8643 -0.1553
vn 0.9567 -0.0776 -0.2804
vn 0.9229 -0.0915 -0.3741
vn 0.5534 -0.8320 -0.0397
vn 0.8785 0.0188 -0.4775
vn 0.8788 0.1116 -0.4639
vn 0.8778 -0.0365 -0.4777
vn 0.8581 0.1536 -0.4900
vn 0.8614 0.1262 -0.4920
vn 0.4534 -0.5315 -0.7155
vn 0.3294 -0.8407 -0.4297
vn 0.3106 -0.6198 -0.7206
vn -0.1519 -0.9758 -0.1572
vn 0.8701 0.1357 -0.4738
vn 0.8751 0.1332 -0.4652
vn 0.6413 -0.6125 -0.4621
vn 0.8611 0.1378 -0.4894
vn 0.8581 0.1388 -0.4945
vn 0.8124 0.5750 -0.0967
vn 0.8127 -0.3668 -0.4527
vn 0.8424 0.1669 -0.5123
vn 0.8659 0.2130 -0.4527
vn 0.8545 0.4324 -0.2877
vn -0.0781 -0.9739 0.2133
vn -0.2278 -0.9697 0.0881
vn 0.3070 -0.9486 -0.0767
vn -0.2142 -0.9743 -0.0692
vn 0.2756 -0.8745 -0.3992
vn 0.8643 -0.1469 -0.4810
vn 0.7182 0.2163 -0.6614
vn 0.8644 0.1647 -0.4750
vn 0.9337 0.0729 -0.3505
vn 0.7164 0.2045 -0.6670
vn 0.8539 0.0505 -0.5180
vn -0.0426 0.9536 0.2981
vn 0.4275 0.8796 0.2088
vn 0.8260 0.0713 -0.5592
vn 0.8860 0.0002 -0.4637
vn 0.8790 0.1463 -0.4538
vn 0.9280 0.1483 -0.3418
vn 0.9370 0.0998 -0.3346
vn 0.9207 0.0831 -0.3814
vn 0.1757 0.9837 -0.0371
vn 0.1006 0.9949 -0.0040
vn 0.0965 0.9938 -0.0546
vn 0.1149 0.9923 -0.0457
vn 0.0078 0.9975 0.0699
vn 0.1947 0.9790 0.0608
vn 0.0638 0.9565 0.2847
vn 0.2238 0.9431 0.2459
vn 0.8394 -0.3634 -0.4041
vn 0.1007 0.9377 0.3327
vt 0.290391 0.550864
vt 0.271640 0.565216
vt 0.272873 0.546360
vt 0.311114 0.555844
vt 0.290403 0.571546
vt 0.305666 0.519532
vt 0.287067 0.518099
vt 0.271090 0.576328
vt 0.313649 0.582392
vt 0.289742 0.583800
vt 0.639272 0.511252
vt 0.642962 0.468226
vt 0.668828 0.474959
vt 0.114254 0.887368
vt 0.156656 0.897127
vt 0.139359 0.911199
vt 0.118456 0.844326
vt 0.142967 0.859611
vt 0.655467 0.435628
vt 0.681682 0.442344
vt 0.620024 0.498498
vt 0.610251 0.456941
vt 0.183555 0.891379
vt 0.180066 0.927123
vt 0.180478 0.859105
vt 0.168883 0.934768
vt 0.596971 0.541376
vt 0.199824 0.920836
vt 0.198700 0.945719
vt 0.332492 0.132403
vt 0.369826 0.132338
vt 0.360041 0.146552
vt 0.317441 0.105776
vt 0.342583 0.117281
vt 0.318390 0.152351
vt 0.306076 0.122494
vt 0.344223 0.165675
vt 0.326610 0.188538
vt 0.303059 0.174694
vt 0.293637 0.141893
vt 0.285169 0.201784
vt 0.279522 0.163766
vt 0.385241 0.160547
vt 0.379191 0.119540
vt 0.398254 0.147090
vt 0.367910 0.178595
vt 0.349254 0.200292
vt 0.330155 0.226367
vt 0.308063 0.215751
vt 0.409827 0.173762
vt 0.390869 0.190929
vt 0.371557 0.210129
vt 0.351881 0.233953
vt 0.373744 0.244639
vt 0.393971 0.222327
vt 0.456018 0.356592
vt 0.443860 0.379051
vt 0.436869 0.366008
vt 0.444975 0.341397
vt 0.424552 0.374441
vt 0.426307 0.353681
vt 0.451423 0.391801
vt 0.427663 0.387193
vt 0.465584 0.369533
vt 0.161665 0.442298
vt 0.177082 0.445606
vt 0.166398 0.452218
vt 0.154690 0.448438
vt 0.172511 0.464217
vt 0.159729 0.457127
vt 0.181662 0.458475
vt 0.172226 0.434844
vt 0.189807 0.439475
vt 0.193770 0.452759
vt 0.204784 0.449529
vt 0.207267 0.429061
vt 0.206561 0.439668
vt 0.147296 0.462804
vt 0.155274 0.460475
vt 0.152539 0.464361
vt 0.139730 0.461101
vt 0.149487 0.453484
vt 0.142343 0.482576
vt 0.153958 0.480625
vt 0.148916 0.440856
vt 0.223573 0.454470
vt 0.232101 0.445615
vt 0.253739 0.319124
vt 0.271280 0.355349
vt 0.243945 0.346553
vt 0.220682 0.307441
vt 0.240059 0.369034
vt 0.193432 0.340626
vt 0.268199 0.377587
vt 0.239473 0.390589
vt 0.200249 0.385042
vt 0.196893 0.366719
vt 0.267325 0.399569
vt 0.241375 0.412677
vt 0.204368 0.402157
vt 0.206758 0.416582
vt 0.266092 0.421175
vt 0.243214 0.435169
vt 0.278465 0.327964
vt 0.293669 0.360624
vt 0.290912 0.382748
vt 0.288953 0.403878
vt 0.287492 0.424290
vt 0.267036 0.442103
vt 0.300734 0.333831
vt 0.316626 0.364621
vt 0.313654 0.386986
vt 0.311728 0.408445
vt 0.346033 0.347354
vt 0.339839 0.372502
vt 0.336989 0.394667
vt 0.368982 0.356411
vt 0.362711 0.381424
vt 0.381726 0.386522
vt 0.360507 0.401474
vt 0.591326 0.684769
vt 0.585251 0.648581
vt 0.608659 0.676022
vt 0.611306 0.720136
vt 0.620754 0.668915
vt 0.632700 0.705769
vt 0.597019 0.642718
vt 0.571237 0.655752
vt 0.568795 0.624974
vt 0.582056 0.619813
vt 0.633227 0.765858
vt 0.584464 0.738261
vt 0.654397 0.741137
vt 0.566266 0.698103
vt 0.164453 0.781602
vt 0.141117 0.771317
vt 0.164980 0.764172
vt 0.158287 0.815482
vt 0.145183 0.786751
vt 0.186535 0.821613
vt 0.198992 0.774592
vt 0.118970 0.784508
vt 0.140316 0.813027
vt 0.125394 0.796034
vt 0.664072 0.403260
vt 0.698220 0.412749
vt 0.083760 0.847435
vt 0.095187 0.870367
vt 0.072523 0.831896
vt 0.106830 0.829384
vt 0.699319 0.387907
vt 0.395718 0.259261
vt 0.414258 0.205228
vt 0.416162 0.238499
vt 0.416174 0.276997
vt 0.436747 0.223485
vt 0.435624 0.259352
vt 0.456622 0.213032
vt 0.455381 0.246809
vt 0.434841 0.190705
vt 0.473500 0.238613
vt 0.472340 0.270896
vt 0.453109 0.281877
vt 0.411559 0.390284
vt 0.397538 0.407126
vt 0.396877 0.388981
vt 0.401209 0.367070
vt 0.387629 0.362962
vt 0.380932 0.405035
vt 0.414012 0.407377
vt 0.269799 0.284269
vt 0.244023 0.273104
vt 0.292931 0.292833
vt 0.311078 0.257383
vt 0.314078 0.300257
vt 0.288914 0.248029
vt 0.332035 0.264971
vt 0.335328 0.308160
vt 0.353427 0.274450
vt 0.322926 0.339426
vt 0.358121 0.317847
vt 0.375590 0.286660
vt 0.380811 0.328026
vt 0.193977 0.510782
vt 0.169325 0.501613
vt 0.174838 0.494731
vt 0.214731 0.523146
vt 0.188584 0.519270
vt 0.219047 0.509187
vt 0.198059 0.501229
vt 0.236494 0.492621
vt 0.220077 0.493946
vt 0.232226 0.473680
vt 0.200003 0.491510
vt 0.217675 0.479088
vt 0.237955 0.513204
vt 0.244350 0.468243
vt 0.212252 0.463326
vt 0.250667 0.489925
vt 0.257344 0.464250
vt 0.477137 0.345199
vt 0.482959 0.318001
vt 0.495606 0.332153
vt 0.465004 0.330140
vt 0.489216 0.359271
vt 0.509465 0.347559
vt 0.504369 0.373714
vt 0.478105 0.381726
vt 0.508931 0.321141
vt 0.500094 0.306668
vt 0.541123 0.346383
vt 0.522646 0.363777
vt 0.103799 0.431820
vt 0.122441 0.432984
vt 0.115759 0.444910
vt 0.090753 0.419704
vt 0.111481 0.421891
vt 0.084737 0.428437
vt 0.092536 0.444863
vt 0.133765 0.441923
vt 0.128612 0.455431
vt 0.106131 0.463814
vt 0.143212 0.448396
vt 0.124182 0.477624
vt 0.129537 0.422725
vt 0.098606 0.409886
vt 0.119316 0.411955
vt 0.139653 0.432467
vt 0.137641 0.412993
vt 0.107194 0.400270
vt 0.127775 0.402196
vt 0.147089 0.423458
vt 0.148376 0.402975
vt 0.116364 0.390645
vt 0.138981 0.391781
vt 0.157268 0.414218
vt 0.159563 0.378700
vt 0.150517 0.362681
vt 0.556800 0.317314
vt 0.580198 0.334861
vt 0.560508 0.334740
vt 0.575919 0.293927
vt 0.580305 0.316996
vt 0.532714 0.324932
vt 0.548032 0.294306
vt 0.596369 0.269482
vt 0.605025 0.297542
vt 0.564801 0.269478
vt 0.605665 0.342823
vt 0.636295 0.300851
vt 0.607416 0.323129
vt 0.626965 0.268765
vt 0.128024 0.810353
vt 0.618033 0.932772
vt 0.586058 0.925053
vt 0.610803 0.908858
vt 0.626521 0.952141
vt 0.589125 0.950049
vt 0.654588 0.925330
vt 0.643122 0.909142
vt 0.081117 0.499551
vt 0.098684 0.543388
vt 0.065196 0.510405
vt 0.119754 0.503166
vt 0.111745 0.525926
vt 0.060146 0.461191
vt 0.094376 0.483512
vt 0.592254 0.970100
vt 0.558613 0.959524
vt 0.134894 0.557534
vt 0.145772 0.537882
vt 0.139810 0.091286
vt 0.132529 0.125008
vt 0.116855 0.118881
vt 0.130629 0.086367
vt 0.100771 0.149970
vt 0.103635 0.113585
vt 0.117713 0.155751
vt 0.138037 0.162933
vt 0.151044 0.097113
vt 0.153746 0.133203
vt 0.122056 0.193978
vt 0.102414 0.187435
vt 0.106780 0.225418
vt 0.086790 0.219609
vt 0.084232 0.182579
vt 0.073461 0.250062
vt 0.067270 0.216580
vt 0.093512 0.255443
vt 0.177201 0.038525
vt 0.157895 0.043449
vt 0.170524 0.031018
vt 0.181805 0.021658
vt 0.180132 0.018946
vt 0.154976 0.039559
vt 0.168245 0.026621
vt 0.151150 0.065477
vt 0.143155 0.059895
vt 0.140185 0.057132
vt 0.193417 0.019257
vt 0.200240 0.030560
vt 0.189013 0.027720
vt 0.188733 0.019057
vt 0.187024 0.044520
vt 0.173457 0.057149
vt 0.164992 0.050447
vt 0.159813 0.071274
vt 0.200396 0.049482
vt 0.203997 0.021617
vt 0.215085 0.032720
vt 0.184500 0.063317
vt 0.169443 0.077323
vt 0.169799 0.106823
vt 0.635978 0.823979
vt 0.602318 0.849442
vt 0.605999 0.797505
vt 0.655361 0.841572
vt 0.627087 0.852444
vt 0.667784 0.820321
vt 0.651830 0.798633
vt 0.645983 0.866433
vt 0.622183 0.874702
vt 0.350834 0.607145
vt 0.375964 0.588559
vt 0.382927 0.607472
vt 0.312865 0.595060
vt 0.347203 0.591048
vt 0.352038 0.978093
vt 0.379875 0.983413
vt 0.381911 0.989926
vt 0.326737 0.972347
vt 0.353528 0.970693
vt 0.401528 0.582049
vt 0.411596 0.604430
vt 0.305569 0.963720
vt 0.328167 0.964812
vt 0.427779 0.575568
vt 0.439841 0.599727
vt 0.303917 0.973359
vt 0.282842 0.960775
vt 0.454423 0.570981
vt 0.467994 0.592912
vt 0.260047 0.972882
vt 0.281838 0.973398
vt 0.480671 0.564486
vt 0.496021 0.584799
vt 0.238806 0.970049
vt 0.258876 0.955399
vt 0.507936 0.554525
vt 0.524010 0.573989
vt 0.217623 0.964683
vt 0.235087 0.949933
vt 0.542451 0.543968
vt 0.556023 0.561330
vt 0.194940 0.954482
vt 0.214314 0.947729
vt 0.359492 0.554873
vt 0.336883 0.558334
vt 0.383067 0.548811
vt 0.410644 0.543259
vt 0.437560 0.538483
vt 0.462781 0.533586
vt 0.488543 0.525759
vt 0.521786 0.514750
vt 0.325066 0.519332
vt 0.344587 0.517016
vt 0.398770 0.510821
vt 0.426012 0.508439
vt 0.449030 0.503622
vt 0.363416 0.484712
vt 0.370044 0.514018
vt 0.336626 0.483221
vt 0.392078 0.485875
vt 0.418369 0.485927
vt 0.440454 0.480431
vt 0.473244 0.495737
vt 0.360666 0.462910
vt 0.315311 0.481867
vt 0.333790 0.459311
vt 0.387882 0.466215
vt 0.411914 0.467754
vt 0.433879 0.463336
vt 0.463626 0.472137
vt 0.311105 0.457710
vt 0.333514 0.442572
vt 0.359710 0.445185
vt 0.384691 0.448672
vt 0.406170 0.451873
vt 0.427223 0.449222
vt 0.382544 0.435677
vt 0.334217 0.430468
vt 0.359597 0.432100
vt 0.402148 0.438142
vt 0.421931 0.436374
vt 0.381552 0.420737
vt 0.335237 0.414287
vt 0.359727 0.417757
vt 0.399389 0.422935
vt 0.671964 0.894343
vt 0.661243 0.882829
vt 0.032277 0.367204
vt 0.033818 0.412061
vt 0.024245 0.368375
vt 0.024535 0.335539
vt 0.679140 0.866426
vt 0.683651 0.836349
vt 0.672217 0.857620
vt 0.688101 0.842553
vt 0.691819 0.820505
vt 0.698751 0.820768
vt 0.684995 0.803074
vt 0.007872 0.248799
vt 0.012946 0.277847
vt 0.003906 0.278984
vt 0.691784 0.794871
vt 0.009836 0.305518
vt 0.017183 0.246965
vt 0.023541 0.277192
vt 0.017174 0.306071
vt 0.018135 0.211052
vt 0.671516 0.775089
vt 0.683901 0.762256
vt 0.025417 0.209629
vt 0.028218 0.246576
vt 0.030707 0.169873
vt 0.669058 0.728141
vt 0.039205 0.169821
vt 0.036594 0.211265
vt 0.049674 0.128161
vt 0.648258 0.696054
vt 0.060901 0.137373
vt 0.051033 0.173434
vt 0.089390 0.106569
vt 0.070460 0.140382
vt 0.119661 0.080271
vt 0.093503 0.109256
vt 0.083127 0.096600
vt 0.084527 0.144906
vt 0.122402 0.082086
vt 0.066292 0.178033
vt 0.049722 0.213893
vt 0.040175 0.246930
vt 0.034808 0.277358
vt 0.026287 0.306930
vt 0.054615 0.248230
vt 0.564854 0.347781
vt 0.582057 0.346959
vt 0.632334 0.366950
vt 0.602818 0.355405
vt 0.639584 0.353329
vt 0.621328 0.390544
vt 0.683059 0.373033
vt 0.631913 0.890167
vt 0.222701 0.840383
vt 0.261520 0.862743
vt 0.218209 0.871965
vt 0.268450 0.836710
vt 0.233838 0.807513
vt 0.293546 0.900326
vt 0.257289 0.910527
vt 0.258553 0.888003
vt 0.320891 0.910110
vt 0.289911 0.922217
vt 0.328197 0.892652
vt 0.297226 0.879965
vt 0.218446 0.898224
vt 0.432660 0.983446
vt 0.455733 0.968295
vt 0.456682 0.987025
vt 0.436252 0.991335
vt 0.198346 0.553131
vt 0.226501 0.557285
vt 0.223098 0.566243
vt 0.191867 0.570532
vt 0.418783 0.989724
vt 0.409014 0.980229
vt 0.426442 0.961045
vt 0.402946 0.990780
vt 0.390835 0.981877
vt 0.380773 0.952698
vt 0.076958 0.455026
vt 0.070501 0.424842
vt 0.586115 0.442915
vt 0.590976 0.476977
vt 0.568688 0.457187
vt 0.621793 0.429407
vt 0.569884 0.426591
vt 0.595684 0.422917
vt 0.553712 0.438331
vt 0.540364 0.416678
vt 0.557527 0.406970
vt 0.579300 0.417134
vt 0.545116 0.388887
vt 0.563648 0.382299
vt 0.573328 0.400193
vt 0.560711 0.497030
vt 0.583738 0.525193
vt 0.541398 0.472243
vt 0.515731 0.429486
vt 0.504958 0.409926
vt 0.527063 0.395785
vt 0.518280 0.384632
vt 0.535753 0.377032
vt 0.528744 0.369653
vt 0.497003 0.397945
vt 0.511954 0.378641
vt 0.504927 0.486131
vt 0.527304 0.450961
vt 0.483484 0.442001
vt 0.475358 0.425508
vt 0.468215 0.412765
vt 0.490000 0.390902
vt 0.460243 0.402962
vt 0.546525 0.357625
vt 0.554398 0.368684
vt 0.582022 0.374876
vt 0.596343 0.366738
vt 0.593049 0.395800
vt 0.583533 0.356678
vt 0.571831 0.360600
vt 0.604712 0.882938
vt 0.581243 0.895457
vt 0.575123 0.857328
vt 0.568027 0.809241
vt 0.559694 0.935901
vt 0.556916 0.906387
vt 0.557305 0.980411
vt 0.530584 0.961383
vt 0.153325 0.511737
vt 0.525626 0.871535
vt 0.549374 0.865666
vt 0.540615 0.818703
vt 0.515100 0.825347
vt 0.502925 0.875836
vt 0.532641 0.911370
vt 0.484414 0.914209
vt 0.508447 0.913795
vt 0.507616 0.938968
vt 0.533156 0.939056
vt 0.480717 0.879561
vt 0.491734 0.830838
vt 0.483539 0.936307
vt 0.456136 0.949090
vt 0.458450 0.931375
vt 0.482517 0.956162
vt 0.459978 0.884216
vt 0.450798 0.842397
vt 0.470218 0.836390
vt 0.438046 0.909895
vt 0.461270 0.912364
vt 0.433208 0.926721
vt 0.439577 0.887298
vt 0.432675 0.849841
vt 0.427766 0.942916
vt 0.402277 0.918851
vt 0.389616 0.933201
vt 0.411103 0.904521
vt 0.416376 0.886694
vt 0.413311 0.858097
vt 0.362078 0.905274
vt 0.347985 0.919142
vt 0.374201 0.891994
vt 0.384565 0.878146
vt 0.391793 0.862467
vt 0.167625 0.561557
vt 0.182332 0.528612
vt 0.174961 0.543308
vt 0.527169 0.982278
vt 0.505067 0.960442
vt 0.203568 0.543090
vt 0.481418 0.976180
vt 0.501935 0.981174
vt 0.331674 0.952193
vt 0.314435 0.930871
vt 0.337731 0.937217
vt 0.360665 0.960808
vt 0.286276 0.943286
vt 0.258488 0.933612
vt 0.226516 0.923988
vt 0.455463 0.454018
vt 0.492984 0.461516
vt 0.448914 0.439397
vt 0.443293 0.426181
vt 0.417266 0.421945
vt 0.437817 0.414275
vt 0.287940 0.441225
vt 0.272938 0.461881
vt 0.291743 0.459178
vt 0.280214 0.485313
vt 0.264701 0.487141
vt 0.297788 0.483539
vt 0.270545 0.516776
vt 0.309820 0.440910
vt 0.310345 0.427360
vt 0.046037 0.462558
vt 0.047852 0.411407
vt 0.121759 0.327758
vt 0.162432 0.321630
vt 0.135690 0.345481
vt 0.109853 0.311575
vt 0.145674 0.302643
vt 0.090802 0.333434
vt 0.102340 0.348429
vt 0.115358 0.364511
vt 0.128263 0.379410
vt 0.102626 0.376643
vt 0.088541 0.360828
vt 0.092011 0.386671
vt 0.082175 0.396893
vt 0.076181 0.370595
vt 0.167659 0.468832
vt 0.163983 0.472884
vt 0.186631 0.469910
vt 0.198188 0.468814
vt 0.156114 0.433438
vt 0.165760 0.425340
vt 0.167479 0.392043
vt 0.175035 0.405846
vt 0.181298 0.417912
vt 0.186121 0.428613
vt 0.208981 0.534468
vt 0.235839 0.532792
vt 0.230984 0.547430
vt 0.254741 0.515417
vt 0.255068 0.540194
vt 0.252508 0.557459
vt 0.250950 0.568626
vt 0.183557 0.476675
vt 0.066319 0.330155
vt 0.063836 0.354247
vt 0.052843 0.334945
vt 0.060311 0.307952
vt 0.040667 0.336873
vt 0.047299 0.308622
vt 0.050926 0.359984
vt 0.040843 0.363550
vt 0.032617 0.336126
vt 0.035295 0.308343
vt 0.076516 0.346026
vt 0.064237 0.380326
vt 0.055850 0.389512
vt 0.347125 0.859599
vt 0.302821 0.859868
vt 0.313973 0.835925
vt 0.336658 0.808518
vt 0.367135 0.839731
vt 0.283729 0.807906
vt 0.336227 0.876864
vt 0.256780 0.775283
vt 0.063681 0.279607
vt 0.072450 0.305374
vt 0.048307 0.278411
vt 0.080182 0.318915
vt 0.097465 0.296590
vt 0.553738 0.756956
vt 0.507533 0.727627
vt 0.537286 0.713935
vt 0.525049 0.770952
vt 0.499691 0.778727
vt 0.482676 0.735267
vt 0.495320 0.695516
vt 0.486323 0.669136
vt 0.524525 0.683363
vt 0.470165 0.702800
vt 0.476738 0.784673
vt 0.461017 0.740702
vt 0.448468 0.707815
vt 0.460924 0.677784
vt 0.438646 0.683585
vt 0.452891 0.654099
vt 0.455920 0.790609
vt 0.440391 0.746096
vt 0.427695 0.712512
vt 0.436804 0.796897
vt 0.420469 0.752010
vt 0.406580 0.717976
vt 0.417772 0.688683
vt 0.398709 0.761587
vt 0.418098 0.805121
vt 0.369002 0.780891
vt 0.394372 0.819810
vt 0.309210 0.775146
vt 0.287495 0.742692
vt 0.344605 0.744304
vt 0.235578 0.740430
vt 0.271363 0.717182
vt 0.313096 0.697240
vt 0.326069 0.716889
vt 0.264510 0.703024
vt 0.551746 0.111836
vt 0.576335 0.153133
vt 0.539747 0.123023
vt 0.504703 0.088844
vt 0.190070 0.739952
vt 0.224401 0.712812
vt 0.185877 0.087070
vt 0.202222 0.071643
vt 0.216569 0.104856
vt 0.218471 0.056279
vt 0.230787 0.086533
vt 0.202067 0.124495
vt 0.186577 0.147165
vt 0.254722 0.054316
vt 0.286862 0.061288
vt 0.281961 0.069821
vt 0.236834 0.031180
vt 0.260178 0.045212
vt 0.244268 0.069236
vt 0.231078 0.040854
vt 0.259987 0.102512
vt 0.246926 0.120960
vt 0.232892 0.141060
vt 0.216598 0.163615
vt 0.270673 0.132449
vt 0.272062 0.084970
vt 0.282903 0.113809
vt 0.257046 0.153405
vt 0.238895 0.178021
vt 0.260689 0.190008
vt 0.309234 0.949121
vt 0.159860 0.476951
vt 0.178535 0.488006
vt 0.181198 0.482228
vt 0.533541 0.272989
vt 0.549025 0.245160
vt 0.505525 0.280998
vt 0.517715 0.253160
vt 0.520777 0.299233
vt 0.581325 0.239471
vt 0.074443 0.406970
vt 0.554262 0.631617
vt 0.559365 0.606757
vt 0.573372 0.601156
vt 0.550173 0.668539
vt 0.535986 0.642654
vt 0.543625 0.613283
vt 0.513000 0.656782
vt 0.502494 0.632798
vt 0.524998 0.621312
vt 0.477646 0.644601
vt 0.200098 0.481621
vt 0.188201 0.289971
vt 0.131112 0.285213
vt 0.170149 0.272364
vt 0.238221 0.220283
vt 0.212673 0.254487
vt 0.265043 0.236111
vt 0.194663 0.237828
vt 0.218008 0.205459
vt 0.486129 0.290082
vt 0.454125 0.178443
vt 0.478881 0.201500
vt 0.529367 0.215223
vt 0.500168 0.227399
vt 0.505682 0.187199
vt 0.489722 0.263785
vt 0.560033 0.204500
vt 0.612119 0.235434
vt 0.201069 0.003906
vt 0.192097 0.015791
vt 0.181815 0.010174
vt 0.559378 0.573583
vt 0.551344 0.590680
vt 0.544933 0.577732
vt 0.165480 0.017818
vt 0.187260 0.018169
vt 0.203788 0.014348
vt 0.387386 0.108141
vt 0.412592 0.131864
vt 0.354464 0.097340
vt 0.427070 0.159901
vt 0.445988 0.144561
vt 0.476698 0.163991
vt 0.641761 0.331401
vt 0.679263 0.353251
vt 0.219325 0.024066
vt 0.017839 0.334153
vt 0.149225 0.030890
vt 0.099109 0.812414
vt 0.065092 0.814823
vt 0.095532 0.800660
vt 0.678733 0.328844
vt 0.689637 0.288310
vt 0.695626 0.326968
vt 0.668131 0.295350
vt 0.412954 0.343982
vt 0.413934 0.370963
vt 0.399155 0.336410
vt 0.414732 0.313126
vt 0.430035 0.326044
vt 0.396988 0.300074
vt 0.433538 0.295554
vt 0.449415 0.312783
vt 0.429978 0.661228
vt 0.408539 0.667528
vt 0.422242 0.641516
vt 0.444333 0.633579
vt 0.396103 0.694672
vt 0.385800 0.674939
vt 0.400360 0.648640
vt 0.380488 0.726921
vt 0.366331 0.703097
vt 0.354293 0.683841
vt 0.376031 0.657335
vt 0.342451 0.658429
vt 0.373399 0.648228
vt 0.344790 0.666393
vt 0.299843 0.664236
vt 0.483707 0.114789
vt 0.441883 0.092808
vt 0.497418 0.101207
vt 0.521095 0.135496
vt 0.291964 0.052500
vt 0.265432 0.035423
vt 0.318120 0.058475
vt 0.295668 0.044636
vt 0.458187 0.610792
vt 0.437417 0.621592
vt 0.482877 0.597118
vt 0.467644 0.624603
vt 0.269241 0.027497
vt 0.314057 0.065904
vt 0.308578 0.074285
vt 0.340260 0.070250
vt 0.334971 0.077786
vt 0.328890 0.086256
vt 0.302949 0.082949
vt 0.397673 0.638829
vt 0.418090 0.630303
vt 0.360594 0.088307
vt 0.348251 0.106892
vt 0.322803 0.095072
vt 0.534443 0.597039
vt 0.515513 0.603996
vt 0.526916 0.582174
vt 0.492726 0.613648
vt 0.507273 0.588681
vt 0.241575 0.020923
vt 0.245611 0.010960
vt 0.223050 0.005279
vt 0.610508 0.191104
vt 0.591509 0.144906
vt 0.627747 0.189656
vt 0.639063 0.230602
vt 0.659625 0.227300
vt 0.655312 0.263027
vt 0.588184 0.196650
vt 0.556545 0.162533
vt 0.679872 0.255011
vt 0.081052 0.284395
vt 0.294481 0.096551
vt 0.532398 0.173742
vt 0.499734 0.149408
vt 0.366297 0.079785
vt 0.393891 0.097707
vt 0.399323 0.087688
vt 0.436494 0.103812
vt 0.426449 0.117105
vt 0.465742 0.129345
vt 0.169089 0.174355
vt 0.197708 0.189404
vt 0.175881 0.221323
vt 0.149839 0.205924
vt 0.131435 0.238741
vt 0.153024 0.255665
vt 0.115034 0.269260
vt 0.468129 0.301292
vt 0.566254 0.585285
vt 0.221966 0.014551
vt 0.133689 0.048509
vt 0.114076 0.071366
vt 0.432843 0.401788
vt 0.457305 0.996094
vt 0.217871 0.584899
vt 0.299730 0.677560
s 1
f 1/1/1 383/2/2 382/3/3
f 325/4/4 2/5/5 1/1/1
f 1/1/1 324/6/6 325/4/4
f 382/3/3 319/7/7 1/1/1
f 2/5/5 384/8/8 383/2/2
f 326/9/9 385/10/10 2/5/5
f 6/11/11 4/12/12 3/13/13
f 3/14/13 5/15/14 6/16/11
f 3/14/13 673/17/15 802/18/16
f 3/13/13 489/19/17 488/20/18
f 236/21/19 235/22/20 4/12/12
f 235/22/20 489/19/17 4/12/12
f 286/23/21 7/24/22 5/15/14
f 5/15/14 196/25/23 286/23/21
f 5/15/14 237/26/24 6/16/11
f 237/27/24 236/21/19 6/11/11
f 288/28/25 789/29/26 7/24/22
f 789/29/26 237/26/24 7/24/22
f 8/30/27 11/31/28 12/32/29
f 8/30/27 647/33/30 652/34/31
f 9/35/32 648/36/33 8/30/27
f 8/30/27 13/37/34 9/35/32
f 9/35/32 14/38/35 10/39/36
f 10/39/36 649/40/37 9/35/32
f 14/38/35 516/41/38 10/39/36
f 516/41/38 650/42/39 10/39/36
f 11/31/28 15/43/40 12/32/29
f 526/44/41 527/45/42 11/31/28
f 652/34/31 526/44/41 11/31/28
f 12/32/29 16/46/43 13/37/34
f 13/37/34 17/47/44 14/38/35
f 14/38/35 523/48/45 520/49/46
f 527/45/42 529/50/47 15/43/40
f 15/43/40 530/51/48 16/46/43
f 16/46/43 18/52/49 17/47/44
f 17/47/44 525/53/50 523/48/45
f 18/52/49 567/54/51 525/53/50
f 530/51/48 49/55/52 18/52/49
f 705/56/53 20/57/54 19/58/55
f 19/58/55 704/59/56 705/56/53
f 805/60/57 566/61/58 19/58/55
f 20/57/54 805/60/57 19/58/55
f 314/62/59 55/63/60 20/57/54
f 706/64/61 314/62/59 20/57/54
f 355/65/62 22/66/63 21/67/64
f 21/67/64 352/68/65 355/65/62
f 387/69/66 347/70/67 21/67/64
f 21/67/64 388/71/68 387/69/66
f 359/72/69 23/73/70 22/66/63
f 22/66/63 348/74/71 388/71/68
f 23/73/70 786/75/72 348/74/71
f 23/73/70 561/76/73 26/77/74
f 24/78/75 346/79/76 787/80/77
f 83/81/78 25/82/79 24/78/75
f 24/78/75 242/83/80 83/81/78
f 787/80/77 233/84/81 24/78/75
f 25/82/79 351/85/82 352/68/65
f 25/82/79 347/70/67 346/79/76
f 71/86/83 786/75/72 26/77/74
f 26/77/74 74/87/84 71/86/83
f 56/88/85 31/89/86 27/90/87
f 27/90/87 519/91/88 56/88/85
f 28/92/89 813/93/90 27/90/87
f 31/89/86 28/92/89 27/90/87
f 32/94/91 29/95/92 28/92/89
f 28/92/89 558/96/93 557/97/94
f 33/98/95 30/99/96 29/95/92
f 29/95/92 559/100/97 558/96/93
f 30/99/96 560/101/98 559/100/97
f 34/102/99 809/103/100 30/99/96
f 58/104/101 35/105/102 31/89/86
f 35/105/102 32/94/91 31/89/86
f 36/106/103 33/98/95 32/94/91
f 37/107/104 34/102/99 33/98/95
f 320/108/105 316/109/106 34/102/99
f 61/110/107 38/111/108 35/105/102
f 35/105/102 39/112/109 36/106/103
f 39/112/109 37/107/104 36/106/103
f 328/113/110 320/108/105 37/107/104
f 38/111/108 66/114/111 40/115/112
f 40/115/112 39/112/109 38/111/108
f 334/116/113 328/113/110 39/112/109
f 40/115/112 67/117/114 41/118/115
f 41/118/115 334/116/113 40/115/112
f 67/117/114 315/119/116 41/118/115
f 315/119/116 338/120/117 41/118/115
f 471/121/118 43/122/119 42/123/120
f 42/123/120 44/124/121 471/121/118
f 513/125/122 543/126/123 42/123/120
f 42/123/120 722/127/124 513/125/122
f 472/128/125 470/129/126 43/122/119
f 43/122/119 723/130/127 722/127/124
f 545/131/128 474/132/129 44/124/121
f 44/124/121 512/133/130 545/131/128
f 44/124/121 475/134/131 471/121/118
f 45/135/132 627/136/133 628/137/134
f 47/138/135 46/139/136 45/135/132
f 45/135/132 192/140/137 47/138/135
f 628/137/134 798/141/138 45/135/132
f 46/139/136 742/142/139 627/136/133
f 96/143/140 556/144/141 46/139/136
f 802/18/16 96/143/140 47/138/135
f 47/138/135 196/25/23 802/18/16
f 488/20/18 226/145/142 48/146/143
f 48/147/143 673/17/15 488/148/18
f 807/149/144 672/150/145 48/147/143
f 226/145/142 807/151/144 48/146/143
f 49/55/52 568/152/146 567/54/51
f 533/153/147 50/154/148 49/55/52
f 50/154/148 746/155/149 568/152/146
f 51/156/150 748/157/151 50/154/148
f 497/158/152 52/159/153 51/156/150
f 51/156/150 532/160/154 497/158/152
f 707/161/155 709/162/156 52/159/153
f 52/159/153 749/163/157 748/157/151
f 54/164/158 311/165/159 53/166/160
f 563/167/161 54/164/158 53/166/160
f 53/166/160 574/168/162 563/167/161
f 53/166/160 159/169/163 315/119/116
f 54/164/158 805/60/57 55/63/60
f 55/63/60 312/170/164 54/164/158
f 522/171/165 58/104/101 56/88/85
f 56/88/85 518/172/166 522/171/165
f 57/173/167 61/110/107 58/104/101
f 524/174/168 60/175/169 57/173/167
f 57/173/167 521/176/170 524/174/168
f 59/177/171 63/178/172 60/175/169
f 525/53/50 62/179/173 59/177/171
f 59/177/171 523/48/45 525/53/50
f 60/175/169 64/180/174 61/110/107
f 62/179/173 65/181/175 63/178/172
f 567/54/51 569/182/176 62/179/173
f 63/178/172 66/114/111 64/180/174
f 65/181/175 67/117/114 66/114/111
f 569/182/176 571/183/177 65/181/175
f 571/183/177 574/168/162 67/117/114
f 68/184/178 777/185/179 776/186/180
f 367/187/181 365/188/182 68/184/178
f 68/184/178 70/189/183 367/187/181
f 776/186/180 485/190/184 68/184/178
f 73/191/185 70/189/183 69/192/186
f 69/192/186 72/193/187 73/191/185
f 484/194/188 487/195/189 69/192/186
f 69/192/186 485/190/184 484/194/188
f 370/196/190 367/187/181 70/189/183
f 71/86/83 75/197/191 72/193/187
f 72/193/187 486/198/192 71/86/83
f 72/193/187 374/199/193 73/191/185
f 374/199/193 370/196/190 73/191/185
f 74/87/84 560/101/98 809/103/100
f 809/103/100 75/197/191 74/87/84
f 379/200/194 374/199/193 75/197/191
f 76/201/195 733/202/196 78/203/197
f 705/56/53 745/204/198 76/201/195
f 76/201/195 706/64/61 705/56/53
f 78/203/197 77/205/199 76/201/195
f 79/206/200 220/207/201 77/205/199
f 77/205/199 221/208/202 706/64/61
f 811/209/203 79/206/200 78/203/197
f 78/203/197 496/210/204 811/209/203
f 79/206/200 218/211/205 219/212/206
f 80/213/207 85/214/208 81/215/209
f 771/216/210 84/217/211 80/213/207
f 80/213/207 785/218/212 771/216/210
f 81/215/209 239/219/213 80/213/207
f 81/215/209 86/220/214 82/221/215
f 82/221/215 240/222/216 81/215/209
f 82/221/215 349/223/217 83/81/78
f 83/81/78 241/224/218 82/221/215
f 84/217/211 88/225/219 85/214/208
f 770/226/220 87/227/221 84/217/211
f 85/214/208 350/228/222 86/220/214
f 86/220/214 351/85/82 349/223/217
f 87/227/221 90/229/219 88/225/219
f 769/230/223 89/231/224 87/227/221
f 88/225/219 353/232/225 350/228/222
f 89/231/224 356/233/226 90/229/219
f 768/234/227 91/235/228 89/231/224
f 90/229/219 357/236/229 353/232/225
f 360/237/230 356/233/226 91/235/228
f 91/235/228 766/238/231 360/237/230
f 92/239/232 553/240/233 185/241/234
f 92/239/232 93/242/235 94/243/236
f 810/244/237 461/245/238 92/239/232
f 185/241/234 810/244/237 92/239/232
f 93/242/235 501/246/239 95/247/240
f 461/245/238 462/248/241 93/242/235
f 95/247/240 94/243/236 93/242/235
f 94/243/236 186/249/242 553/240/233
f 740/250/243 535/251/244 95/247/240
f 95/247/240 630/252/245 740/250/243
f 673/17/15 806/253/246 96/143/140
f 97/254/247 231/255/248 227/256/249
f 340/257/250 230/258/251 97/254/247
f 97/254/247 779/259/252 340/257/250
f 227/256/249 780/260/253 97/254/247
f 98/261/254 232/262/255 99/263/256
f 98/261/254 396/264/257 100/265/258
f 339/266/259 238/267/260 98/261/254
f 99/263/256 339/266/259 98/261/254
f 99/268/256 263/269/261 230/258/251
f 100/265/258 267/270/262 232/262/255
f 396/264/257 266/271/263 100/265/258
f 541/272/264 102/273/265 101/274/266
f 101/274/266 721/275/267 541/272/264
f 633/276/268 181/277/269 101/274/266
f 101/274/266 103/278/270 633/276/268
f 102/273/265 694/279/271 103/278/270
f 115/280/272 681/281/273 102/273/265
f 103/278/270 695/282/274 104/283/275
f 104/283/275 633/276/268 103/278/270
f 104/283/275 696/284/276 105/285/277
f 105/285/277 634/286/278 104/283/275
f 638/287/279 635/288/280 105/285/277
f 105/285/277 697/289/281 638/287/279
f 109/290/282 107/291/283 106/292/284
f 537/293/285 109/290/282 106/292/284
f 106/292/284 551/294/286 537/293/285
f 106/292/284 716/295/287 552/296/288
f 107/291/283 540/297/289 719/298/290
f 107/291/283 717/299/291 716/295/287
f 538/300/292 111/301/293 108/302/294
f 108/302/294 801/303/295 538/300/292
f 108/302/294 112/304/296 109/290/282
f 109/290/282 113/305/297 110/306/298
f 110/306/298 114/307/299 540/297/289
f 111/301/293 726/308/300 112/304/296
f 539/309/301 725/310/302 111/301/293
f 112/304/296 727/311/303 113/305/297
f 113/305/297 728/312/304 114/307/299
f 114/307/299 115/280/272 541/272/264
f 541/272/264 540/297/289 114/307/299
f 728/312/304 443/313/305 115/280/272
f 116/314/306 229/315/307 793/316/308
f 188/317/309 117/318/310 116/314/306
f 116/314/306 163/319/311 188/317/309
f 793/316/308 544/320/312 116/314/306
f 190/321/313 792/322/314 117/318/310
f 792/322/314 229/315/307 117/318/310
f 118/323/315 126/324/316 119/325/317
f 327/326/318 125/327/319 118/323/315
f 118/328/315 795/329/320 327/330/318
f 119/331/317 750/332/321 118/328/315
f 119/325/317 127/333/322 120/334/323
f 119/331/317 752/335/324 751/336/325
f 120/334/323 128/337/326 121/338/327
f 120/339/323 753/340/328 752/335/324
f 121/338/327 129/341/329 122/342/330
f 122/343/330 753/340/328 121/344/327
f 122/342/330 130/345/331 123/346/332
f 123/347/332 754/348/333 122/343/330
f 123/346/332 131/349/334 124/350/335
f 124/351/335 755/352/336 123/347/332
f 124/350/335 290/353/337 289/354/338
f 289/355/338 756/356/339 124/351/335
f 125/327/319 133/357/340 126/324/316
f 326/9/9 132/358/341 125/327/319
f 126/324/316 134/359/342 127/333/322
f 127/333/322 135/360/343 128/337/326
f 128/337/326 136/361/344 129/341/329
f 129/341/329 137/362/345 130/345/331
f 130/345/331 291/363/346 131/349/334
f 131/349/334 292/364/347 290/353/337
f 325/4/4 333/365/348 132/358/341
f 132/358/341 138/366/349 133/357/340
f 138/366/349 134/359/342 133/357/340
f 134/359/342 140/367/350 135/360/343
f 135/360/343 141/368/351 136/361/344
f 141/368/351 137/362/345 136/361/344
f 142/369/352 291/363/346 137/362/345
f 138/366/349 144/370/353 139/371/354
f 333/365/348 143/372/355 138/366/349
f 139/371/354 145/373/356 140/367/350
f 140/367/350 146/374/357 141/368/351
f 146/374/357 142/369/352 141/368/351
f 147/375/358 293/376/359 142/369/352
f 143/372/355 149/377/360 144/370/353
f 332/378/361 148/379/362 143/372/355
f 144/370/353 150/380/363 145/373/356
f 145/373/356 151/381/364 146/374/357
f 151/381/364 147/375/358 146/374/357
f 297/382/365 295/383/366 147/375/358
f 331/384/367 337/385/368 148/379/362
f 148/379/362 152/386/369 149/377/360
f 149/377/360 153/387/370 150/380/363
f 150/380/363 154/388/371 151/381/364
f 151/381/364 300/389/372 297/382/365
f 152/386/369 156/390/373 153/387/370
f 152/386/369 336/391/374 155/392/375
f 153/387/370 303/393/376 154/388/371
f 154/388/371 304/394/377 300/389/372
f 155/392/375 158/395/378 156/390/373
f 155/392/375 335/396/379 157/397/380
f 156/390/373 307/398/381 303/393/376
f 335/396/379 338/120/117 157/397/380
f 157/397/380 159/169/163 158/395/378
f 158/395/378 311/165/159 307/398/381
f 160/399/382 780/260/253 189/400/383
f 547/401/384 779/402/252 160/403/382
f 160/403/382 548/404/385 547/401/384
f 189/400/383 757/405/386 160/399/382
f 188/317/309 162/406/387 161/407/388
f 161/407/388 190/321/313 188/317/309
f 161/407/388 550/408/389 757/405/386
f 163/319/311 800/409/390 162/406/387
f 162/406/387 164/410/391 550/408/389
f 544/320/312 510/411/392 163/319/311
f 166/412/393 165/413/394 164/414/391
f 164/410/391 510/411/392 166/415/393
f 165/413/394 550/416/389 164/414/391
f 167/417/395 180/418/396 165/413/394
f 180/418/396 549/419/397 165/413/394
f 168/420/398 167/417/395 166/412/393
f 166/415/393 511/421/399 168/422/398
f 169/423/400 179/424/401 167/417/395
f 170/425/402 169/423/400 168/420/398
f 168/422/398 512/133/130 170/426/402
f 171/427/403 178/428/404 169/423/400
f 172/429/405 171/427/403 170/425/402
f 170/426/402 543/126/123 172/430/405
f 174/431/406 177/432/407 171/427/403
f 172/429/405 173/433/408 174/431/406
f 173/433/408 176/434/409 174/431/406
f 718/435/410 175/436/411 173/433/408
f 513/437/122 718/435/410 173/433/408
f 175/436/411 182/438/412 176/434/409
f 720/439/413 181/277/269 175/436/411
f 176/434/409 183/440/414 177/432/407
f 177/432/407 184/441/415 178/428/404
f 178/428/404 631/442/416 179/424/401
f 179/424/401 632/443/417 180/418/396
f 632/443/417 546/444/418 180/418/396
f 182/438/412 634/286/278 183/440/414
f 183/440/414 635/288/280 184/441/415
f 184/441/415 636/445/419 631/442/416
f 542/446/420 218/211/205 185/241/234
f 553/240/233 542/446/420 185/241/234
f 186/249/242 562/447/421 553/240/233
f 186/249/242 187/448/422 670/449/423
f 535/251/244 536/450/424 186/249/242
f 799/451/425 670/449/423 187/448/422
f 187/448/422 226/145/142 799/451/425
f 536/450/424 804/452/426 187/448/422
f 189/400/383 781/453/427 190/321/313
f 191/454/428 196/25/23 192/140/137
f 783/455/429 195/456/430 191/454/428
f 191/454/428 403/457/431 783/455/429
f 192/140/137 404/458/432 191/454/428
f 193/459/433 284/460/434 194/461/435
f 782/462/436 283/463/437 193/459/433
f 193/459/433 406/464/438 782/462/436
f 194/461/435 407/465/439 193/459/433
f 194/461/435 285/466/440 195/456/430
f 195/456/430 286/23/21 196/25/23
f 198/467/441 278/468/442 197/469/443
f 197/469/443 378/470/444 198/467/441
f 275/471/445 373/472/446 197/473/443
f 197/473/443 276/474/447 275/471/445
f 198/467/441 384/475/8 199/476/448
f 199/476/448 280/477/449 198/467/441
f 199/476/448 385/478/10 386/479/450
f 386/479/450 790/480/451 199/476/448
f 200/481/452 240/222/216 238/267/260
f 200/481/452 785/218/212 239/219/213
f 339/266/259 772/482/453 200/481/452
f 201/483/454 204/484/455 205/485/456
f 201/483/454 490/486/457 235/22/20
f 202/487/458 234/488/459 201/483/454
f 201/483/454 206/489/460 202/487/458
f 202/487/458 207/490/461 203/491/462
f 203/491/462 796/492/463 202/487/458
f 207/490/461 508/493/464 203/491/462
f 203/491/462 507/494/465 509/495/466
f 211/496/467 205/485/456 204/484/455
f 204/484/455 210/497/468 211/496/467
f 212/498/469 206/489/460 205/485/456
f 206/489/460 214/499/470 207/490/461
f 207/490/461 215/500/471 208/501/472
f 215/500/471 209/502/473 208/501/472
f 208/501/472 506/503/474 508/493/464
f 209/502/473 223/504/475 506/503/474
f 216/505/476 504/506/477 209/502/473
f 290/353/337 211/496/467 210/497/468
f 210/497/468 289/354/338 290/353/337
f 292/364/347 212/498/469 211/496/467
f 294/507/478 213/508/479 212/498/469
f 213/508/479 299/509/480 214/499/470
f 214/499/470 302/510/481 215/500/471
f 215/500/471 306/511/482 216/505/476
f 306/511/482 217/512/483 216/505/476
f 310/513/484 221/208/202 217/512/483
f 217/512/483 220/207/201 504/506/477
f 222/514/485 219/212/206 218/211/205
f 219/212/206 504/506/477 220/207/201
f 542/446/420 505/515/486 222/514/485
f 222/514/485 506/503/474 223/504/475
f 224/516/487 509/495/466 507/494/465
f 503/517/488 225/518/489 224/516/487
f 224/516/487 794/519/490 503/517/488
f 507/494/465 502/520/491 224/516/487
f 799/451/425 234/488/459 225/518/489
f 225/518/489 796/492/463 509/495/466
f 226/145/142 490/486/457 799/451/425
f 228/521/492 781/453/427 227/256/249
f 227/256/249 261/522/493 228/521/492
f 228/521/492 262/523/494 229/315/307
f 229/315/307 758/524/495 793/316/308
f 230/258/251 264/525/496 231/255/248
f 231/255/248 265/526/497 261/522/493
f 232/527/255 268/528/498 263/269/261
f 233/84/81 776/186/180 777/185/179
f 233/84/81 797/529/499 242/83/80
f 238/267/260 241/224/218 396/264/257
f 242/83/80 396/264/257 241/224/218
f 265/526/497 244/530/500 243/531/501
f 243/531/501 261/522/493 265/526/497
f 759/532/502 262/523/494 243/531/501
f 243/531/501 760/533/503 759/532/502
f 246/534/504 760/533/503 244/530/500
f 270/535/505 246/534/504 244/530/500
f 248/536/506 246/534/504 245/537/507
f 274/538/508 248/536/506 245/537/507
f 245/537/507 269/539/509 274/538/508
f 249/540/510 761/541/511 246/534/504
f 247/542/512 279/543/513 250/544/514
f 274/538/508 277/545/515 247/542/512
f 250/544/514 248/536/506 247/542/512
f 248/536/506 252/546/516 249/540/510
f 249/540/510 763/547/517 762/548/518
f 250/544/514 255/549/519 251/550/520
f 279/543/513 254/551/521 250/544/514
f 251/550/520 256/552/522 252/546/516
f 252/546/516 764/553/523 763/547/517
f 253/554/524 258/555/525 254/551/521
f 280/477/449 257/556/526 253/554/524
f 279/543/513 280/477/449 253/554/524
f 254/551/521 259/557/527 255/549/519
f 255/549/519 260/558/528 256/552/522
f 256/552/522 765/559/529 764/553/523
f 257/556/526 405/560/530 258/555/525
f 790/480/451 408/561/531 257/556/526
f 258/555/525 400/562/532 259/557/527
f 259/557/527 397/563/533 260/558/528
f 260/558/528 784/564/534 765/559/529
f 263/269/261 269/539/509 264/525/496
f 264/525/496 270/535/505 265/526/497
f 266/271/263 272/565/535 267/270/262
f 266/271/263 366/566/536 271/567/537
f 267/568/262 273/569/538 268/528/498
f 268/528/498 274/538/508 269/539/509
f 275/471/445 272/565/535 271/567/537
f 271/567/537 369/570/539 275/471/445
f 276/571/447 273/569/538 272/572/535
f 278/468/442 277/545/515 276/571/447
f 454/573/540 282/574/541 281/575/542
f 281/575/542 453/576/543 454/573/540
f 281/575/542 782/462/436 408/561/531
f 282/574/541 456/577/544 283/463/437
f 283/463/437 457/578/545 284/460/434
f 284/460/434 287/579/546 285/466/440
f 285/466/440 288/28/25 286/23/21
f 287/579/546 756/356/339 288/28/25
f 457/578/545 755/352/336 287/579/546
f 291/363/346 294/507/478 292/364/347
f 295/383/366 294/507/478 293/376/359
f 298/580/547 296/581/548 295/383/366
f 300/389/372 298/580/547 297/382/365
f 301/582/549 299/509/480 298/580/547
f 304/394/377 301/582/549 300/389/372
f 305/583/550 302/510/481 301/582/549
f 303/393/376 308/584/551 304/394/377
f 308/584/551 305/583/550 304/394/377
f 305/583/550 310/513/484 306/511/482
f 307/398/381 312/170/164 308/584/551
f 312/170/164 309/585/552 308/584/551
f 309/585/552 314/62/59 310/513/484
f 321/586/553 317/587/554 316/109/106
f 316/109/106 379/200/194 809/103/100
f 322/588/555 318/589/556 317/587/554
f 317/587/554 380/590/557 379/200/194
f 323/591/558 319/7/7 318/589/556
f 318/589/556 381/592/559 380/590/557
f 320/108/105 330/593/560 321/586/553
f 330/593/560 322/588/555 321/586/553
f 331/384/367 323/591/558 322/588/555
f 332/378/361 324/6/6 323/591/558
f 327/330/318 386/479/450 385/478/10
f 335/396/379 329/594/561 328/113/110
f 329/594/561 337/385/368 330/593/560
f 340/595/250 788/596/562 339/266/259
f 341/597/563 495/598/564 342/599/565
f 703/600/566 491/601/567 341/597/563
f 341/597/563 414/602/568 703/600/566
f 342/599/565 463/603/569 341/597/563
f 766/238/231 343/604/570 342/599/565
f 495/598/564 766/238/231 342/599/565
f 767/605/571 344/606/572 343/604/570
f 343/604/570 464/607/573 463/603/569
f 344/606/572 769/230/223 345/608/574
f 345/608/574 464/607/573 344/606/572
f 466/609/575 465/610/576 345/608/574
f 345/608/574 770/226/220 466/609/575
f 346/79/76 778/611/577 459/612/578
f 459/612/578 787/80/77 346/79/76
f 348/74/71 791/613/579 388/71/68
f 786/75/72 482/614/580 348/74/71
f 350/228/222 354/615/581 351/85/82
f 351/85/82 355/65/62 352/68/65
f 353/232/225 358/616/582 354/615/581
f 354/615/581 359/72/69 355/65/62
f 361/617/583 357/236/229 356/233/226
f 362/618/584 358/616/582 357/236/229
f 363/619/585 359/72/69 358/616/582
f 557/97/94 361/617/583 360/237/230
f 766/238/231 557/97/94 360/237/230
f 558/96/93 362/618/584 361/617/583
f 559/100/97 363/619/585 362/618/584
f 560/101/98 364/620/586 363/619/585
f 368/621/587 366/566/536 365/188/182
f 366/566/536 777/185/179 365/188/182
f 371/622/588 368/621/587 367/187/181
f 372/623/589 369/570/539 368/621/587
f 375/624/590 371/622/588 370/196/190
f 376/625/591 372/623/589 371/622/588
f 377/626/592 373/472/446 372/623/589
f 380/590/557 375/624/590 374/199/193
f 381/592/559 376/625/591 375/624/590
f 382/3/3 377/626/592 376/625/591
f 383/2/2 378/627/444 377/626/592
f 795/329/320 453/576/543 386/479/450
f 387/69/66 791/613/579 773/628/593
f 773/628/593 778/611/577 387/69/66
f 413/629/594 393/630/595 389/631/596
f 389/631/596 409/632/597 413/629/594
f 390/633/598 410/634/599 389/631/596
f 389/631/596 394/635/600 390/633/598
f 390/633/598 395/636/601 391/637/602
f 391/637/602 411/638/603 390/633/598
f 391/637/602 547/401/384 548/404/385
f 548/404/385 546/444/418 391/637/602
f 392/639/604 465/610/576 393/630/595
f 392/639/604 463/603/569 464/607/573
f 413/629/594 414/602/568 392/639/604
f 393/630/595 467/640/605 394/635/600
f 394/635/600 469/641/606 395/636/601
f 469/641/606 547/401/384 395/636/601
f 400/562/532 398/642/607 397/563/533
f 398/642/607 784/564/534 397/563/533
f 398/642/607 402/643/608 399/644/609
f 398/642/607 433/645/610 432/646/611
f 438/647/612 433/645/610 399/644/609
f 399/644/609 403/457/431 438/647/612
f 405/560/530 401/648/613 400/562/532
f 401/648/613 407/465/439 402/643/608
f 402/643/608 783/455/429 403/457/431
f 404/458/432 438/647/612 403/457/431
f 798/141/138 439/649/614 404/458/432
f 408/561/531 406/464/438 405/560/530
f 410/634/599 639/650/615 409/632/597
f 812/651/616 413/629/594 409/632/597
f 639/650/615 812/651/616 409/632/597
f 411/638/603 637/652/617 410/634/599
f 412/653/618 703/600/566 414/602/568
f 812/651/616 701/654/619 412/653/618
f 415/655/620 417/656/621 478/657/622
f 758/524/495 416/658/623 415/655/620
f 415/655/620 793/316/308 758/524/495
f 478/657/622 474/132/129 415/655/620
f 419/659/624 417/656/621 416/658/623
f 416/658/623 760/533/503 419/659/624
f 420/660/625 418/661/626 417/656/621
f 418/661/626 478/657/622 417/656/621
f 481/662/627 479/663/628 418/661/626
f 421/664/629 481/662/627 418/661/626
f 423/665/630 420/660/625 419/659/624
f 419/659/624 761/541/511 423/665/630
f 424/666/631 421/664/629 420/660/625
f 425/667/632 422/668/633 421/664/629
f 576/669/634 660/670/635 422/668/633
f 660/670/635 481/662/627 422/668/633
f 426/671/636 424/666/631 423/665/630
f 423/665/630 762/548/518 426/671/636
f 427/672/637 425/667/632 424/666/631
f 428/673/638 576/669/634 425/667/632
f 429/674/639 427/672/637 426/671/636
f 426/671/636 763/547/517 429/674/639
f 430/675/640 428/673/638 427/672/637
f 580/676/641 578/677/642 428/673/638
f 429/674/639 584/678/643 430/675/640
f 763/547/517 431/679/644 429/674/639
f 584/678/643 580/676/641 430/675/640
f 431/679/644 590/680/645 584/678/643
f 764/553/523 589/681/646 431/679/644
f 432/646/611 590/680/645 589/681/646
f 589/681/646 784/564/534 432/646/611
f 434/682/647 590/680/645 433/645/610
f 434/682/647 439/649/614 435/683/648
f 435/683/648 591/684/649 434/682/647
f 435/683/648 440/685/650 436/686/651
f 435/683/648 593/687/652 592/688/653
f 440/685/650 437/689/654 436/686/651
f 437/689/654 593/687/652 436/686/651
f 437/690/654 623/691/655 624/692/656
f 624/692/656 594/693/657 437/690/654
f 440/685/650 619/694/658 620/695/659
f 442/696/660 727/311/303 441/697/661
f 441/697/661 447/698/662 442/696/660
f 730/699/663 446/700/664 441/697/661
f 441/697/661 726/308/300 730/699/663
f 442/696/660 448/701/665 443/313/305
f 443/313/305 682/702/666 681/281/273
f 444/703/667 599/704/668 640/705/669
f 444/703/667 715/706/670 596/707/671
f 445/708/672 729/709/673 444/703/667
f 640/705/669 445/708/672 444/703/667
f 445/708/672 449/710/674 446/700/664
f 446/700/664 450/711/675 447/698/662
f 447/698/662 451/712/676 448/701/665
f 448/701/665 685/713/677 682/702/666
f 449/710/674 645/714/678 450/711/675
f 641/715/679 644/716/680 449/710/674
f 450/711/675 452/717/681 451/712/676
f 451/712/676 689/718/682 685/713/677
f 452/717/681 693/719/683 689/718/682
f 645/714/678 650/42/39 452/717/681
f 750/332/321 454/573/540 453/576/543
f 751/336/325 455/720/684 454/573/540
f 752/335/324 456/577/544 455/720/684
f 456/577/544 754/348/333 457/578/545
f 458/721/685 775/722/686 776/186/180
f 459/612/578 774/723/687 775/722/686
f 460/724/688 499/725/689 462/248/241
f 735/726/690 500/727/691 460/724/688
f 460/724/688 734/728/692 735/726/690
f 462/248/241 655/729/693 501/246/239
f 468/730/694 467/640/605 466/609/575
f 466/609/575 771/216/210 468/730/694
f 468/730/694 788/596/562 469/641/606
f 468/730/694 785/218/212 772/482/453
f 473/731/695 710/732/696 470/129/126
f 470/129/126 739/733/697 723/130/127
f 475/134/131 472/128/125 471/121/118
f 476/734/698 473/731/695 472/128/125
f 477/735/699 608/736/700 473/731/695
f 475/134/131 479/663/628 476/734/698
f 476/734/698 480/737/701 477/735/699
f 477/735/699 613/738/702 610/739/703
f 480/737/701 617/740/704 613/738/702
f 486/198/192 483/741/705 482/614/580
f 483/741/705 791/613/579 482/614/580
f 483/741/705 774/723/687 773/628/593
f 484/194/188 775/722/686 774/723/687
f 491/601/567 494/742/706 495/598/564
f 702/743/707 692/744/708 491/601/567
f 492/745/709 518/172/166 493/746/710
f 693/719/683 517/747/711 492/745/709
f 492/745/709 689/718/682 693/719/683
f 492/745/709 691/748/712 690/749/713
f 493/746/710 519/91/88 494/742/706
f 493/746/710 692/744/708 691/748/712
f 494/742/706 813/93/90 495/598/564
f 734/728/692 811/209/203 496/210/204
f 496/210/204 735/726/690 734/728/692
f 733/202/196 731/750/714 496/210/204
f 497/158/152 531/751/715 534/752/716
f 534/752/716 707/161/155 497/158/152
f 658/753/717 500/727/691 498/754/718
f 498/754/718 659/755/719 658/753/717
f 498/754/718 708/756/720 707/161/155
f 499/725/689 656/757/721 655/729/693
f 501/246/239 625/758/722 630/252/245
f 502/520/491 562/447/421 794/519/490
f 794/519/490 670/449/423 503/517/488
f 505/515/486 508/493/464 506/503/474
f 511/421/399 545/131/128 512/133/130
f 737/759/723 515/760/724 514/761/725
f 514/762/725 711/763/726 737/764/723
f 551/294/286 736/765/727 514/761/725
f 514/761/725 808/766/728 551/294/286
f 738/767/729 538/300/292 515/760/724
f 515/760/724 801/303/295 808/766/728
f 516/41/38 521/176/170 517/747/711
f 517/747/711 522/171/165 518/172/166
f 520/49/46 524/174/168 521/176/170
f 667/768/730 675/769/731 526/44/41
f 526/44/41 607/770/732 667/768/730
f 675/769/731 528/771/733 527/45/42
f 528/771/733 532/160/154 529/50/47
f 678/772/734 531/751/715 528/771/733
f 529/50/47 533/153/147 530/51/48
f 680/773/735 534/752/716 531/751/715
f 555/774/736 803/775/737 536/450/424
f 537/293/285 808/766/728 801/303/295
f 738/767/729 724/776/738 539/309/301
f 721/275/267 719/298/290 540/297/289
f 757/777/386 549/419/397 548/404/385
f 552/296/288 739/778/697 736/765/727
f 671/779/739 804/780/426 554/781/740
f 554/781/740 556/144/141 671/779/739
f 743/782/741 742/783/139 554/784/740
f 554/784/740 803/775/737 743/782/741
f 555/774/736 741/785/742 743/782/741
f 806/253/246 671/779/739 556/144/141
f 565/786/743 564/787/744 563/167/161
f 563/167/161 573/788/745 565/786/743
f 565/786/743 572/789/746 575/790/747
f 575/790/747 566/61/58 565/786/743
f 568/152/146 570/791/748 569/182/176
f 570/791/748 573/788/745 571/183/177
f 746/155/149 572/789/746 570/791/748
f 747/792/749 575/790/747 572/789/746
f 744/793/750 704/59/56 575/790/747
f 578/677/642 577/794/751 576/669/634
f 579/795/752 661/796/753 577/794/751
f 577/794/751 600/797/754 660/670/635
f 581/798/755 579/795/752 578/677/642
f 582/799/756 662/800/757 579/795/752
f 585/801/758 581/798/755 580/676/641
f 586/802/759 582/799/756 581/798/755
f 587/803/760 583/804/761 582/799/756
f 583/804/761 668/805/762 665/806/763
f 665/806/763 662/800/757 583/804/761
f 590/680/645 585/801/758 584/678/643
f 591/684/649 586/802/759 585/801/758
f 592/688/653 587/803/760 586/802/759
f 593/687/652 588/807/764 587/803/760
f 588/807/764 595/808/765 668/805/762
f 676/809/766 668/810/762 595/811/765
f 595/811/765 654/812/767 676/809/766
f 596/707/671 598/813/768 599/704/668
f 715/706/670 616/814/769 596/707/671
f 601/815/770 598/813/768 597/816/771
f 597/817/771 600/797/754 601/818/770
f 615/819/772 618/820/773 597/817/771
f 597/816/771 616/814/769 615/821/772
f 602/822/774 599/704/668 598/813/768
f 603/823/775 640/705/669 599/704/668
f 661/796/753 601/818/770 600/797/754
f 618/820/773 660/670/635 600/797/754
f 604/824/776 602/822/774 601/815/770
f 605/825/777 603/823/775 602/822/774
f 606/826/778 642/827/779 603/823/775
f 661/796/753 663/828/780 604/829/776
f 604/824/776 664/830/781 605/825/777
f 605/825/777 607/770/732 606/826/778
f 606/826/778 651/831/782 646/832/783
f 664/830/781 667/768/730 607/770/732
f 610/739/703 609/833/784 608/736/700
f 608/736/700 711/763/726 710/732/696
f 609/833/784 737/764/723 711/763/726
f 611/834/785 712/835/786 609/833/784
f 613/738/702 611/834/785 610/739/703
f 614/836/787 612/837/788 611/834/785
f 615/821/772 714/838/789 612/839/788
f 714/838/789 712/840/786 612/839/788
f 617/740/704 614/836/787 613/738/702
f 622/841/790 620/842/659 619/843/658
f 619/843/658 621/844/791 622/841/790
f 621/844/791 630/252/245 625/758/722
f 628/845/134 629/846/792 621/844/791
f 625/758/722 622/841/790 621/844/791
f 626/847/793 623/691/655 622/841/790
f 653/848/794 624/692/656 623/691/655
f 655/729/693 626/847/793 625/758/722
f 656/757/721 653/848/794 626/847/793
f 742/783/139 629/846/792 627/849/133
f 741/785/742 630/252/245 629/846/792
f 631/442/416 637/652/617 632/443/417
f 636/445/419 639/650/615 637/652/617
f 638/287/279 698/850/795 639/650/615
f 642/827/779 641/715/679 640/705/669
f 646/832/783 643/851/796 642/827/779
f 643/851/796 648/36/33 644/716/680
f 644/716/680 649/40/37 645/714/678
f 651/831/782 647/33/30 646/832/783
f 657/852/797 654/812/767 653/848/794
f 679/853/798 676/809/766 654/812/767
f 658/753/717 657/852/797 656/757/721
f 659/755/719 679/853/798 657/852/797
f 663/854/780 666/855/799 664/830/781
f 665/856/763 669/857/800 666/855/799
f 666/855/799 674/858/801 667/768/730
f 669/857/800 677/859/802 674/858/801
f 674/858/801 678/772/734 675/769/731
f 677/859/802 680/773/735 678/772/734
f 681/281/273 683/860/803 694/279/271
f 682/702/666 686/861/804 683/860/803
f 683/860/803 687/862/805 684/863/806
f 684/863/806 694/279/271 683/860/803
f 687/862/805 699/864/807 684/863/806
f 684/863/806 696/284/276 695/282/274
f 689/718/682 686/861/804 685/713/677
f 690/749/713 687/862/805 686/861/804
f 691/748/712 688/865/808 687/862/805
f 688/865/808 700/866/809 699/864/807
f 699/864/807 697/289/281 696/284/276
f 700/866/809 698/850/795 697/289/281
f 702/743/707 701/654/619 700/866/809
f 708/756/720 731/750/714 709/162/156
f 709/162/156 732/867/810 749/163/157
f 710/732/696 736/868/727 739/733/697
f 713/869/811 737/759/723 712/840/786
f 713/869/811 715/706/670 724/776/738
f 729/709/673 724/776/738 715/706/670
f 716/295/287 723/870/127 739/778/697
f 717/299/291 720/439/413 718/435/410
f 717/299/291 722/871/124 723/870/127
f 725/310/302 730/699/663 726/308/300
f 732/867/810 745/204/198 744/793/750
f 744/793/750 749/163/157 732/867/810
f 748/157/151 747/792/749 746/155/149
f 1/1/1 2/5/5 383/2/2
f 325/4/4 326/9/9 2/5/5
f 1/1/1 319/7/7 324/6/6
f 382/3/3 381/592/559 319/7/7
f 2/5/5 385/10/10 384/8/8
f 326/9/9 327/326/318 385/10/10
f 6/11/11 236/21/19 4/12/12
f 3/14/13 802/18/16 5/15/14
f 3/14/13 488/148/18 673/17/15
f 3/13/13 4/12/12 489/19/17
f 236/21/19 204/484/455 235/22/20
f 235/22/20 490/486/457 489/19/17
f 286/23/21 288/28/25 7/24/22
f 5/15/14 802/18/16 196/25/23
f 5/15/14 7/24/22 237/26/24
f 237/27/24 210/497/468 236/21/19
f 288/28/25 756/356/339 789/29/26
f 789/29/26 289/355/338 237/26/24
f 8/30/27 652/34/31 11/31/28
f 8/30/27 648/36/33 647/33/30
f 9/35/32 649/40/37 648/36/33
f 8/30/27 12/32/29 13/37/34
f 9/35/32 13/37/34 14/38/35
f 10/39/36 650/42/39 649/40/37
f 14/38/35 520/49/46 516/41/38
f 516/41/38 693/719/683 650/42/39
f 11/31/28 527/45/42 15/43/40
f 526/44/41 675/769/731 527/45/42
f 652/34/31 651/831/782 526/44/41
f 12/32/29 15/43/40 16/46/43
f 13/37/34 16/46/43 17/47/44
f 14/38/35 17/47/44 523/48/45
f 527/45/42 528/771/733 529/50/47
f 15/43/40 529/50/47 530/51/48
f 16/46/43 530/51/48 18/52/49
f 17/47/44 18/52/49 525/53/50
f 18/52/49 49/55/52 567/54/51
f 530/51/48 533/153/147 49/55/52
f 705/56/53 706/64/61 20/57/54
f 19/58/55 566/61/58 704/59/56
f 805/60/57 564/787/744 566/61/58
f 20/57/54 55/63/60 805/60/57
f 314/62/59 313/872/812 55/63/60
f 706/64/61 221/208/202 314/62/59
f 355/65/62 359/72/69 22/66/63
f 21/67/64 347/70/67 352/68/65
f 387/69/66 778/611/577 347/70/67
f 21/67/64 22/66/63 388/71/68
f 359/72/69 364/620/586 23/73/70
f 22/66/63 23/73/70 348/74/71
f 23/73/70 26/77/74 786/75/72
f 23/73/70 364/620/586 561/76/73
f 24/78/75 25/82/79 346/79/76
f 83/81/78 349/223/217 25/82/79
f 24/78/75 233/84/81 242/83/80
f 787/80/77 458/721/685 233/84/81
f 25/82/79 349/223/217 351/85/82
f 25/82/79 352/68/65 347/70/67
f 71/86/83 486/198/192 786/75/72
f 26/77/74 561/76/73 74/87/84
f 56/88/85 58/104/101 31/89/86
f 27/90/87 813/93/90 519/91/88
f 28/92/89 557/97/94 813/93/90
f 31/89/86 32/94/91 28/92/89
f 32/94/91 33/98/95 29/95/92
f 28/92/89 29/95/92 558/96/93
f 33/98/95 34/102/99 30/99/96
f 29/95/92 30/99/96 559/100/97
f 30/99/96 809/103/100 560/101/98
f 34/102/99 316/109/106 809/103/100
f 58/104/101 61/110/107 35/105/102
f 35/105/102 36/106/103 32/94/91
f 36/106/103 37/107/104 33/98/95
f 37/107/104 320/108/105 34/102/99
f 320/108/105 321/586/553 316/109/106
f 61/110/107 64/180/174 38/111/108
f 35/105/102 38/111/108 39/112/109
f 39/112/109 328/113/110 37/107/104
f 328/113/110 329/594/561 320/108/105
f 38/111/108 64/180/174 66/114/111
f 40/115/112 334/116/113 39/112/109
f 334/116/113 335/396/379 328/113/110
f 40/115/112 66/114/111 67/117/114
f 41/118/115 338/120/117 334/116/113
f 67/117/114 574/168/162 315/119/116
f 315/119/116 159/169/163 338/120/117
f 471/121/118 472/128/125 43/122/119
f 42/123/120 543/126/123 44/124/121
f 513/125/122 172/430/405 543/126/123
f 42/123/120 43/122/119 722/127/124
f 472/128/125 473/731/695 470/129/126
f 43/122/119 470/129/126 723/130/127
f 545/131/128 793/316/308 474/132/129
f 44/124/121 543/126/123 512/133/130
f 44/124/121 474/132/129 475/134/131
f 45/135/132 46/139/136 627/136/133
f 47/138/135 96/143/140 46/139/136
f 45/135/132 798/141/138 192/140/137
f 628/137/134 619/694/658 798/141/138
f 46/139/136 556/144/141 742/142/139
f 96/143/140 806/253/246 556/144/141
f 802/18/16 673/17/15 96/143/140
f 47/138/135 192/140/137 196/25/23
f 488/20/18 489/19/17 226/145/142
f 48/147/143 672/150/145 673/17/15
f 807/149/144 671/779/739 672/150/145
f 226/145/142 804/452/426 807/151/144
f 49/55/52 50/154/148 568/152/146
f 533/153/147 51/156/150 50/154/148
f 50/154/148 748/157/151 746/155/149
f 51/156/150 52/159/153 748/157/151
f 497/158/152 707/161/155 52/159/153
f 51/156/150 533/153/147 532/160/154
f 707/161/155 708/756/720 709/162/156
f 52/159/153 709/162/156 749/163/157
f 54/164/158 312/170/164 311/165/159
f 563/167/161 564/787/744 54/164/158
f 53/166/160 315/119/116 574/168/162
f 53/166/160 311/165/159 159/169/163
f 54/164/158 564/787/744 805/60/57
f 55/63/60 313/872/812 312/170/164
f 522/171/165 57/173/167 58/104/101
f 56/88/85 519/91/88 518/172/166
f 57/173/167 60/175/169 61/110/107
f 524/174/168 59/177/171 60/175/169
f 57/173/167 522/171/165 521/176/170
f 59/177/171 62/179/173 63/178/172
f 525/53/50 567/54/51 62/179/173
f 59/177/171 524/174/168 523/48/45
f 60/175/169 63/178/172 64/180/174
f 62/179/173 569/182/176 65/181/175
f 567/54/51 568/152/146 569/182/176
f 63/178/172 65/181/175 66/114/111
f 65/181/175 571/183/177 67/117/114
f 569/182/176 570/791/748 571/183/177
f 571/183/177 573/788/745 574/168/162
f 68/184/178 365/188/182 777/185/179
f 367/187/181 368/621/587 365/188/182
f 68/184/178 485/190/184 70/189/183
f 776/186/180 775/722/686 485/190/184
f 73/191/185 370/196/190 70/189/183
f 69/192/186 487/195/189 72/193/187
f 484/194/188 483/741/705 487/195/189
f 69/192/186 70/189/183 485/190/184
f 370/196/190 371/622/588 367/187/181
f 71/86/83 74/87/84 75/197/191
f 72/193/187 487/195/189 486/198/192
f 72/193/187 75/197/191 374/199/193
f 374/199/193 375/624/590 370/196/190
f 74/87/84 561/76/73 560/101/98
f 809/103/100 379/200/194 75/197/191
f 379/200/194 380/590/557 374/199/193
f 76/201/195 745/204/198 733/202/196
f 705/56/53 704/59/56 745/204/198
f 76/201/195 77/205/199 706/64/61
f 78/203/197 79/206/200 77/205/199
f 79/206/200 219/212/206 220/207/201
f 77/205/199 220/207/201 221/208/202
f 811/209/203 810/244/237 79/206/200
f 78/203/197 733/202/196 496/210/204
f 79/206/200 810/244/237 218/211/205
f 80/213/207 84/217/211 85/214/208
f 771/216/210 770/226/220 84/217/211
f 80/213/207 239/219/213 785/218/212
f 81/215/209 240/222/216 239/219/213
f 81/215/209 85/214/208 86/220/214
f 82/221/215 241/224/218 240/222/216
f 82/221/215 86/220/214 349/223/217
f 83/81/78 242/83/80 241/224/218
f 84/217/211 87/227/221 88/225/219
f 770/226/220 769/230/223 87/227/221
f 85/214/208 88/225/219 350/228/222
f 86/220/214 350/228/222 351/85/82
f 87/227/221 89/231/224 90/229/219
f 769/230/223 768/234/227 89/231/224
f 88/225/219 90/229/219 353/232/225
f 89/231/224 91/235/228 356/233/226
f 768/234/227 767/605/571 91/235/228
f 90/229/219 356/233/226 357/236/229
f 360/237/230 361/617/583 356/233/226
f 91/235/228 767/605/571 766/238/231
f 92/239/232 94/243/236 553/240/233
f 92/239/232 461/245/238 93/242/235
f 810/244/237 734/728/692 461/245/238
f 185/241/234 218/211/205 810/244/237
f 93/242/235 462/248/241 501/246/239
f 461/245/238 460/724/688 462/248/241
f 95/247/240 535/251/244 94/243/236
f 94/243/236 535/251/244 186/249/242
f 740/250/243 555/774/736 535/251/244
f 95/247/240 501/246/239 630/252/245
f 673/17/15 672/150/145 806/253/246
f 97/254/247 230/258/251 231/255/248
f 340/257/250 99/268/256 230/258/251
f 97/254/247 780/260/253 779/259/252
f 227/256/249 781/453/427 780/260/253
f 98/261/254 100/265/258 232/262/255
f 98/261/254 238/267/260 396/264/257
f 339/266/259 200/481/452 238/267/260
f 99/263/256 340/595/250 339/266/259
f 99/268/256 232/527/255 263/269/261
f 100/265/258 266/271/263 267/270/262
f 396/264/257 797/529/499 266/271/263
f 541/272/264 115/280/272 102/273/265
f 101/274/266 181/277/269 721/275/267
f 633/276/268 182/438/412 181/277/269
f 101/274/266 102/273/265 103/278/270
f 102/273/265 681/281/273 694/279/271
f 115/280/272 443/313/305 681/281/273
f 103/278/270 694/279/271 695/282/274
f 104/283/275 634/286/278 633/276/268
f 104/283/275 695/282/274 696/284/276
f 105/285/277 635/288/280 634/286/278
f 638/287/279 636/445/419 635/288/280
f 105/285/277 696/284/276 697/289/281
f 109/290/282 110/306/298 107/291/283
f 537/293/285 108/302/294 109/290/282
f 106/292/284 552/296/288 551/294/286
f 106/292/284 107/291/283 716/295/287
f 107/291/283 110/306/298 540/297/289
f 107/291/283 719/298/290 717/299/291
f 538/300/292 539/309/301 111/301/293
f 108/302/294 537/293/285 801/303/295
f 108/302/294 111/301/293 112/304/296
f 109/290/282 112/304/296 113/305/297
f 110/306/298 113/305/297 114/307/299
f 111/301/293 725/310/302 726/308/300
f 539/309/301 724/776/738 725/310/302
f 112/304/296 726/308/300 727/311/303
f 113/305/297 727/311/303 728/312/304
f 114/307/299 728/312/304 115/280/272
f 541/272/264 721/275/267 540/297/289
f 728/312/304 442/696/660 443/313/305
f 116/314/306 117/318/310 229/315/307
f 188/317/309 190/321/313 117/318/310
f 116/314/306 544/320/312 163/319/311
f 793/316/308 545/131/128 544/320/312
f 190/321/313 781/453/427 792/322/314
f 792/322/314 228/521/492 229/315/307
f 118/323/315 125/327/319 126/324/316
f 327/326/318 326/9/9 125/327/319
f 118/328/315 750/332/321 795/329/320
f 119/331/317 751/336/325 750/332/321
f 119/325/317 126/324/316 127/333/322
f 119/331/317 120/339/323 752/335/324
f 120/334/323 127/333/322 128/337/326
f 120/339/323 121/344/327 753/340/328
f 121/338/327 128/337/326 129/341/329
f 122/343/330 754/348/333 753/340/328
f 122/342/330 129/341/329 130/345/331
f 123/347/332 755/352/336 754/348/333
f 123/346/332 130/345/331 131/349/334
f 124/351/335 756/356/339 755/352/336
f 124/350/335 131/349/334 290/353/337
f 289/355/338 789/29/26 756/356/339
f 125/327/319 132/358/341 133/357/340
f 326/9/9 325/4/4 132/358/341
f 126/324/316 133/357/340 134/359/342
f 127/333/322 134/359/342 135/360/343
f 128/337/326 135/360/343 136/361/344
f 129/341/329 136/361/344 137/362/345
f 130/345/331 137/362/345 291/363/346
f 131/349/334 291/363/346 292/364/347
f 325/4/4 324/6/6 333/365/348
f 132/358/341 333/365/348 138/366/349
f 138/366/349 139/371/354 134/359/342
f 134/359/342 139/371/354 140/367/350
f 135/360/343 140/367/350 141/368/351
f 141/368/351 142/369/352 137/362/345
f 142/369/352 293/376/359 291/363/346
f 138/366/349 143/372/355 144/370/353
f 333/365/348 332/378/361 143/372/355
f 139/371/354 144/370/353 145/373/356
f 140/367/350 145/373/356 146/374/357
f 146/374/357 147/375/358 142/369/352
f 147/375/358 295/383/366 293/376/359
f 143/372/355 148/379/362 149/377/360
f 332/378/361 331/384/367 148/379/362
f 144/370/353 149/377/360 150/380/363
f 145/373/356 150/380/363 151/381/364
f 151/381/364 297/382/365 147/375/358
f 297/382/365 298/580/547 295/383/366
f 331/384/367 330/593/560 337/385/368
f 148/379/362 337/385/368 152/386/369
f 149/377/360 152/386/369 153/387/370
f 150/380/363 153/387/370 154/388/371
f 151/381/364 154/388/371 300/389/372
f 152/386/369 155/392/375 156/390/373
f 152/386/369 337/385/368 336/391/374
f 153/387/370 156/390/373 303/393/376
f 154/388/371 303/393/376 304/394/377
f 155/392/375 157/397/380 158/395/378
f 155/392/375 336/391/374 335/396/379
f 156/390/373 158/395/378 307/398/381
f 335/396/379 334/116/113 338/120/117
f 157/397/380 338/120/117 159/169/163
f 158/395/378 159/169/163 311/165/159
f 160/399/382 779/259/252 780/260/253
f 547/401/384 788/596/562 779/402/252
f 160/403/382 757/777/386 548/404/385
f 189/400/383 161/407/388 757/405/386
f 188/317/309 163/319/311 162/406/387
f 161/407/388 189/400/383 190/321/313
f 161/407/388 162/406/387 550/408/389
f 163/319/311 510/411/392 800/409/390
f 162/406/387 800/409/390 164/410/391
f 544/320/312 511/421/399 510/411/392
f 166/412/393 167/417/395 165/413/394
f 164/410/391 800/409/390 510/411/392
f 165/413/394 549/419/397 550/416/389
f 167/417/395 179/424/401 180/418/396
f 180/418/396 546/444/418 549/419/397
f 168/420/398 169/423/400 167/417/395
f 166/415/393 510/411/392 511/421/399
f 169/423/400 178/428/404 179/424/401
f 170/425/402 171/427/403 169/423/400
f 168/422/398 511/421/399 512/133/130
f 171/427/403 177/432/407 178/428/404
f 172/429/405 174/431/406 171/427/403
f 170/426/402 512/133/130 543/126/123
f 174/431/406 176/434/409 177/432/407
f 172/429/405 513/437/122 173/433/408
f 173/433/408 175/436/411 176/434/409
f 718/435/410 720/439/413 175/436/411
f 513/437/122 722/871/124 718/435/410
f 175/436/411 181/277/269 182/438/412
f 720/439/413 721/275/267 181/277/269
f 176/434/409 182/438/412 183/440/414
f 177/432/407 183/440/414 184/441/415
f 178/428/404 184/441/415 631/442/416
f 179/424/401 631/442/416 632/443/417
f 632/443/417 411/638/603 546/444/418
f 182/438/412 633/276/268 634/286/278
f 183/440/414 634/286/278 635/288/280
f 184/441/415 635/288/280 636/445/419
f 542/446/420 222/514/485 218/211/205
f 553/240/233 562/447/421 542/446/420
f 186/249/242 670/449/423 562/447/421
f 186/249/242 536/450/424 187/448/422
f 535/251/244 555/774/736 536/450/424
f 799/451/425 503/517/488 670/449/423
f 187/448/422 804/452/426 226/145/142
f 536/450/424 803/775/737 804/452/426
f 189/400/383 780/260/253 781/453/427
f 191/454/428 195/456/430 196/25/23
f 783/455/429 194/461/435 195/456/430
f 191/454/428 404/458/432 403/457/431
f 192/140/137 798/141/138 404/458/432
f 193/459/433 283/463/437 284/460/434
f 782/462/436 282/574/541 283/463/437
f 193/459/433 407/465/439 406/464/438
f 194/461/435 783/455/429 407/465/439
f 194/461/435 284/460/434 285/466/440
f 195/456/430 285/466/440 286/23/21
f 198/467/441 280/477/449 278/468/442
f 197/469/443 373/873/446 378/470/444
f 275/471/445 369/570/539 373/472/446
f 197/473/443 278/874/442 276/474/447
f 198/467/441 378/470/444 384/475/8
f 199/476/448 790/480/451 280/477/449
f 199/476/448 384/475/8 385/478/10
f 386/479/450 453/576/543 790/480/451
f 200/481/452 239/219/213 240/222/216
f 200/481/452 772/482/453 785/218/212
f 339/266/259 788/596/562 772/482/453
f 201/483/454 235/22/20 204/484/455
f 201/483/454 234/488/459 490/486/457
f 202/487/458 796/492/463 234/488/459
f 201/483/454 205/485/456 206/489/460
f 202/487/458 206/489/460 207/490/461
f 203/491/462 509/495/466 796/492/463
f 207/490/461 208/501/472 508/493/464
f 203/491/462 508/493/464 507/494/465
f 211/496/467 212/498/469 205/485/456
f 204/484/455 236/21/19 210/497/468
f 212/498/469 213/508/479 206/489/460
f 206/489/460 213/508/479 214/499/470
f 207/490/461 214/499/470 215/500/471
f 215/500/471 216/505/476 209/502/473
f 208/501/472 209/502/473 506/503/474
f 209/502/473 504/506/477 223/504/475
f 216/505/476 217/512/483 504/506/477
f 290/353/337 292/364/347 211/496/467
f 210/497/468 237/27/24 289/354/338
f 292/364/347 294/507/478 212/498/469
f 294/507/478 296/581/548 213/508/479
f 213/508/479 296/581/548 299/509/480
f 214/499/470 299/509/480 302/510/481
f 215/500/471 302/510/481 306/511/482
f 306/511/482 310/513/484 217/512/483
f 310/513/484 314/62/59 221/208/202
f 217/512/483 221/208/202 220/207/201
f 222/514/485 223/504/475 219/212/206
f 219/212/206 223/504/475 504/506/477
f 542/446/420 502/520/491 505/515/486
f 222/514/485 505/515/486 506/503/474
f 224/516/487 225/518/489 509/495/466
f 503/517/488 799/451/425 225/518/489
f 224/516/487 502/520/491 794/519/490
f 507/494/465 505/515/486 502/520/491
f 799/451/425 490/486/457 234/488/459
f 225/518/489 234/488/459 796/492/463
f 226/145/142 489/19/17 490/486/457
f 228/521/492 792/322/314 781/453/427
f 227/256/249 231/255/248 261/522/493
f 228/521/492 261/522/493 262/523/494
f 229/315/307 262/523/494 758/524/495
f 230/258/251 263/269/261 264/525/496
f 231/255/248 264/525/496 265/526/497
f 232/527/255 267/568/262 268/528/498
f 233/84/81 458/721/685 776/186/180
f 233/84/81 777/185/179 797/529/499
f 238/267/260 240/222/216 241/224/218
f 242/83/80 797/529/499 396/264/257
f 265/526/497 270/535/505 244/530/500
f 243/531/501 262/523/494 261/522/493
f 759/532/502 758/524/495 262/523/494
f 243/531/501 244/530/500 760/533/503
f 246/534/504 761/541/511 760/533/503
f 270/535/505 245/537/507 246/534/504
f 248/536/506 249/540/510 246/534/504
f 274/538/508 247/542/512 248/536/506
f 245/537/507 270/535/505 269/539/509
f 249/540/510 762/548/518 761/541/511
f 247/542/512 277/545/515 279/543/513
f 274/538/508 273/569/538 277/545/515
f 250/544/514 251/550/520 248/536/506
f 248/536/506 251/550/520 252/546/516
f 249/540/510 252/546/516 763/547/517
f 250/544/514 254/551/521 255/549/519
f 279/543/513 253/554/524 254/551/521
f 251/550/520 255/549/519 256/552/522
f 252/546/516 256/552/522 764/553/523
f 253/554/524 257/556/526 258/555/525
f 280/477/449 790/480/451 257/556/526
f 279/543/513 278/468/442 280/477/449
f 254/551/521 258/555/525 259/557/527
f 255/549/519 259/557/527 260/558/528
f 256/552/522 260/558/528 765/559/529
f 257/556/526 408/561/531 405/560/530
f 790/480/451 281/575/542 408/561/531
f 258/555/525 405/560/530 400/562/532
f 259/557/527 400/562/532 397/563/533
f 260/558/528 397/563/533 784/564/534
f 263/269/261 268/528/498 269/539/509
f 264/525/496 269/539/509 270/535/505
f 266/271/263 271/567/537 272/565/535
f 266/271/263 797/529/499 366/566/536
f 267/568/262 272/572/535 273/569/538
f 268/528/498 273/569/538 274/538/508
f 275/471/445 276/474/447 272/565/535
f 271/567/537 366/566/536 369/570/539
f 276/571/447 277/545/515 273/569/538
f 278/468/442 279/543/513 277/545/515
f 454/573/540 455/720/684 282/574/541
f 281/575/542 790/480/451 453/576/543
f 281/575/542 282/574/541 782/462/436
f 282/574/541 455/720/684 456/577/544
f 283/463/437 456/577/544 457/578/545
f 284/460/434 457/578/545 287/579/546
f 285/466/440 287/579/546 288/28/25
f 287/579/546 755/352/336 756/356/339
f 457/578/545 754/348/333 755/352/336
f 291/363/346 293/376/359 294/507/478
f 295/383/366 296/581/548 294/507/478
f 298/580/547 299/509/480 296/581/548
f 300/389/372 301/582/549 298/580/547
f 301/582/549 302/510/481 299/509/480
f 304/394/377 305/583/550 301/582/549
f 305/583/550 306/511/482 302/510/481
f 303/393/376 307/398/381 308/584/551
f 308/584/551 309/585/552 305/583/550
f 305/583/550 309/585/552 310/513/484
f 307/398/381 311/165/159 312/170/164
f 312/170/164 313/872/812 309/585/552
f 309/585/552 313/872/812 314/62/59
f 321/586/553 322/588/555 317/587/554
f 316/109/106 317/587/554 379/200/194
f 322/588/555 323/591/558 318/589/556
f 317/587/554 318/589/556 380/590/557
f 323/591/558 324/6/6 319/7/7
f 318/589/556 319/7/7 381/592/559
f 320/108/105 329/594/561 330/593/560
f 330/593/560 331/384/367 322/588/555
f 331/384/367 332/378/361 323/591/558
f 332/378/361 333/365/348 324/6/6
f 327/330/318 795/329/320 386/479/450
f 335/396/379 336/391/374 329/594/561
f 329/594/561 336/391/374 337/385/368
f 340/595/250 779/402/252 788/596/562
f 341/597/563 491/601/567 495/598/564
f 703/600/566 702/743/707 491/601/567
f 341/597/563 463/603/569 414/602/568
f 342/599/565 343/604/570 463/603/569
f 766/238/231 767/605/571 343/604/570
f 495/598/564 813/93/90 766/238/231
f 767/605/571 768/234/227 344/606/572
f 343/604/570 344/606/572 464/607/573
f 344/606/572 768/234/227 769/230/223
f 345/608/574 465/610/576 464/607/573
f 466/609/575 467/640/605 465/610/576
f 345/608/574 769/230/223 770/226/220
f 346/79/76 347/70/67 778/611/577
f 459/612/578 458/721/685 787/80/77
f 348/74/71 482/614/580 791/613/579
f 786/75/72 486/198/192 482/614/580
f 350/228/222 353/232/225 354/615/581
f 351/85/82 354/615/581 355/65/62
f 353/232/225 357/236/229 358/616/582
f 354/615/581 358/616/582 359/72/69
f 361/617/583 362/618/584 357/236/229
f 362/618/584 363/619/585 358/616/582
f 363/619/585 364/620/586 359/72/69
f 557/97/94 558/96/93 361/617/583
f 766/238/231 813/93/90 557/97/94
f 558/96/93 559/100/97 362/618/584
f 559/100/97 560/101/98 363/619/585
f 560/101/98 561/76/73 364/620/586
f 368/621/587 369/570/539 366/566/536
f 366/566/536 797/529/499 777/185/179
f 371/622/588 372/623/589 368/621/587
f 372/623/589 373/472/446 369/570/539
f 375/624/590 376/625/591 371/622/588
f 376/625/591 377/626/592 372/623/589
f 377/626/592 378/627/444 373/472/446
f 380/590/557 381/592/559 375/624/590
f 381/592/559 382/3/3 376/625/591
f 382/3/3 383/2/2 377/626/592
f 383/2/2 384/8/8 378/627/444
f 795/329/320 750/332/321 453/576/543
f 387/69/66 388/71/68 791/613/579
f 773/628/593 774/723/687 778/611/577
f 413/629/594 392/639/604 393/630/595
f 389/631/596 410/634/599 409/632/597
f 390/633/598 411/638/603 410/634/599
f 389/631/596 393/630/595 394/635/600
f 390/633/598 394/635/600 395/636/601
f 391/637/602 546/444/418 411/638/603
f 391/637/602 395/636/601 547/401/384
f 548/404/385 549/419/397 546/444/418
f 392/639/604 464/607/573 465/610/576
f 392/639/604 414/602/568 463/603/569
f 413/629/594 412/653/618 414/602/568
f 393/630/595 465/610/576 467/640/605
f 394/635/600 467/640/605 469/641/606
f 469/641/606 788/596/562 547/401/384
f 400/562/532 401/648/613 398/642/607
f 398/642/607 432/646/611 784/564/534
f 398/642/607 401/648/613 402/643/608
f 398/642/607 399/644/609 433/645/610
f 438/647/612 434/682/647 433/645/610
f 399/644/609 402/643/608 403/457/431
f 405/560/530 406/464/438 401/648/613
f 401/648/613 406/464/438 407/465/439
f 402/643/608 407/465/439 783/455/429
f 404/458/432 439/649/614 438/647/612
f 798/141/138 440/685/650 439/649/614
f 408/561/531 782/462/436 406/464/438
f 410/634/599 637/652/617 639/650/615
f 812/651/616 412/653/618 413/629/594
f 639/650/615 698/850/795 812/651/616
f 411/638/603 632/443/417 637/652/617
f 412/653/618 701/654/619 703/600/566
f 812/651/616 698/850/795 701/654/619
f 415/655/620 416/658/623 417/656/621
f 758/524/495 759/532/502 416/658/623
f 415/655/620 474/132/129 793/316/308
f 478/657/622 475/134/131 474/132/129
f 419/659/624 420/660/625 417/656/621
f 416/658/623 759/532/502 760/533/503
f 420/660/625 421/664/629 418/661/626
f 418/661/626 479/663/628 478/657/622
f 481/662/627 480/737/701 479/663/628
f 421/664/629 422/668/633 481/662/627
f 423/665/630 424/666/631 420/660/625
f 419/659/624 760/533/503 761/541/511
f 424/666/631 425/667/632 421/664/629
f 425/667/632 576/669/634 422/668/633
f 576/669/634 577/794/751 660/670/635
f 660/670/635 617/740/704 481/662/627
f 426/671/636 427/672/637 424/666/631
f 423/665/630 761/541/511 762/548/518
f 427/672/637 428/673/638 425/667/632
f 428/673/638 578/677/642 576/669/634
f 429/674/639 430/675/640 427/672/637
f 426/671/636 762/548/518 763/547/517
f 430/675/640 580/676/641 428/673/638
f 580/676/641 581/798/755 578/677/642
f 429/674/639 431/679/644 584/678/643
f 763/547/517 764/553/523 431/679/644
f 584/678/643 585/801/758 580/676/641
f 431/679/644 589/681/646 590/680/645
f 764/553/523 765/559/529 589/681/646
f 432/646/611 433/645/610 590/680/645
f 589/681/646 765/559/529 784/564/534
f 434/682/647 591/684/649 590/680/645
f 434/682/647 438/647/612 439/649/614
f 435/683/648 592/688/653 591/684/649
f 435/683/648 439/649/614 440/685/650
f 435/683/648 436/686/651 593/687/652
f 440/685/650 620/695/659 437/689/654
f 437/689/654 594/875/657 593/687/652
f 437/690/654 620/842/659 623/691/655
f 624/692/656 595/811/765 594/693/657
f 440/685/650 798/141/138 619/694/658
f 442/696/660 728/312/304 727/311/303
f 441/697/661 446/700/664 447/698/662
f 730/699/663 445/708/672 446/700/664
f 441/697/661 727/311/303 726/308/300
f 442/696/660 447/698/662 448/701/665
f 443/313/305 448/701/665 682/702/666
f 444/703/667 596/707/671 599/704/668
f 444/703/667 729/709/673 715/706/670
f 445/708/672 730/699/663 729/709/673
f 640/705/669 641/715/679 445/708/672
f 445/708/672 641/715/679 449/710/674
f 446/700/664 449/710/674 450/711/675
f 447/698/662 450/711/675 451/712/676
f 448/701/665 451/712/676 685/713/677
f 449/710/674 644/716/680 645/714/678
f 641/715/679 643/851/796 644/716/680
f 450/711/675 645/714/678 452/717/681
f 451/712/676 452/717/681 689/718/682
f 452/717/681 650/42/39 693/719/683
f 645/714/678 649/40/37 650/42/39
f 750/332/321 751/336/325 454/573/540
f 751/336/325 752/335/324 455/720/684
f 752/335/324 753/340/328 456/577/544
f 456/577/544 753/340/328 754/348/333
f 458/721/685 459/612/578 775/722/686
f 459/612/578 778/611/577 774/723/687
f 460/724/688 500/727/691 499/725/689
f 735/726/690 708/756/720 500/727/691
f 460/724/688 461/245/238 734/728/692
f 462/248/241 499/725/689 655/729/693
f 468/730/694 469/641/606 467/640/605
f 466/609/575 770/226/220 771/216/210
f 468/730/694 772/482/453 788/596/562
f 468/730/694 771/216/210 785/218/212
f 473/731/695 608/736/700 710/732/696
f 470/129/126 710/732/696 739/733/697
f 475/134/131 476/734/698 472/128/125
f 476/734/698 477/735/699 473/731/695
f 477/735/699 610/739/703 608/736/700
f 475/134/131 478/657/622 479/663/628
f 476/734/698 479/663/628 480/737/701
f 477/735/699 480/737/701 613/738/702
f 480/737/701 481/662/627 617/740/704
f 486/198/192 487/195/189 483/741/705
f 483/741/705 773/628/593 791/613/579
f 483/741/705 484/194/188 774/723/687
f 484/194/188 485/190/184 775/722/686
f 491/601/567 692/744/708 494/742/706
f 702/743/707 688/865/808 692/744/708
f 492/745/709 517/747/711 518/172/166
f 693/719/683 516/41/38 517/747/711
f 492/745/709 690/749/713 689/718/682
f 492/745/709 493/746/710 691/748/712
f 493/746/710 518/172/166 519/91/88
f 493/746/710 494/742/706 692/744/708
f 494/742/706 519/91/88 813/93/90
f 734/728/692 810/244/237 811/209/203
f 496/210/204 731/750/714 735/726/690
f 733/202/196 732/867/810 731/750/714
f 497/158/152 532/160/154 531/751/715
f 534/752/716 498/754/718 707/161/155
f 658/753/717 499/725/689 500/727/691
f 498/754/718 534/752/716 659/755/719
f 498/754/718 500/727/691 708/756/720
f 499/725/689 658/753/717 656/757/721
f 501/246/239 655/729/693 625/758/722
f 502/520/491 542/446/420 562/447/421
f 794/519/490 562/447/421 670/449/423
f 505/515/486 507/494/465 508/493/464
f 511/421/399 544/320/312 545/131/128
f 737/759/723 738/767/729 515/760/724
f 514/762/725 736/868/727 711/763/726
f 551/294/286 552/296/288 736/765/727
f 514/761/725 515/760/724 808/766/728
f 738/767/729 539/309/301 538/300/292
f 515/760/724 538/300/292 801/303/295
f 516/41/38 520/49/46 521/176/170
f 517/747/711 521/176/170 522/171/165
f 520/49/46 523/48/45 524/174/168
f 667/768/730 674/858/801 675/769/731
f 526/44/41 651/831/782 607/770/732
f 675/769/731 678/772/734 528/771/733
f 528/771/733 531/751/715 532/160/154
f 678/772/734 680/773/735 531/751/715
f 529/50/47 532/160/154 533/153/147
f 680/773/735 659/755/719 534/752/716
f 555/774/736 743/782/741 803/775/737
f 537/293/285 551/294/286 808/766/728
f 738/767/729 713/869/811 724/776/738
f 721/275/267 720/439/413 719/298/290
f 757/777/386 550/416/389 549/419/397
f 552/296/288 716/295/287 739/778/697
f 671/779/739 807/149/144 804/780/426
f 554/781/740 742/142/139 556/144/141
f 743/782/741 741/785/742 742/783/139
f 554/784/740 804/452/426 803/775/737
f 555/774/736 740/250/243 741/785/742
f 806/253/246 672/150/145 671/779/739
f 565/786/743 566/61/58 564/787/744
f 563/167/161 574/168/162 573/788/745
f 565/786/743 573/788/745 572/789/746
f 575/790/747 704/59/56 566/61/58
f 568/152/146 746/155/149 570/791/748
f 570/791/748 572/789/746 573/788/745
f 746/155/149 747/792/749 572/789/746
f 747/792/749 744/793/750 575/790/747
f 744/793/750 745/204/198 704/59/56
f 578/677/642 579/795/752 577/794/751
f 579/795/752 662/800/757 661/796/753
f 577/794/751 661/796/753 600/797/754
f 581/798/755 582/799/756 579/795/752
f 582/799/756 583/804/761 662/800/757
f 585/801/758 586/802/759 581/798/755
f 586/802/759 587/803/760 582/799/756
f 587/803/760 588/807/764 583/804/761
f 583/804/761 588/807/764 668/805/762
f 665/806/763 663/828/780 662/800/757
f 590/680/645 591/684/649 585/801/758
f 591/684/649 592/688/653 586/802/759
f 592/688/653 593/687/652 587/803/760
f 593/687/652 594/875/657 588/807/764
f 588/807/764 594/875/657 595/808/765
f 676/809/766 669/857/800 668/810/762
f 595/811/765 624/692/656 654/812/767
f 596/707/671 616/814/769 598/813/768
f 715/706/670 714/838/789 616/814/769
f 601/815/770 602/822/774 598/813/768
f 597/817/771 618/820/773 600/797/754
f 615/819/772 614/836/787 618/820/773
f 597/816/771 598/813/768 616/814/769
f 602/822/774 603/823/775 599/704/668
f 603/823/775 642/827/779 640/705/669
f 661/796/753 604/829/776 601/818/770
f 618/820/773 617/740/704 660/670/635
f 604/824/776 605/825/777 602/822/774
f 605/825/777 606/826/778 603/823/775
f 606/826/778 646/832/783 642/827/779
f 661/796/753 662/800/757 663/828/780
f 604/824/776 663/854/780 664/830/781
f 605/825/777 664/830/781 607/770/732
f 606/826/778 607/770/732 651/831/782
f 664/830/781 666/855/799 667/768/730
f 610/739/703 611/834/785 609/833/784
f 608/736/700 609/833/784 711/763/726
f 609/833/784 712/835/786 737/764/723
f 611/834/785 612/837/788 712/835/786
f 613/738/702 614/836/787 611/834/785
f 614/836/787 615/819/772 612/837/788
f 615/821/772 616/814/769 714/838/789
f 714/838/789 713/869/811 712/840/786
f 617/740/704 618/820/773 614/836/787
f 622/841/790 623/691/655 620/842/659
f 619/843/658 628/845/134 621/844/791
f 621/844/791 629/846/792 630/252/245
f 628/845/134 627/849/133 629/846/792
f 625/758/722 626/847/793 622/841/790
f 626/847/793 653/848/794 623/691/655
f 653/848/794 654/812/767 624/692/656
f 655/729/693 656/757/721 626/847/793
f 656/757/721 657/852/797 653/848/794
f 742/783/139 741/785/742 629/846/792
f 741/785/742 740/250/243 630/252/245
f 631/442/416 636/445/419 637/652/617
f 636/445/419 638/287/279 639/650/615
f 638/287/279 697/289/281 698/850/795
f 642/827/779 643/851/796 641/715/679
f 646/832/783 647/33/30 643/851/796
f 643/851/796 647/33/30 648/36/33
f 644/716/680 648/36/33 649/40/37
f 651/831/782 652/34/31 647/33/30
f 657/852/797 679/853/798 654/812/767
f 679/853/798 677/859/802 676/809/766
f 658/753/717 659/755/719 657/852/797
f 659/755/719 680/773/735 679/853/798
f 663/854/780 665/856/763 666/855/799
f 665/856/763 668/810/762 669/857/800
f 666/855/799 669/857/800 674/858/801
f 669/857/800 676/809/766 677/859/802
f 674/858/801 677/859/802 678/772/734
f 677/859/802 679/853/798 680/773/735
f 681/281/273 682/702/666 683/860/803
f 682/702/666 685/713/677 686/861/804
f 683/860/803 686/861/804 687/862/805
f 684/863/806 695/282/274 694/279/271
f 687/862/805 688/865/808 699/864/807
f 684/863/806 699/864/807 696/284/276
f 689/718/682 690/749/713 686/861/804
f 690/749/713 691/748/712 687/862/805
f 691/748/712 692/744/708 688/865/808
f 688/865/808 702/743/707 700/866/809
f 699/864/807 700/866/809 697/289/281
f 700/866/809 701/654/619 698/850/795
f 702/743/707 703/600/566 701/654/619
f 708/756/720 735/726/690 731/750/714
f 709/162/156 731/750/714 732/867/810
f 710/732/696 711/763/726 736/868/727
f 713/869/811 738/767/729 737/759/723
f 713/869/811 714/838/789 715/706/670
f 729/709/673 725/310/302 724/776/738
f 716/295/287 717/299/291 723/870/127
f 717/299/291 719/298/290 720/439/413
f 717/299/291 718/435/410 722/871/124
f 725/310/302 729/709/673 730/699/663
f 732/867/810 733/202/196 745/204/198
f 744/793/750 747/792/749 749/163/157
f 748/157/151 749/163/157 747/792/749
